id,symbol,tf,direction,ts_ob,ts_bos,touched_at,status,low,high,entry,sl,tp2,atr,score,trend,sweep,session_label,touched_session,mfe_r,mae_r,trade_status,trade_r,trade_exit,trade_model,trade_fill_at,bias_h4,bias_d1,aligned_h4d1,s1,s2,s3,s4,s5,group,alerted,alert_events,alert_msgs,src,ob_recomputed_match,ob_price_match,broke_level_ok,fvg_ok_recomputed,virgin_ok,ob_range_atr,ob_body_ratio,ob_prox_wick,ob_dist_wick,zone_h_atr,entry_mid,risk_atr,disp1_body_atr,disp1_range_atr,disp1_body_pct,disp1_dir_ok,disp_maxbody_atr,disp_n,impulse3_atr,fvg_atr,bos_bars,bos_margin_atr,ob_to_bos_atr,piv_age,leg_gap,leg_ext_beyond_atr,opp_between,leg_len_atr,ob_before_pivot,chop10,chop20,range20_atr,sweep_leg,touch_bars,touch_after_bos,run_after_bos_atr,approach_bars,approach_speed,touch_range_atr,touch_body_atr,touch_toward,touch_big,mom3_atr,consec_toward,prev_close_dist_atr,gap_entry,touch_open_inside,touch_close_through,touch_session,touch_dow,T1_displacement,T2_fvg,T3_bos_fast,T4_bos_margin,T5_origin,T6_not_chop,T7_body,T8_size,tb_fails,hold,hold_bars,ob_i,bos_i,leg_i,touch_i,piv_i,piv_p,risk_pct,y_hold,y_life,y_trade,t_touch,cluster
XAUUSD|M5|bear|2026-10-08T06:10:00+00:00,XAUUSD,M5,bear,2026-10-08T06:10:00+00:00,2026-10-08T06:25:00+00:00,2026-10-08T06:40:00+00:00,echec,4143.2001953125,4146.10009765625,4145.10009765625,4146.287765605406,4142.724761757938,3.753358983119422,5,bear,False,London,London,2.779,3.199,pending,,,,,-1.0,-1.0,True,1,1,1,1,1,METAUX,1,reaction,1,prod,1,1,1,1,1,0.7726152379221364,0.1033844081495201,0.655160801481731,0.2414547903687489,0.7726152379221364,0,0.3164280194081039,0.5328560388161425,1.0390432573302075,0.512833354200576,1,0.5328560388161425,4,1.3056013685446306,0.1066752812083097,3,0.1066752812083097,0.7992840582242139,6,0,0.0,0,2.078216606466767,0,4,4,5.248553927255193,0,6.0,3.0,1.3588089173424338,1.0,1.3588089173424338,1.8916649561585763,1.8916649561585763,1.0,1.0,0.159882830006113,1.0,0.4263108494141843,0.0,0.0,1.0,London,3.0,0,0,1,1,1,1,0,1,3,sl,0,1234,1237,1234,1240,1231,4140.2001953125,0.0286523345920556,0.0,0.0,,2026-10-08 06:40:00+00:00,366
XAUUSD|M5|bull|2026-10-08T07:00:00+00:00,XAUUSD,M5,bull,2026-10-08T07:00:00+00:00,2026-10-08T07:20:00+00:00,2026-10-08T07:30:00+00:00,echec,4142.7001953125,4145.89990234375,4145.7001953125,4142.506217606042,4152.088150725416,3.879554129161858,5,bull,False,London,London,1.19,1.033,pending,,,,,-1.0,-1.0,False,1,1,1,1,1,METAUX,1,"contact,sl",2,prod,1,1,1,1,1,0.8247615382392582,0.4063787578208454,0.0624141614527697,0.5312070807263849,0.8247615382392582,0,0.8232847384315602,1.0310463179087448,1.288807897385931,0.8,1,1.0310463179087448,4,1.288807897385931,0.4124436991927437,4,0.5413244889313368,1.1857284376243022,6,0,0.0,0,2.989933633818376,0,5,9,5.181032919520688,0,6.0,2.0,2.165172095579118,2.0,1.082586047789559,1.67545026660171,1.3402846971936306,1.0,1.0,-0.1288807897385931,1.0,0.8506887283624518,0.0,0.0,0.0,London,3.0,1,1,1,1,1,1,1,1,0,sl,3,1244,1248,1244,1250,1242,4150.5,0.0770431424363367,0.0,0.0,,2026-10-08 07:30:00+00:00,370
XAUUSD|H1|bull|2026-09-17T09:00:00+00:00,XAUUSD,H1,bull,2026-09-17T09:00:00+00:00,2026-09-17T11:00:00+00:00,2026-09-22T05:00:00+00:00,reaction,4343.89990234375,4358.5,4351.2998046875,4342.753179679078,4368.393054704344,22.934453293444303,5,bull,False,London,,3.85,0.0,closed,-1.0,sl,h1,2026-09-22T07:00:00+00:00,-1.0,-1.0,False,1,1,1,1,1,METAUX,1,sl,1,prod,1,1,1,1,1,0.6366010765307131,0.4246346276044279,0.4931607638540517,0.0822046085415203,0.6366010765307131,0,0.3726544033584999,0.802303433596983,0.9113097381298498,0.8803850107466592,1,1.1380300773819003,3,2.8254348973743664,0.1918468379190747,2,0.6802035983438598,0.6932758387702621,4,1,0.0043645102400854,0,2.1670538502309338,0,4,5,6.0956453236542245,0,65.0,63.0,3.544876507291287,44.0,0.080565375165711,1.373479437114122,0.8415414451700443,1.0,0.0,0.2790518815453682,0.0,0.9156529580760812,0.0,0.0,0.0,off,1.0,1,0,1,1,1,1,1,1,1,sl,0,513,515,514,578,511,4374.39990234375,0.196415448074042,0.0,1.0,0.0,2026-09-22 05:00:00+00:00,140
XAUUSD|H1|bear|2026-09-11T13:00:00+00:00,XAUUSD,H1,bear,2026-09-11T13:00:00+00:00,2026-09-14T09:00:00+00:00,2026-09-17T12:00:00+00:00,reaction,4421.89990234375,4444.89990234375,4433.39990234375,4445.945474440198,4408.3087581508535,20.91144192896333,5,bear,False,NY,,3.954,0.0,closed,-0.008,time,h1,2026-09-18T06:00:00+00:00,1.0,-1.0,False,1,1,1,1,1,METAUX,0,,0,prod,1,1,1,1,1,1.0998763298165448,0.5826044497282609,0.3739172894021739,0.0434782608695652,1.0998763298165448,1,0.5999381649082772,1.4920154917335593,1.8458840756833244,0.8082931704046652,1,1.4920154917335593,5,1.3676769757630876,0.1530122620008453,19,0.3729921979553644,4.251256448299696,20,0,0.0,6,6.101927264973432,0,1,1,5.3511327781162406,0,91.0,72.0,7.10616217480593,16.0,0.4441351359253706,1.888918044684936,1.138123557827743,1.0,1.0,1.8793445627041103,2.0,1.5254759787543457,0.0,0.0,0.0,off,3.0,1,0,0,1,1,1,1,1,2,tp,6,425,444,425,516,424,4333.0,0.2829785801595736,1.0,1.0,0.0,2026-09-17 12:00:00+00:00,124
XAUUSD|H1|bull|2026-09-29T17:00:00+00:00,XAUUSD,H1,bull,2026-09-29T17:00:00+00:00,2026-09-29T19:00:00+00:00,2026-09-30T17:00:00+00:00,reaction,4174.39990234375,4181.2001953125,4177.7998046875,4173.62629743893,4186.14681918464,15.472098096393704,4,bull,False,,,2.947,0.0,closed,-1.0,sl,m15,2026-10-01T00:15:00+00:00,-1.0,-1.0,False,1,1,1,1,0,METAUX,0,,0,prod,1,1,1,1,1,0.4395197681906527,0.2058591225676743,0.5000359014863215,0.2941049759460041,0.4395197681906527,0,0.2697441046823929,1.758015955110828,2.10055545133696,0.8369290865384615,1,1.758015955110828,3,2.384932031445093,1.2409245928789154,2,0.1744887483539972,1.680444361069568,5,0,0.0,0,2.3073919962297254,0,7,9,4.071845951822415,0,23.0,21.0,4.51780372049493,5.0,0.903560744098986,0.7691201458012779,0.420111090267392,1.0,0.0,1.2603332708021762,0.0,0.5105902440982674,0.0,0.0,0.0,off,2.0,1,1,1,1,1,0,0,1,2,sl,0,706,708,706,729,703,4207.2001953125,0.0998972531878428,0.0,1.0,0.0,2026-09-30 17:00:00+00:00,198
XAUUSD|M15|bear|2026-10-05T03:45:00+00:00,XAUUSD,M15,bear,2026-10-05T03:45:00+00:00,2026-10-05T04:00:00+00:00,2026-10-05T06:00:00+00:00,echec,4171.10009765625,4174.39990234375,4171.39990234375,4174.760811126091,4164.678084779069,7.218175646805227,4,bear,False,,London,2.886,3.005,closed,-1.0,sl,m15,2026-10-05T06:00:00+00:00,-1.0,-1.0,True,1,1,1,1,0,METAUX,0,,0,prod,1,1,1,1,1,0.4571521737574365,0.1818585380290026,0.0908552826279964,0.7272861793430009,0.4571521737574365,0,0.4656174838067528,1.1775828707856548,1.205250115394532,0.9770443958017624,1,1.2053177614693704,2,2.6045768195002337,1.0667786002004698,1,0.1800738512196354,0.9836415742241618,4,0,0.0,0,1.6347350445430917,0,4,10,3.740557354260316,0,9.0,8.0,2.6045768195002337,7.0,0.3720824027857476,2.743048334694296,2.3967004315220444,1.0,1.0,-0.5541566450756022,0.0,1.2053177614693704,0.0,0.0,1.0,London,0.0,1,1,1,1,1,1,0,1,1,sl,0,658,659,658,667,655,4164.0,0.0805702848209845,0.0,0.0,0.0,2026-10-05 06:00:00+00:00,267
XAUUSD|M30|bull|2026-09-29T17:30:00+00:00,XAUUSD,M30,bull,2026-09-29T17:30:00+00:00,2026-09-29T19:30:00+00:00,2026-09-30T17:30:00+00:00,echec,4174.39990234375,4181.2001953125,4180.39990234375,4173.834558971436,4193.530589088377,11.30686744628079,4,bull,False,,,1.813,1.386,closed,0.5179,time,m15,2026-09-30T17:45:00+00:00,-1.0,-1.0,False,1,1,1,1,0,METAUX,0,,0,prod,1,1,1,1,1,0.6014303255130885,0.5882099518920083,0.1176850721619875,0.2941049759460041,0.6014303255130885,0,0.5806509542546423,1.9810882589870709,2.352561200759426,0.8420985002845237,1,1.9810882589870709,2,2.458665480919235,1.04359626957344,4,0.2387670187234771,2.299487468436917,11,0,0.0,0,3.1573904516093885,0,3,10,3.3607893769462627,0,46.0,42.0,6.182074980169899,10.0,0.6182074980169899,0.7871236119140564,0.3714297572871454,1.0,0.0,0.1150002841129715,2.0,0.5040924958508137,0.0,0.0,0.0,off,2.0,1,1,1,1,1,1,1,1,0,sl,11,572,576,572,618,565,4207.2001953125,0.1570506058196207,0.0,0.0,1.0,2026-09-30 17:30:00+00:00,198
XAUUSD|M15|bear|2026-10-07T02:30:00+00:00,XAUUSD,M15,bear,2026-10-07T02:30:00+00:00,2026-10-07T03:00:00+00:00,2026-10-07T03:30:00+00:00,reaction,4171.2998046875,4175.10009765625,4173.39990234375,4175.372437771852,4169.4548314875465,5.446802312044353,4,bear,False,,,2.383,0.0,closed,2.0,tp,m15,2026-10-07T03:45:00+00:00,-1.0,-1.0,True,1,1,1,1,0,METAUX,0,,0,prod,1,1,1,1,1,0.6977108312424933,0.1579082615957857,0.5526146730052679,0.2894770653989464,0.6977108312424933,0,0.362145588383106,0.9547244446527756,1.3402896875120798,0.7123269346532004,1,0.9547244446527756,2,1.3034453920423812,0.3304332678863973,2,0.1652166339431986,0.8261728152037542,4,1,0.1101743044580527,0,2.0195335482758434,0,3,3,5.691412726959195,0,4.0,2.0,1.3034453920423812,1.0,1.3034453920423812,0.8261728152037542,0.6058242062876487,1.0,0.0,-0.9547244446527756,1.0,0.458984897335419,0.0,0.0,0.0,off,2.0,0,1,1,1,0,1,0,1,3,tp,1,838,840,839,842,836,4166.7998046875,0.0472644719954587,1.0,1.0,1.0,2026-10-07 03:30:00+00:00,324
XAUUSD|M15|bull|2026-10-06T10:00:00+00:00,XAUUSD,M15,bull,2026-10-06T10:00:00+00:00,2026-10-06T10:30:00+00:00,2026-10-06T13:45:00+00:00,reaction,4178.10009765625,4181.2001953125,4179.89990234375,4177.773707538515,4184.15229195422,6.527802354710734,4,bull,False,,NY,2.869,0.282,closed,2.0,tp,m15,2026-10-06T13:45:00+00:00,-1.0,-1.0,False,1,1,1,1,0,METAUX,0,,0,prod,1,1,1,1,1,0.4749067891145387,0.1935737911482123,0.4194361316742794,0.3869900771775083,0.4749067891145387,0,0.3257137225824281,0.3982365325635225,0.9650728292889872,0.412649201674159,1,0.9038114242984676,2,1.1489318445108387,0.0918547073606321,2,0.3063818252028903,0.7199524090766161,4,1,0.2910477738926871,0,1.9148864075180645,0,6,6,7.016113877046071,0,15.0,13.0,4.105486537618613,7.0,0.586498076802659,1.0264090345298,0.919145475608671,1.0,0.0,1.8688842535874548,2.0,0.6893591067065032,0.0,0.0,0.0,NY,1.0,0,0,1,1,0,0,0,1,5,tp,1,776,778,777,791,774,4185.89990234375,0.0508671225366658,1.0,1.0,1.0,2026-10-06 13:45:00+00:00,297
XAUUSD|H1|bull|2026-09-30T05:00:00+00:00,XAUUSD,H1,bull,2026-09-30T05:00:00+00:00,2026-09-30T06:00:00+00:00,2026-09-30T09:00:00+00:00,reaction,4197.60009765625,4214.7998046875,4206.199951171875,4196.878154777374,4224.843543960877,14.438857577509358,4,range,False,London,London,2.231,0.0,closed,-1.0,sl,m15,2026-09-30T14:00:00+00:00,-1.0,-1.0,False,1,0,1,1,1,METAUX,0,,0,prod,1,1,1,1,1,1.191209688087863,0.0465010645848119,0.2209226401703335,0.7325762952448545,1.191209688087863,1,0.6456048440439531,0.8865170184023656,1.2951298405788212,0.6845004961094574,1,0.8865170184023656,2,1.329758619020325,0.4709716771043199,1,0.2008401515274327,0.3393890824598948,7,0,0.0,0,2.036165408927135,0,10,12,3.4975066225918847,1,4.0,3.0,1.329758619020325,1.0,1.329758619020325,0.8795844992807755,0.2839627466536206,1.0,0.0,-0.9141794605558324,1.0,0.5956217526271549,0.0,0.0,0.0,London,2.0,0,1,1,1,1,0,0,1,3,sl,0,717,718,717,721,711,4219.7001953125,0.2216203818818376,0.0,1.0,0.0,2026-09-30 09:00:00+00:00,190
XAUUSD|M30|bear|2026-09-30T20:30:00+00:00,XAUUSD,M30,bear,2026-09-30T20:30:00+00:00,2026-10-01T00:00:00+00:00,2026-10-01T01:00:00+00:00,echec,4188.2998046875,4192.2998046875,4189.0,4192.7357022428505,4181.528595514299,8.717951107008625,4,bear,False,,,3.694,1.499,closed,-1.0,sl,m15,2026-10-01T01:00:00+00:00,-1.0,-1.0,True,1,1,1,1,0,METAUX,0,,0,prod,1,1,1,1,1,0.4588234036761549,0.0250244140625,0.175048828125,0.7999267578125,0.4588234036761549,0,0.4285069045463273,0.4359158387221086,0.8029409564332711,0.5428989955357143,1,0.4359158387221086,2,0.7455880309737517,0.137613415873085,5,0.4588234036761549,1.1584842873092758,11,0,0.0,2,2.4088228692998133,0,6,7,8.36204533025467,0,7.0,2.0,2.1679293806265783,1.0,2.1679293806265783,2.2252823060860973,1.5714925610773385,1.0,1.0,-1.0553162319416638,1.0,1.4911760619475034,0.0,0.0,0.0,off,3.0,0,0,1,1,1,0,0,1,4,sl,0,624,629,624,631,618,4178.2001953125,0.0891788551647289,0.0,0.0,0.0,2026-10-01 01:00:00+00:00,202
XAUUSD|D|bull|2026-01-16T05:00:00+00:00,XAUUSD,D,bull,2026-01-16T05:00:00+00:00,2026-01-20T05:00:00+00:00,2026-02-02T05:00:00+00:00,echec,4539.10009765625,4625.5,4621.60009765625,4534.482730862241,4795.834831244269,92.3473358801881,4,bull,False,,,3.26,2.277,,,,,,,1.0,,1,1,1,1,0,METAUX,0,,0,prod,1,1,1,1,1,0.9355971292539036,0.3032433440521738,0.0451378096266113,0.6516188463212148,0.9355971292539036,0,0.9433663241464356,1.4304647569518054,1.6167202146600343,0.8847942544298582,1,1.4304647569518054,7,3.452181935179077,1.4250557030360749,1,1.2485450022845332,0.2707170679231627,3,0,0.0,0,2.5165848059251736,0,4,7,3.96546572591558,0,10.0,9.0,10.40311760112839,2.0,5.201558800564195,5.223755485156801,1.7694056984572448,1.0,1.0,3.654680416962696,2.0,1.295111510432957,0.0,0.0,0.0,off,0.0,1,1,1,1,1,1,1,1,0,sl,0,619,620,619,629,617,4650.5,1.8850044346802977,0.0,0.0,,2026-02-02 05:00:00+00:00,41
XAUUSD|M5|bull|2026-10-06T09:10:00+00:00,XAUUSD,M5,bull,2026-10-06T09:10:00+00:00,2026-10-06T09:30:00+00:00,2026-10-06T09:35:00+00:00,echec,4177.2001953125,4182.10009765625,4179.650146484375,4177.010911342076,4184.928616768973,3.785679408482143,4,range,False,London,,1.762,1.307,closed,-1.0,sl,m15,2026-10-06T09:45:00+00:00,-1.0,-1.0,False,1,0,1,1,1,METAUX,0,,0,prod,1,1,1,1,1,1.2943257510848236,0.4694569008470354,0.510214250124564,0.0203288490284005,1.2943257510848236,1,0.6971628755424324,1.452843573514644,1.6113613959444644,0.9016249099495718,1,1.452843573514644,4,0.7924601310079876,0.0791944206443529,4,0.0264411339284891,0.5810600407211889,6,0,0.0,0,2.298056991238495,0,8,8,6.418875468708254,0,5.0,1.0,1.0037312401536718,1.0,1.0037312401536718,0.607501174649678,0.4225422182913684,1.0,0.0,-0.3433477976470154,0.0,0.607501174649678,0.0,0.0,0.0,off,1.0,1,0,1,0,1,0,1,1,3,sl,5,718,722,718,723,716,4184.2998046875,0.0631448817437297,0.0,0.0,0.0,2026-10-06 09:35:00+00:00,297
XAUUSD|H4|bull|2026-09-17T20:00:00+00:00,XAUUSD,H4,bull,2026-09-17T20:00:00+00:00,2026-09-18T04:00:00+00:00,2026-09-18T12:00:00+00:00,reaction,4378.2998046875,4388.5,4385.60009765625,4376.307291488479,4404.1857099917925,39.85026398042818,4,bull,False,,,3.906,0.495,closed,0.2152,time,h1,2026-09-18T13:00:00+00:00,1.0,1.0,True,1,1,1,1,0,METAUX,0,,0,prod,1,1,1,1,1,0.2559630550379707,0.0588319770224988,0.2842987075155577,0.6568693154619435,0.2559630550379707,0,0.2331930893189376,0.3061509283474742,0.8130410970342051,0.3765503729937458,1,0.8958461868353831,2,1.2873140492292618,0.0828050898011778,2,0.2509393665475175,0.873264094425858,4,1,0.1530632112749799,0,1.6963403155422123,0,7,8,3.764090498212762,0,4.0,2.0,1.2873140492292618,2.0,0.6436570246146309,1.026339558599595,0.6499305087783188,1.0,0.0,-0.8983580310806096,1.0,0.8105292527889786,0.0,0.0,0.0,off,4.0,0,0,1,1,0,0,0,1,5,tp,1,719,721,720,723,717,4423.2998046875,0.2118936054552144,1.0,1.0,1.0,2026-09-18 12:00:00+00:00,128
XAUUSD|H4|bull|2026-08-20T08:00:00+00:00,XAUUSD,H4,bull,2026-08-20T08:00:00+00:00,2026-08-20T16:00:00+00:00,2026-08-28T16:00:00+00:00,echec,4521.2001953125,4555.89990234375,4547.89990234375,4519.220501702724,4605.258703625803,39.59387219553573,4,bull,False,,,1.151,1.845,closed,-1.0,sl,h1,2026-08-28T16:00:00+00:00,-1.0,1.0,False,1,1,1,1,0,METAUX,0,,0,prod,1,1,1,1,1,0.8763908430042983,0.7146978118623795,0.2305494969394216,0.0547526911981988,0.8763908430042983,0,0.724339375027332,1.3638474088444572,2.3008635580361774,0.5927545786367803,1,1.3638474088444572,2,1.0405699929784942,0.0833536298862457,2,0.0277845432954152,0.7046520281210525,5,1,0.383902722053385,0,2.0710275467638053,0,4,4,5.197769080810042,0,39.0,37.0,5.028558375725092,22.0,0.2285708352602314,2.169525170953988,1.7174374778041317,1.0,1.0,1.4067759464438094,2.0,0.5000847825887188,0.0,0.0,1.0,off,4.0,1,0,1,0,0,1,1,1,3,sl,0,600,602,601,639,597,4583.7998046875,0.6306075607830889,0.0,0.0,0.0,2026-08-28 16:00:00+00:00,94
XAUUSD|W|bull|2024-09-02T04:00:00+00:00,XAUUSD,W,bull,2024-09-02T04:00:00+00:00,2024-09-09T04:00:00+00:00,2024-11-11T05:00:00+00:00,reaction,2502.699951171875,2559.800048828125,2536.0,2498.774060656317,2610.451878687365,78.51781031114726,4,bull,False,,,4.228,0.0,,,,,,,1.0,,1,1,1,1,0,METAUX,0,,0,prod,1,1,1,1,1,0.7272247841601288,0.1996476855850386,0.4168127517295046,0.3835395626854567,0.7272247841601288,0,0.4741082207484523,1.0723675410484677,1.2786926442104447,0.8386437084031427,1,1.0723675410484677,3,1.8963837854582977,0.1617461200401302,1,0.5132599682597562,0.1349993520402609,3,0,0.0,0,1.4251562294075897,0,4,4,3.632296291015961,0,10.0,9.0,3.082103271105142,2.0,1.541051635552571,1.9345916772488572,1.5537875994827577,1.0,1.0,0.4483053084693273,1.0,1.7193551305751824,0.0,0.0,0.0,off,0.0,1,0,1,1,1,1,0,1,2,open,0,690,691,690,700,688,2570.39990234375,1.4678998163912664,,1.0,,2024-11-11 05:00:00+00:00,21
XAUUSD|W|bear|2022-08-08T04:00:00+00:00,XAUUSD,W,bear,2022-08-08T04:00:00+00:00,2022-09-19T04:00:00+00:00,2022-11-14T05:00:00+00:00,echec,1786.9000244140625,1824.5999755859373,1790.300048828125,1827.4456180253887,1716.0089104335966,56.91284878903533,4,bear,False,,,1.919,1.255,,,,,,,,,1,1,1,1,0,METAUX,0,,0,prod,1,1,1,1,1,0.6624154645925608,0.6684345838271197,0.0901864407877269,0.2413789753851533,0.6624154645925608,0,0.652674571518208,0.9839605852024896,1.0507301971439165,0.9364540848612524,1,0.9839605852024896,3,1.5427104897451611,0.1423224413868739,6,0.400613381920843,1.9064236338298235,9,0,0.0,1,3.127589002965056,0,5,7,5.703456820254516,0,14.0,8.0,2.962423761476152,2.0,1.481211880738076,0.7485145896344099,0.2635608710363811,0.0,0.0,1.9872485386415415,2.0,0.307487682875778,0.0,0.0,0.0,off,0.0,0,0,1,1,1,1,1,1,2,sl,4,582,588,582,596,579,1678.4000244140625,2.074823671125884,0.0,0.0,,2022-11-14 05:00:00+00:00,4
AUDUSD|H1|bull|2026-10-05T13:00:00+00:00,AUDUSD,H1,bull,2026-10-05T13:00:00+00:00,2026-10-05T14:00:00+00:00,2026-10-07T10:00:00+00:00,reaction,0.6954103112220764,0.6962818503379822,0.6958460807800293,0.6953693849662654,0.696799472407557,0.0008185251162186,5,bull,False,NY,,2.645,0.0,closed,-1.0,sl,m15,2026-10-07T11:00:00+00:00,-1.0,-1.0,False,1,1,1,1,1,FOREX,1,reaction,1,prod,1,1,1,1,1,1.0647677128491406,0.7778005744768157,0.1112706880043769,0.1109287375188072,1.0647677128491406,1,0.5823838564246255,1.5401338480891344,1.599481795426848,0.9628955155929888,1,1.5401338480891344,1,1.4833345856064146,0.8299974279205652,1,0.1779710224458555,0.6520264054747097,5,0,0.0,0,1.95411308810742,0,6,14,4.014761203153581,0,45.0,44.0,3.568668533962374,21.0,0.1699365968553511,1.4817325551261329,1.1855753749758486,1.0,0.0,0.4751476765381372,1.0,0.889345375258279,0.0,0.0,0.0,off,2.0,1,1,1,1,1,0,1,1,1,sl,0,794,795,794,839,790,0.696815550327301,0.0685059278094222,0.0,1.0,0.0,2026-10-07 10:00:00+00:00,336
BNB|M15|bull|2026-10-07T07:00:00+00:00,BNB,M15,bull,2026-10-07T07:00:00+00:00,2026-10-07T07:30:00+00:00,2026-10-07T10:00:00+00:00,echec,767.67,768.62,768.6,767.583800938736,770.6323981225281,1.7239812252802706,5,bull,False,London,,1.742,2.253,closed,-1.0,sl,m15,2026-10-07T10:00:00+00:00,-1.0,1.0,False,1,1,1,1,1,CRYPTO,1,sl,1,prod,1,1,1,1,1,0.5510500845771115,0.1684210526315373,0.0210526315789272,0.8105263157895354,0.5510500845771115,0,0.5894490301649551,0.3306300507462141,0.3944358500130424,0.8382352941176151,1,2.7958541133279766,3,4.002363772191448,0.1160105441215179,2,2.221601919926588,0.8004727544382895,7,0,0.0,0,3.5731247589419888,0,5,10,6.908427902434807,0,12.0,10.0,4.106773261900827,7.0,0.5866818945572609,2.355014045666314,0.4930448125163525,1.0,1.0,0.7192653735531873,2.0,0.6206564110500091,0.0,0.0,0.0,off,2.0,1,0,1,1,1,1,0,1,2,sl,0,859,861,859,871,854,770.0,0.1322142936851478,0.0,0.0,0.0,2026-10-07 10:00:00+00:00,335
AVAX|M15|bear|2026-10-05T14:00:00+00:00,AVAX,M15,bear,2026-10-05T14:00:00+00:00,2026-10-05T14:30:00+00:00,2026-10-05T20:15:00+00:00,echec,10.968,11.052,11.01,11.054816126322356,10.920367747355288,0.0563225264471352,5,bear,True,NY,,1.763,1.339,closed,-1.0,sl,m15,2026-10-05T21:45:00+00:00,-1.0,1.0,False,1,1,1,1,1,CRYPTO,0,,0,prod,1,1,1,1,1,1.4914103698604966,0.3571428571428511,0.4523809523809574,0.1904761904761915,1.4914103698604966,1,0.7957051849302397,1.5979396819933935,1.810998306259188,0.8823529411764665,1,1.5979396819933935,3,2.095076471946903,0.4083623631760846,2,0.2663232803322428,1.083048006684412,7,0,0.0,0,3.5864868418074,0,8,18,2.5744583765449085,0,25.0,23.0,3.1248598225648663,17.0,0.1838152836802862,0.6924405288638312,0.4261172485315884,1.0,0.0,0.603666102086375,2.0,0.6569307581528551,0.0,0.0,0.0,off,0.0,1,1,1,1,1,0,1,1,1,sl,1,695,697,695,720,690,10.907,0.4070492853983297,0.0,0.0,0.0,2026-10-05 20:15:00+00:00,282
GBPUSD|M5|bull|2026-10-07T14:05:00+00:00,GBPUSD,M5,bull,2026-10-07T14:05:00+00:00,2026-10-07T14:20:00+00:00,2026-10-08T05:50:00+00:00,echec,1.32000994682312,1.3201494216918943,1.3201494216918943,1.3199892637303727,1.320469737614938,0.0004136618549459,5,bull,False,NY,,0.762,1.523,closed,-1.0,sl,m15,2026-10-08T06:00:00+00:00,-1.0,-1.0,False,1,1,1,1,1,FOREX,1,"contact,sl",2,prod,1,1,1,1,1,0.3371712114781177,0.8743589743589744,0.0,0.1256410256410256,0.3371712114781177,0,0.3871712114783323,0.3371712114781177,0.5054686366945457,0.6670467502850627,1,1.053876171261091,3,2.7832474875689406,0.5478311735212835,3,0.5486957150891761,2.2345517724797643,4,0,0.0,0,3.1204186990470584,0,3,5,3.918678746734568,0,189.0,186.0,7.516900752303608,106.0,0.0709141580406,0.8847142044767703,0.8847142044767703,1.0,0.0,0.6746306034788662,2.0,0.7164167792603423,0.0,0.0,1.0,off,3.0,1,1,1,1,1,1,1,1,0,sl,0,1063,1066,1063,1252,1062,1.3210737705230713,0.0121318056039855,0.0,0.0,0.0,2026-10-08 05:50:00+00:00,365
NZDJPY|M15|bear|2026-10-01T14:00:00+00:00,NZDJPY,M15,bear,2026-10-01T14:00:00+00:00,2026-10-01T14:30:00+00:00,2026-10-01T20:00:00+00:00,reaction,88.6780014038086,88.73500061035156,88.69200134277344,88.74006459904997,88.59587483022037,0.1012797739683308,5,bear,False,NY,,2.746,0.0,closed,-1.0,sl,m15,2026-10-01T21:00:00+00:00,-1.0,-1.0,True,1,1,1,1,1,FOREX,0,,0,prod,1,1,1,1,1,0.562789630245342,0.2280819167447463,0.2456163833489492,0.5263016999063044,0.562789630245342,0,0.4745592766781247,0.6319424719753948,1.036765316700126,0.6095328053476713,1,1.65876424280584,6,3.445890623202105,0.355481764841088,2,0.9873489069235308,1.0466335326768548,4,0,0.0,0,4.008680253447447,0,8,14,2.9225738568636777,0,24.0,22.0,5.608235200392915,18.0,0.3115686222440508,0.5825260621987993,0.0790210577067813,0.0,0.0,0.681283551859038,3.0,0.4245592766781886,0.0,0.0,0.0,off,3.0,1,1,1,1,1,0,0,1,2,sl,0,508,510,508,532,506,88.5719985961914,0.0541911959916002,0.0,1.0,0.0,2026-10-01 20:00:00+00:00,218
NZDCHF|H1|bull|2026-09-24T06:00:00+00:00,NZDCHF,H1,bull,2026-09-24T06:00:00+00:00,2026-09-24T07:00:00+00:00,2026-09-24T12:00:00+00:00,reaction,0.4674699902534485,0.4680100083351135,0.4678699970245361,0.4674146007613396,0.468780789550929,0.0011077898421766,5,bull,False,London,,3.491,0.285,closed,2.0,tp,m15,2026-09-24T12:30:00+00:00,-1.0,-1.0,False,1,1,1,1,1,FOREX,0,,0,prod,1,1,1,1,1,0.4874734007345521,0.3147902869757174,0.2592715231788079,0.4259381898454746,0.4874734007345521,0,0.4110854296169359,1.9498397979270896,2.789359386410668,0.6990278152849041,1,1.9498397979270896,1,2.0039945416179648,0.8033895235174353,1,0.7131316173659772,0.929777494635036,6,1,0.2978914440581509,0,2.789359386410668,0,9,16,5.723104520158109,1,6.0,5.0,2.0039945416179648,5.0,0.4007989083235929,1.552651205849555,0.2617882815975677,0.0,1.0,0.4603825776363349,0.0,0.9658806570956192,0.0,0.0,0.0,off,3.0,1,1,1,1,0,0,1,1,2,tp,0,621,622,622,627,616,0.4690400063991546,0.0973339316674711,1.0,1.0,1.0,2026-09-24 12:00:00+00:00,151
NZDCAD|H4|bull|2026-09-21T20:00:00+00:00,NZDCAD,H4,bull,2026-09-21T20:00:00+00:00,2026-09-22T00:00:00+00:00,2026-09-22T08:00:00+00:00,reaction,0.8004599809646606,0.8026300072669983,0.8020899891853333,0.800343389913998,0.8055831877280037,0.0023318210132521,5,bull,True,London,London,2.588,0.0,closed,0.395,time,h1,2026-09-23T03:00:00+00:00,1.0,-1.0,False,1,1,1,1,1,FOREX,0,,0,prod,1,1,1,1,1,0.9306144382459176,0.4193424341472794,0.2488532425083088,0.3318043233444118,0.9306144382459176,0,0.7490280177633873,1.4623685558285209,2.6846131785430205,0.5447222592500904,1,1.4623685558285209,1,1.7068123680884075,0.2358551767982828,1,0.2873358667377801,0.5532001448215494,16,1,0.7547774640186079,0,2.6846131785430205,0,9,19,2.6717302253506143,1,3.0,2.0,1.3637270550953924,1.0,1.3637270550953924,1.8826493423157176,0.4374324959953413,0.0,1.0,-0.8147956665895809,1.0,0.574646172060496,0.0,0.0,0.0,London,1.0,1,0,1,1,0,0,1,1,3,sl,3,732,733,733,735,717,0.8039199709892273,0.2177560242472585,0.0,1.0,1.0,2026-09-22 08:00:00+00:00,141
XAGUSD|M15|bull|2026-10-07T15:15:00+00:00,XAGUSD,M15,bull,2026-10-07T15:15:00+00:00,2026-10-07T17:00:00+00:00,2026-10-07T16:00:00+00:00,reaction,59.82500076293945,60.09000015258789,59.95750045776367,59.81187138233247,60.24875860862608,0.2625876121396129,5,bull,False,NY,,2.352,0.0,closed,-0.4292,time,m15,2026-10-07T19:00:00+00:00,-1.0,-1.0,False,1,1,1,1,1,METAUX,0,,0,prod,1,1,1,1,1,1.0091846583666797,0.11320320147406,0.2830223988023262,0.6037743997236138,1.0091846583666797,1,0.5545923291833504,1.0282154625133422,1.4280947868958094,0.7199910481770834,1,1.0282154625133422,1,0.9901393268886076,0.0761667985808789,7,0.0952121300589511,0.9901393268886076,6,1,0.0,3,2.075505311167576,1,10,11,5.06498315064288,0,,,,,,,,,,,,,,,,,,1,0,1,0,1,0,0,1,4,tp,19,889,896,890,892,890,60.34999847412109,0.2428871689435899,1.0,1.0,0.0,2026-10-07 16:00:00+00:00,345
EURNZD|H1|bull|2026-09-24T12:00:00+00:00,EURNZD,H1,bull,2026-09-24T12:00:00+00:00,2026-09-24T14:00:00+00:00,2026-09-24T21:00:00+00:00,reaction,2.003350019454956,2.005549907684326,2.0050199031829834,2.0032134858603325,2.008632737828285,0.0027306718924704,5,bull,False,NY,,2.967,0.0,unfilled,,,m15,,1.0,1.0,True,1,1,1,1,1,FOREX,0,,0,prod,1,1,1,1,1,0.805621589117345,0.2318196596943752,0.2409233770456269,0.5272569632599978,0.805621589117345,0,0.6615285152463256,0.3222660979117937,0.9667982937353812,0.3333333333333333,1,1.4538208605606278,3,2.127689661341777,0.0330036805772576,2,0.7727052198643659,0.7141193212735196,6,0,0.0,0,2.658717135603368,0,10,16,3.1970787611043487,0,9.0,7.0,2.127689661341777,6.0,0.3546149435569629,1.8456740839223535,0.1500881664346717,1.0,1.0,0.1061705703226066,1.0,1.2634821736335862,0.0,0.0,0.0,off,3.0,1,0,1,1,1,0,0,1,3,sl,4,627,629,627,636,623,2.007499933242798,0.0900947327147802,0.0,1.0,,2026-09-24 21:00:00+00:00,158
GBPJPY|H1|bull|2026-09-30T13:00:00+00:00,GBPJPY,H1,bull,2026-09-30T13:00:00+00:00,2026-09-30T23:00:00+00:00,2026-09-30T21:00:00+00:00,reaction,208.2050018310547,208.5489959716797,208.3769989013672,208.19110305601703,208.74879059206745,0.2779755007528399,5,bull,False,NY,,2.625,0.0,closed,-1.0,sl,m15,2026-10-01T14:30:00+00:00,-1.0,-1.0,False,1,1,1,1,1,FOREX,0,,0,prod,1,1,1,1,1,1.2374980517828442,0.5319819020581973,0.3255855216465578,0.1424325762952448,1.2374980517828442,1,0.6687490258913847,1.7411922552586865,1.8598699871587263,0.9361903075379258,1,1.7411922552586865,1,0.7374816503594088,0.1043507716660391,10,0.6079351900059883,0.9749468992953824,12,0,0.0,4,2.84914384668811,0,5,7,7.007859686872641,0,,,,,,,,,,,,,,,,,,1,0,1,1,1,1,1,1,1,sl,0,723,733,723,731,721,208.82000732421875,0.0892113075484512,0.0,1.0,0.0,2026-09-30 21:00:00+00:00,199
TON|M15|bear|2026-06-25T13:15:00+00:00,TON,M15,bear,2026-06-25T13:15:00+00:00,2026-06-25T13:30:00+00:00,2026-06-25T17:00:00+00:00,reaction,1.572,1.585,1.5785,1.5855999134090584,1.5643001731818833,0.0119982681811679,5,bear,False,NY,,4.014,0.211,closed,2.0,tp,m15,2026-06-25T17:00:00+00:00,-1.0,-1.0,True,1,1,1,1,1,CRYPTO,0,,0,prod,1,1,1,1,1,1.083489700655651,0.6923076923077067,0.076923076923069,0.2307692307692242,1.083489700655651,1,0.5917448503278261,1.5835618701890326,2.3336701244891143,0.6785714285714246,1,2.7503969324336084,2,3.750541271500372,0.8334536158889694,1,0.6667628927111755,0.1666907231777938,9,1,0.2500360847667001,0,2.3336701244891143,0,10,18,3.083778378789177,0,15.0,14.0,3.750541271500372,13.0,0.2885031747307978,2.5003608476669084,0.8334536158889694,1.0,1.0,-0.6667628927111755,0.0,1.583561870189051,0.0,0.0,0.0,off,3.0,1,1,1,1,0,0,1,1,2,tp,0,361,362,362,376,353,1.57,0.4497886226834562,1.0,1.0,1.0,2026-06-25 17:00:00+00:00,63
CHFJPY|H1|bull|2026-10-01T06:00:00+00:00,CHFJPY,H1,bull,2026-10-01T06:00:00+00:00,2026-10-01T07:00:00+00:00,2026-10-01T09:00:00+00:00,reaction,188.7530059814453,189.34300231933597,189.04800415039065,188.73572784140757,189.6725567683568,0.3455628007552858,5,bull,True,London,London,2.097,0.0,closed,-0.2274,time,m15,2026-10-01T11:30:00+00:00,1.0,-1.0,False,1,1,1,1,1,FOREX,0,,0,prod,1,1,1,1,1,1.707349102973724,0.5711736409248436,0.0525526302177623,0.3762737288573941,1.707349102973724,1,0.9036745514868912,2.633351741944964,2.8446398363361416,0.92572413150787,1,2.633351741944964,1,1.8867563187545715,0.1591394550022578,1,1.6581589384696964,-0.0897256860612064,6,0,0.0,0,3.307619077650979,0,6,6,4.4709620525370735,0,3.0,2.0,1.8867563187545715,1.0,1.8867563187545715,1.5452953294281395,1.1401608955641789,1.0,1.0,-0.8247079914198584,1.0,0.7321121431568909,0.0,0.0,0.0,London,3.0,1,0,1,1,1,0,1,1,2,tp,3,740,741,740,743,735,189.3119964599609,0.1651836052893032,1.0,1.0,0.0,2026-10-01 09:00:00+00:00,211
ADA|M30|bull|2026-09-30T12:00:00+00:00,ADA,M30,bull,2026-09-30T12:00:00+00:00,2026-09-30T12:30:00+00:00,2026-09-30T13:30:00+00:00,reaction,0.2466,0.249,0.2485,0.2464750577257589,0.2525498845484822,0.0024988454848221,5,bull,False,NY,NY,4.148,0.0,closed,-1.0,sl,m15,2026-09-30T14:15:00+00:00,1.0,1.0,True,1,1,1,1,1,CRYPTO,0,,0,prod,1,1,1,1,1,0.9604435386571316,0.2499999999999971,0.2083333333333347,0.5416666666666681,0.9604435386571316,0,0.8103511347702322,2.3610903658654583,3.1614599814130737,0.7468354430379741,1,2.3610903658654583,2,3.161459981413085,1.6807761926499831,1,1.600739231095219,0.2801293654416675,6,0,0.0,0,3.44158934685473,0,6,7,3.1214415006356973,0,3.0,2.0,2.521164288974997,1.0,2.521164288974997,3.2414969429678484,1.4006468272083268,1.0,1.0,-2.641219731307126,0.0,2.441127327420222,0.0,0.0,0.0,NY,2.0,1,1,1,1,1,0,0,1,2,sl,0,503,504,503,506,498,0.2497,0.8148661063344482,0.0,1.0,0.0,2026-09-30 13:30:00+00:00,194
BTC|M30|bear|2026-09-30T05:30:00+00:00,BTC,M30,bear,2026-09-30T05:30:00+00:00,2026-09-30T06:00:00+00:00,2026-09-30T07:00:00+00:00,reaction,83296.17,83521.98,83383.96,83533.62316403697,83084.63367192609,232.86328073927783,5,bear,False,London,London,2.859,0.107,closed,1.6968,time,m15,2026-09-30T07:15:00+00:00,-1.0,1.0,False,1,1,1,1,1,CRYPTO,0,,0,prod,1,1,1,1,1,0.9697106357134198,0.0001771400734847,0.3887781763429833,0.6110446835835319,0.9697106357134198,0,0.6427083031803882,0.9618090035017848,1.631171727865842,0.5896430075821484,1,0.9618090035017848,2,1.4603418749422377,0.4347615462540751,1,0.0671209301457217,0.5174710225564337,6,0,0.0,0,1.9917695848290315,0,10,16,2.8915250092773808,0,3.0,2.0,1.3577494871507614,1.0,1.3577494871507614,1.9062258274072617,1.137448545597678,1.0,1.0,-1.4636485362482174,0.0,1.0866032600618574,0.0,0.0,0.0,London,2.0,0,1,1,0,1,0,0,1,4,tp,3,490,491,490,493,485,83175.67,0.179486755050923,1.0,1.0,1.0,2026-09-30 07:00:00+00:00,187
NZDUSD|M15|bull|2026-10-02T05:45:00+00:00,NZDUSD,M15,bull,2026-10-02T05:45:00+00:00,2026-10-02T06:00:00+00:00,2026-10-02T07:00:00+00:00,reaction,0.5611987113952637,0.5613247156143188,0.5613247156143188,0.5611831884823606,0.5616077698782354,0.0003104582580616,5,bull,False,London,London,3.119,0.445,closed,2.0,tp,m15,2026-10-02T07:00:00+00:00,-1.0,-1.0,False,1,1,1,1,1,FOREX,0,,0,prod,1,1,1,1,1,0.4058652517148946,1.0,0.0,0.0,0.4058652517148946,0,0.4558652517148688,2.4388393058345823,2.4388393058345823,1.0,1,2.4388393058345823,2,2.3374689875254693,0.7107441635991202,1,1.3220379012813457,1.0154310862441238,5,0,0.0,0,2.743334239240364,0,6,6,8.997767685369087,0,5.0,4.0,2.3374689875254693,4.0,0.5843672468813673,1.624996920773353,1.117569361510124,0.0,1.0,1.6267248239263492,0.0,0.7107441635991202,0.0,0.0,0.0,London,4.0,1,1,1,1,1,0,1,1,1,tp,0,571,572,571,576,567,0.5616399645805359,0.0252130590407664,1.0,1.0,1.0,2026-10-02 07:00:00+00:00,225
GBPAUD|M30|bull|2026-09-30T12:30:00+00:00,GBPAUD,M30,bull,2026-09-30T12:30:00+00:00,2026-09-30T13:00:00+00:00,2026-09-30T14:30:00+00:00,reaction,1.9041199684143064,1.9068399667739868,1.9054799675941467,1.9040141217255944,1.9084116593312517,0.0021169337742443,5,bull,False,NY,NY,3.281,0.0,closed,0.3002,time,m15,2026-10-01T07:30:00+00:00,1.0,-1.0,False,1,1,1,1,1,FOREX,0,,0,prod,1,1,1,1,1,1.2848764532802066,0.3272121663671823,0.0,0.6727878336328177,1.2848764532802066,1,0.69243822664013,1.4455352831530397,1.7100338895016889,0.8453255178318569,1,1.4455352831530397,1,1.6202721738279084,0.6094110959985273,1,0.5716255808058631,0.3684510073108819,5,0,0.0,0,2.291063614923312,0,7,7,5.30956878760942,0,4.0,3.0,1.6202721738279084,2.0,0.8101360869139542,1.7997956051754695,0.0661105735263602,0.0,1.0,-1.6486535444048127,0.0,1.2282263366128146,0.0,0.0,0.0,NY,2.0,1,1,1,1,1,0,1,1,1,sl,3,602,603,602,606,598,1.9076199531555176,0.0769279075866189,0.0,1.0,1.0,2026-09-30 14:30:00+00:00,197
EURNZD|H4|bear|2026-07-01T00:00:00+00:00,EURNZD,H4,bear,2026-07-01T00:00:00+00:00,2026-07-01T04:00:00+00:00,2026-07-02T08:00:00+00:00,reaction,2.009530067443848,2.0143001079559326,2.01191508769989,2.014506638165672,2.006731986768326,0.0041306041947903,5,bear,False,London,London,2.719,0.0,,,,,,-1.0,1.0,False,1,1,1,1,1,FOREX,0,,0,prod,1,1,1,1,1,1.1548045484728604,0.0859199280251911,0.3354325985904933,0.5786474733843154,1.1548045484728604,1,0.6274022742364496,0.7770847021587504,1.0966804828802093,0.7085789473684211,1,0.7770847021587504,3,1.3799703676157915,0.1162481311853021,1,0.1500720660783444,0.1501297861037591,4,0,0.0,0,1.6244723952726636,0,4,7,3.863836221288636,0,8.0,7.0,1.7043569104466747,2.0,0.8521784552233373,1.4235489868039264,0.4890617753391585,1.0,0.0,0.530158433434459,2.0,0.3220200217888783,0.0,0.0,0.0,London,3.0,0,0,1,1,1,1,0,1,3,nofill,0,367,368,367,375,364,2.0089099407196045,0.1288101312836642,,1.0,,2026-07-02 08:00:00+00:00,69
ETH|H1|bull|2026-09-21T07:00:00+00:00,ETH,H1,bull,2026-09-21T07:00:00+00:00,2026-09-21T15:00:00+00:00,2026-09-23T14:00:00+00:00,reaction,2646.58,2665.7,2662.89,2645.188997713935,2698.29200457213,27.820045721296413,5,bull,False,London,NY,3.428,0.86,closed,0.761,time,h1,2026-09-23T14:00:00+00:00,1.0,1.0,True,1,1,1,1,1,CRYPTO,0,,0,prod,1,1,1,1,1,0.687274211967359,0.0643305439330557,0.1469665271966507,0.7887029288702936,0.687274211967359,0,0.636267907802709,1.244426423551796,1.877423226519633,0.6628374497415342,1,1.244426423551796,2,3.029470218860329,0.9432047762564733,8,0.1901506580181655,3.029470218860329,6,2,0.0,2,2.6416203889896104,1,9,11,5.038812710961549,0,55.0,47.0,5.091292854762422,42.0,0.1212212584467243,2.7286080246047457,1.4288258329342405,1.0,1.0,0.7990641073239797,3.0,1.8116433202487008,0.0,0.0,0.0,NY,2.0,1,1,1,1,1,0,0,1,2,sl,2,452,460,454,507,454,2749.98,0.664729008185279,0.0,1.0,1.0,2026-09-23 14:00:00+00:00,146
CHFJPY|M30|bull|2026-10-01T06:30:00+00:00,CHFJPY,M30,bull,2026-10-01T06:30:00+00:00,2026-10-01T07:30:00+00:00,2026-10-01T10:00:00+00:00,reaction,188.7530059814453,189.1199951171875,188.9365005493164,188.74015425392804,189.32919314009317,0.2570345503453963,5,bull,True,London,,2.096,0.0,closed,0.6595,time,m15,2026-10-01T12:30:00+00:00,1.0,-1.0,False,1,1,1,1,1,FOREX,0,,0,prod,1,1,1,1,1,1.427781343982889,0.3569498149765082,0.0381273127936468,0.6049228722298449,1.427781343982889,1,0.7638906719914553,0.964855107220236,1.6418505937605408,0.5876631594171458,1,2.563844359233837,2,3.404211608222311,0.2295634467249525,2,2.2292646887549563,0.7469865141298363,12,0,0.0,0,4.44683452387536,0,8,11,5.049920910034861,0,7.0,5.0,3.404211608222311,4.0,0.8510529020555777,0.9181944221605484,0.5329766290914465,0.0,0.0,2.2370414695982377,4.0,0.2606705700980776,0.0,0.0,0.0,off,3.0,1,0,1,1,1,0,1,1,2,tp,2,639,641,639,646,629,189.3119964599609,0.1039218440150561,1.0,1.0,1.0,2026-10-01 10:00:00+00:00,211
BNB|H1|bull|2026-09-18T12:00:00+00:00,BNB,H1,bull,2026-09-18T12:00:00+00:00,2026-09-18T18:00:00+00:00,2026-09-20T02:00:00+00:00,reaction,745.0,749.94,749.28,744.7259868652861,758.3880262694277,5.480262694278057,5,bull,False,NY,,3.015,0.738,closed,-0.3184,time,h1,2026-09-20T02:00:00+00:00,1.0,1.0,True,1,1,1,1,1,CRYPTO,0,,0,prod,1,1,1,1,1,0.9014166428842744,0.5850202429149706,0.1336032388664118,0.2813765182186176,0.9014166428842744,0,0.8309844598268413,2.220696466376814,3.0290518768985444,0.7331325301204784,1,2.220696466376814,2,2.2955103982761096,0.961632734412967,6,0.3612965491722388,2.2955103982761096,5,1,0.0,1,3.4888838485722955,1,5,5,6.03985645333382,0,38.0,32.0,4.346506970344762,14.0,0.3104647835960544,3.1184636491684428,2.36667487008276,1.0,1.0,0.1642257041692145,1.0,1.981656830308304,0.0,0.0,0.0,off,6.0,1,1,1,1,1,1,1,1,0,tp,14,385,391,386,423,386,762.52,0.6077852251112857,1.0,1.0,0.0,2026-09-20 02:00:00+00:00,132
EURGBP|H4|bull|2026-07-22T20:00:00+00:00,EURGBP,H4,bull,2026-07-22T20:00:00+00:00,2026-07-23T04:00:00+00:00,2026-07-23T08:00:00+00:00,reaction,0.8521999716758728,0.8532999753952026,0.8532199859619141,0.8521435136778127,0.8553729305301168,0.0011291599612022,5,bull,True,London,London,2.025,0.502,,,,,,1.0,-1.0,False,1,1,1,1,1,FOREX,0,,0,prod,1,1,1,1,1,0.9741788206505266,0.0545109726361419,0.0727174207531834,0.8727716066106747,0.9741788206505266,0,0.9533390494604198,0.3896715282602107,0.6464788955029531,0.6027598595574426,1,0.5579555748727211,2,0.9741788206505266,0.2391238178025947,2,0.2125721002849997,0.6199271779853581,4,0,0.0,0,1.9483576413010533,0,8,8,5.065677080667991,0,3.0,1.0,0.9741788206505266,1.0,0.9741788206505266,1.2133026384531214,0.9564424844956322,1.0,0.0,-0.9033390494604424,0.0,0.832499278270358,0.0,0.0,0.0,London,3.0,0,0,1,1,1,0,0,1,4,tp,6,465,467,465,468,463,0.8539999723434448,0.1261658542711867,1.0,1.0,,2026-07-23 08:00:00+00:00,78
LINK|H1|bull|2026-09-26T09:00:00+00:00,LINK,H1,bull,2026-09-26T09:00:00+00:00,2026-09-26T10:00:00+00:00,2026-09-26T20:00:00+00:00,echec,13.937,14.108,14.06,13.92703171574471,14.325936568510585,0.1993656851057884,5,bull,False,London,,0.617,1.346,closed,-1.0,sl,h1,2026-09-26T20:00:00+00:00,1.0,1.0,True,1,1,1,1,1,CRYPTO,0,,0,prod,1,1,1,1,1,0.8577203238825389,0.1637426900584811,0.2807017543859633,0.5555555555555556,0.8577203238825389,0,0.6669567241962173,1.1335952818564516,1.4345497814643604,0.7902097902097894,1,1.1335952818564516,2,1.25397708169961,0.175556791437946,1,0.3109863162615091,0.4464158410850543,6,0,0.0,0,1.916076980837011,0,10,15,2.6684632298567696,0,11.0,10.0,1.9662360641049852,6.0,0.3277060106841642,1.3091520732943889,0.8376566905753384,1.0,0.0,1.0081975736864888,2.0,0.1203817998431582,0.0,0.0,0.0,off,5.0,1,0,1,1,1,0,0,1,3,sl,0,574,575,574,585,569,14.197,0.9457203716592552,0.0,0.0,0.0,2026-09-26 20:00:00+00:00,169
AUDNZD|H1|bull|2026-09-14T13:00:00+00:00,AUDNZD,H1,bull,2026-09-14T13:00:00+00:00,2026-09-14T14:00:00+00:00,2026-09-14T16:00:00+00:00,echec,1.2338900566101074,1.2349599599838257,1.2348099946975708,1.2338139419720997,1.236802100148513,0.0015222927601531,5,bull,False,NY,,1.235,2.841,closed,-0.0101,time,h1,2026-09-14T16:00:00+00:00,1.0,1.0,True,1,1,1,1,1,FOREX,0,,0,prod,1,1,1,1,1,0.7028236629139606,0.1214484679665738,0.14016713091922,0.7383844011142061,0.7028236629139606,0,0.6543108865412126,1.0772975075997056,1.7473879904470326,0.6165187774491351,1,1.0772975075997056,1,0.9328173228558329,0.1051690450466238,1,0.0131559192612306,0.8802719548541317,6,1,0.1117470046772392,0,1.7473879904470326,0,8,9,4.309268339442044,0,3.0,2.0,0.9328173228558329,2.0,0.4664086614279163,0.8276482778092089,0.4861425403197624,1.0,0.0,-0.4794862716459254,1.0,0.4007073741649846,0.0,0.0,0.0,off,0.0,1,0,1,0,0,0,0,1,5,sl,5,437,438,438,440,432,1.236299991607666,0.0806644528104139,0.0,0.0,0.0,2026-09-14 16:00:00+00:00,116
DOT|H1|bull|2026-09-26T09:00:00+00:00,DOT,H1,bull,2026-09-26T09:00:00+00:00,2026-09-26T15:00:00+00:00,2026-09-26T13:00:00+00:00,reaction,1.198,1.222,1.21,1.1969286720679495,1.2361426558641004,0.0214265586410031,5,bull,False,London,NY,3.825,0.0,unfilled,,,h1,,1.0,1.0,True,1,1,1,1,1,CRYPTO,0,,0,prod,1,1,1,1,1,1.120105211579435,0.7083333333333379,0.041666666666662,0.25,1.120105211579435,1,0.6100526057897206,1.4468025649567753,1.726828867851634,0.8378378378378383,1,1.4468025649567753,1,0.8867499591670579,0.3266973533773404,6,1.4001315144742936,1.540144665921718,14,0,0.0,2,4.200394543422881,0,10,14,4.387078745352777,0,,,,,,,,,,,,,,,,,,1,1,1,1,1,0,1,1,1,tp,0,574,580,574,578,566,1.255,1.080275035706631,1.0,1.0,,2026-09-26 13:00:00+00:00,166
GBPCHF|H1|bear|2026-09-23T15:00:00+00:00,GBPCHF,H1,bear,2026-09-23T15:00:00+00:00,2026-09-23T17:00:00+00:00,2026-09-23T21:00:00+00:00,reaction,1.0927400588989258,1.0937399864196775,1.093150019645691,1.0938064289886746,1.0918372009597237,0.0013288513799393,5,bear,False,NY,,3.58,0.0,closed,-1.0,sl,h1,2026-09-24T07:00:00+00:00,-1.0,1.0,False,1,1,1,1,1,FOREX,0,,0,prod,1,1,1,1,1,0.752475059172955,0.0399380066762041,0.4099904625655698,0.550071530758226,0.752475059172955,0,0.4939674615935322,0.4741095240497218,1.0309303028154029,0.4598851374869474,1,0.6546927732289253,3,1.369669671370133,0.0301420624561412,2,0.1279243484001709,0.65478248174814,5,0,0.0,0,2.122144730543088,0,10,15,2.6339318326629866,0,6.0,4.0,1.369669671370133,4.0,0.3424174178425332,1.4975043112510893,0.6697638044569959,0.0,0.0,0.4515926857268306,2.0,0.3311141444214803,0.0,0.0,0.0,off,2.0,0,0,1,1,1,0,0,1,4,sl,0,606,608,606,612,603,1.0918699502944946,0.0600475077699285,0.0,1.0,0.0,2026-09-23 21:00:00+00:00,147
GBPCAD|M15|bull|2026-10-02T07:45:00+00:00,GBPCAD,M15,bull,2026-10-02T07:45:00+00:00,2026-10-02T09:00:00+00:00,2026-10-02T08:30:00+00:00,reaction,1.8784099817276,1.8792699575424197,1.8788399696350095,1.8783677757388504,1.879784357427329,0.0008441197749977,5,bull,False,London,London,2.562,0.0,closed,2.0,tp,m15,2026-10-02T12:30:00+00:00,1.0,1.0,True,1,1,1,1,1,FOREX,0,,0,prod,1,1,1,1,1,1.0187841113207836,0.1976711948988078,0.2441086775713889,0.5582201275298032,1.0187841113207836,1,0.559392055660448,0.6753293069498181,1.682250670093315,0.401443922095366,1,0.6753293069498181,2,0.9951998381587972,0.0474509927091465,5,0.1184862585802796,0.9951998381587972,4,1,0.0,1,1.8125996768508812,1,6,6,3.399948361525903,0,,,,,,,,,,,,,,,,,,0,0,1,1,1,0,0,1,4,tp,0,579,584,580,582,580,1.880110025405884,0.0251322041148257,1.0,1.0,1.0,2026-10-02 08:30:00+00:00,229
NZDJPY|H1|bull|2026-09-18T06:00:00+00:00,NZDJPY,H1,bull,2026-09-18T06:00:00+00:00,2026-09-18T08:00:00+00:00,2026-09-18T12:00:00+00:00,echec,89.61900329589844,90.06400299072266,89.84150314331055,89.60812245499967,90.3082645199323,0.217616817975234,5,bull,True,London,,1.489,1.463,closed,0.3149,time,h1,2026-09-18T14:00:00+00:00,1.0,-1.0,False,1,1,1,1,1,FOREX,0,,0,prod,1,1,1,1,1,2.044877316765389,0.4247261131208531,0.1483189603442659,0.4269549265348809,2.044877316765389,1,1.072438658382706,1.1809922898924836,1.9253967692396043,0.6133760629290409,1,1.1809922898924836,3,1.3785488876940672,0.0183708353590115,2,0.5652187169045485,0.3492211660517434,4,0,0.0,0,3.147723438689864,0,4,4,5.270746923423262,0,6.0,4.0,1.3785488876940672,3.0,0.4595162958980224,0.583624611109665,0.3584416425773541,1.0,0.0,0.5376274050199263,2.0,0.3768124779363657,0.0,0.0,0.0,off,4.0,1,0,1,1,1,1,1,1,1,sl,1,526,528,526,532,524,90.13999938964844,0.2597693495161102,0.0,0.0,1.0,2026-09-18 12:00:00+00:00,127
USDCHF|M30|bull|2026-09-25T06:00:00+00:00,USDCHF,M30,bull,2026-09-25T06:00:00+00:00,2026-09-25T07:00:00+00:00,2026-09-25T08:00:00+00:00,reaction,0.828249990940094,0.8289700150489807,0.8286100029945374,0.8282168692144584,0.8293962705546953,0.000662434512712,5,bull,False,London,London,2.111,0.916,closed,0.1272,time,m15,2026-09-25T08:00:00+00:00,1.0,1.0,True,1,1,1,1,1,FOREX,0,,0,prod,1,1,1,1,1,1.0869362858811955,0.5832781456953643,0.0417218543046357,0.375,1.0869362858811955,1,0.5934681429406449,1.1925706567110403,1.7058061347463334,0.6991243802088828,1,1.1925706567110403,2,1.252946008352289,0.0754916840939009,2,0.1357770575657884,0.5434681429405979,5,0,0.0,0,2.0379155578578807,0,7,12,4.408030516996671,0,4.0,2.0,1.252946008352289,1.0,1.252946008352289,1.7964141512928868,0.5434681429405979,1.0,1.0,-1.132195305069792,1.0,0.4528601263940445,0.0,0.0,0.0,London,4.0,1,0,1,1,1,0,1,1,2,tp,3,451,453,451,455,448,0.8293300271034241,0.0474449715376635,1.0,1.0,1.0,2026-09-25 08:00:00+00:00,161
USDCHF|M15|bull|2026-10-01T06:00:00+00:00,USDCHF,M15,bull,2026-10-01T06:00:00+00:00,2026-10-01T06:30:00+00:00,2026-10-01T07:30:00+00:00,echec,0.8360999822616577,0.8365499973297119,0.8365300297737122,0.8360736630223433,0.8374427632764498,0.0005263847862884,5,bull,False,London,London,1.074,3.725,closed,-1.0,sl,m15,2026-10-01T07:30:00+00:00,1.0,1.0,True,1,1,1,1,1,FOREX,0,,0,prod,1,1,1,1,1,0.854916554916501,0.5778807947019867,0.0443708609271523,0.3777483443708609,0.854916554916501,0,0.8669831713539331,1.0068765571281493,1.4818931065155296,0.6794528921830825,1,1.0068765571281493,2,3.2106362911394,0.4559932406157284,2,1.0449231746714531,0.4749033154065967,6,0,0.0,0,4.065552846055901,0,10,17,3.894456301091817,0,6.0,4.0,3.2106362911394,4.0,0.8026590727848499,4.160442921952593,3.6284696802310408,1.0,1.0,0.8358932461448491,1.0,0.6839332439332008,0.0,0.0,1.0,London,3.0,1,1,1,1,1,0,1,1,1,sl,0,479,481,479,485,475,0.8367999792098999,0.0545547362468616,0.0,0.0,0.0,2026-10-01 07:30:00+00:00,209
XPDUSD|M30|bear|2026-10-01T12:00:00+00:00,XPDUSD,M30,bear,2026-10-01T12:00:00+00:00,2026-10-01T14:00:00+00:00,2026-10-02T10:30:00+00:00,reaction,1202.0,1208.5,1202.0,1208.9261739243825,1188.147652151235,8.523478487651307,5,bear,False,NY,,3.032,0.0,closed,1.155,time,m15,2026-10-02T10:45:00+00:00,-1.0,-1.0,True,1,1,1,1,1,METAUX,0,,0,prod,1,1,1,1,1,0.7625994492057564,0.5384615384615384,0.0,0.4615384615384615,0.7625994492057564,0,0.81259944920575,0.7039379531130059,1.2905529140405108,0.5454545454545454,1,0.7039379531130059,4,2.3464598437100195,0.3519689765565029,4,0.9972454335767584,2.287798347617269,11,1,0.0586614960927504,0,4.986227167883792,0,2,6,5.044888663976543,0,43.0,39.0,4.399612206956287,18.0,0.2444229003864604,0.5866149609275049,0.1759844882782514,0.0,0.0,0.6452764570202554,1.0,0.4692919687420039,0.0,0.0,0.0,off,4.0,0,1,1,1,1,1,1,1,1,tp,3,654,658,655,697,647,1182.5,0.5762207923779127,1.0,1.0,1.0,2026-10-02 10:30:00+00:00,232
EURCAD|H4|bear|2026-08-07T08:00:00+00:00,EURCAD,H4,bear,2026-08-07T08:00:00+00:00,2026-08-10T12:00:00+00:00,2026-08-24T08:00:00+00:00,reaction,1.6149100065231323,1.616379976272583,1.615779995918274,1.616509699250899,1.614320589253024,0.0025944595663199,5,bear,False,London,London,4.098,0.0,closed,0.603,time,h1,2026-08-24T18:00:00+00:00,1.0,-1.0,False,1,1,1,1,1,FOREX,0,,0,prod,1,1,1,1,1,0.5665803269910662,0.0339794015083934,0.5918416997810396,0.3741788987105668,0.5665803269910662,0,0.2812544632021482,2.077476514846652,3.214542718078176,0.6462743528537328,1,2.077476514846652,1,2.135324591375867,0.8171327982490569,8,0.1849851915064498,2.135324591375867,7,1,0.512637799711242,3,3.665518787287267,1,6,9,4.37467463570022,0,69.0,61.0,4.332310913253885,39.0,0.111084895211638,1.0175563962001584,0.3854547370957792,1.0,0.0,2.6942316627828355,1.0,0.2620853284532513,0.0,0.0,0.0,London,0.0,1,1,1,1,0,0,0,1,3,tp,1,536,544,537,605,537,1.6093699932098389,0.045161057474926,1.0,1.0,1.0,2026-08-24 08:00:00+00:00,91
CADJPY|M30|bull|2026-09-24T07:30:00+00:00,CADJPY,M30,bull,2026-09-24T07:30:00+00:00,2026-09-24T09:00:00+00:00,2026-09-24T14:00:00+00:00,reaction,112.0459976196289,112.26100158691406,112.15349960327148,112.03914616414453,112.38220648152544,0.1370291096879542,5,bull,True,London,NY,2.33,0.0,closed,0.1968,time,m15,2026-09-25T00:45:00+00:00,1.0,-1.0,False,1,1,1,1,1,FOREX,0,,0,prod,1,1,1,1,1,1.5690386354751051,0.4278769383627266,0.027926617224371,0.5441964444129023,1.5690386354751051,1,0.8345193177375281,1.1676061610499424,1.5325144047923165,0.7618891916439601,1,1.1676061610499424,4,1.8900732606533972,0.0656433963033657,3,0.7808167852064467,0.897627510774268,5,0,0.0,0,3.4591118961285026,0,6,14,3.9700057082401936,0,13.0,10.0,2.3717365527826737,8.0,0.2964670690978342,0.9268580307566826,0.0802864948850325,0.0,0.0,1.2114241024331052,1.0,0.2626849395753006,0.0,0.0,0.0,NY,3.0,1,0,1,1,1,0,1,1,2,sl,3,403,406,403,416,401,112.38400268554688,0.1019615433593093,0.0,1.0,1.0,2026-09-24 14:00:00+00:00,153
XRP|M30|bull|2026-09-30T12:00:00+00:00,XRP,M30,bull,2026-09-30T12:00:00+00:00,2026-09-30T12:30:00+00:00,2026-09-30T13:30:00+00:00,reaction,1.5066,1.5165,1.5158,1.5060881636403007,1.5352236727193986,0.0102367271939818,5,bull,False,NY,NY,2.935,0.793,closed,-1.0,sl,m15,2026-09-30T13:30:00+00:00,1.0,1.0,True,1,1,1,1,1,CRYPTO,0,,0,prod,1,1,1,1,1,0.9671059717035502,0.272727272727287,0.0707070707070627,0.6565656565656502,0.9671059717035502,0,0.9487247413810952,2.0905118984299005,2.940392903866345,0.7109634551495041,1,2.0905118984299005,1,2.7157117185210797,1.348087112071616,1,1.7876807355732238,-0.0390749887556946,6,0,0.0,0,3.3311427914233347,0,6,7,3.008774134188811,0,3.0,2.0,2.3640368197197845,2.0,1.1820184098598925,3.536286482390753,1.4262370895830054,1.0,1.0,-1.8072182299510715,1.0,1.7486057468175291,0.0,0.0,0.0,NY,2.0,1,1,1,1,1,0,1,1,1,sl,1,503,504,503,506,498,1.5161,0.6407069771539319,0.0,1.0,0.0,2026-09-30 13:30:00+00:00,195
DOGE|M30|bull|2026-10-02T07:00:00+00:00,DOGE,M30,bull,2026-10-02T07:00:00+00:00,2026-10-02T08:00:00+00:00,2026-10-02T14:00:00+00:00,reaction,0.09563,0.09605,0.09589,0.0955911280689297,0.0964877438621404,0.0007774386214044,5,bull,False,London,NY,3.915,0.0,closed,-1.0,sl,m15,2026-10-02T14:30:00+00:00,1.0,1.0,True,1,1,1,1,1,CRYPTO,0,,0,prod,1,1,1,1,1,0.5402355741489233,0.5238095238095317,0.3809523809523746,0.0952380952380936,0.5402355741489233,0,0.3844315459017093,1.0418828930015267,1.517804708323203,0.6864406779661058,1,1.260549673014196,2,2.456785587201127,0.3730198011980733,2,0.5145100706180494,1.2991379283105335,7,1,0.2701177870744706,0,3.267138948424521,0,5,5,5.016473188525821,0,14.0,12.0,2.456785587201127,12.0,0.2047321322667605,1.3891771906686905,0.7074513470997911,1.0,0.0,0.4373335600253384,2.0,0.7331768506307007,0.0,0.0,0.0,NY,4.0,1,1,1,1,0,1,1,1,1,sl,0,589,591,590,603,584,0.09706,0.3116820638963532,0.0,1.0,0.0,2026-10-02 14:00:00+00:00,243
COPPER|M5|bear|2026-10-06T13:30:00+00:00,COPPER,M5,bear,2026-10-06T13:30:00+00:00,2026-10-06T13:45:00+00:00,2026-10-06T14:45:00+00:00,reaction,6.634500026702881,6.643499851226807,6.638999938964844,6.643931745866539,6.629136325161454,0.0086378927946396,5,bear,False,NY,NY,2.839,0.0,closed,-1.0,sl,m15,2026-10-06T15:00:00+00:00,1.0,1.0,False,1,1,1,1,1,METAUX,0,,0,prod,1,1,1,1,1,1.0419004655291344,0.3888947758821659,0.0555791035286637,0.5555261205891703,1.0419004655291344,1,0.5709502327645604,1.4470901135626113,1.8522797615960884,0.7812481373308696,1,1.4470901135626113,3,2.489045782041069,0.8682871899071608,3,0.1736684785712968,2.199616718738682,12,0,0.0,0,3.530946247570203,0,3,6,5.151704839704111,0,15.0,12.0,2.778474845343456,11.0,0.2525886223039505,1.099808359369341,0.6367108174956573,0.0,0.0,0.3472817541932703,5.0,0.3473369571425936,0.0,0.0,0.0,NY,1.0,1,1,1,1,1,1,1,1,0,sl,1,770,773,770,785,761,6.615499973297119,0.0742853885680827,0.0,1.0,0.0,2026-10-06 14:45:00+00:00,305
EURJPY|H1|bear|2026-09-16T13:00:00+00:00,EURJPY,H1,bear,2026-09-16T13:00:00+00:00,2026-09-16T17:00:00+00:00,2026-09-16T16:00:00+00:00,reaction,179.01499938964844,179.15199279785156,179.05999755859375,179.16154076844933,178.8569111388826,0.1909594119550885,5,bear,False,NY,,4.707,0.325,closed,1.4181,time,h1,2026-09-16T16:00:00+00:00,-1.0,-1.0,True,1,1,1,1,1,FOREX,0,,0,prod,1,1,1,1,1,0.7173954234596424,0.0730674983292492,0.3284695923368233,0.5984629093339274,0.7173954234596424,0,0.5317528411716075,0.6545893638874348,0.9006996227708942,0.7267565649396736,1,0.6545893638874348,4,0.864022801723002,0.2356425822880914,4,1.0997452899393023,1.1677452348450894,6,0,0.0,0,2.984885948244034,0,6,16,4.545448726164151,0,,,,,,,,,,,,,,,,,,0,0,1,1,1,0,0,1,4,tp,1,485,489,485,488,483,178.79200744628906,0.0567090423545603,1.0,1.0,1.0,2026-09-16 16:00:00+00:00,121
ETH|M30|bull|2026-09-29T09:00:00+00:00,ETH,M30,bull,2026-09-29T09:00:00+00:00,2026-09-29T12:00:00+00:00,2026-09-29T14:30:00+00:00,echec,2702.78,2708.84,2708.83,2702.098428376053,2722.2931432478936,13.631432478938702,5,bull,False,London,NY,1.809,5.559,closed,-1.0,sl,m15,2026-09-29T14:30:00+00:00,1.0,1.0,True,1,1,1,1,1,CRYPTO,0,,0,prod,1,1,1,1,1,0.4445607612672382,0.7029702970296703,0.0016501650165376,0.295379537953792,0.4445607612672382,0,0.4938271626512812,0.9580797924340196,1.299936747467895,0.7370203160270933,1,0.9580797924340196,1,0.9654157785935384,0.2398867474164808,6,0.1621252941255151,1.9190939793318469,8,0,0.0,2,3.3613488582945394,0,3,3,6.074196540087085,0,11.0,5.0,2.916788097027301,5.0,0.5833576194054603,0.9566125952021493,0.3697337024401133,1.0,0.0,1.5266187197972418,2.0,0.5267238062539152,0.0,0.0,0.0,NY,1.0,0,0,1,1,1,1,1,1,2,sl,1,449,455,449,460,447,2735.0,0.2485047649334517,0.0,0.0,0.0,2026-09-29 14:30:00+00:00,180
XPDUSD|M15|bull|2026-10-02T05:45:00+00:00,XPDUSD,M15,bull,2026-10-02T05:45:00+00:00,2026-10-02T06:15:00+00:00,2026-10-02T07:00:00+00:00,reaction,1185.0,1186.5,1186.5,1184.8226676915835,1189.854664616833,3.546646168327188,5,bull,False,London,London,6.26,0.596,closed,2.0,tp,m15,2026-10-02T07:00:00+00:00,-1.0,-1.0,False,1,1,1,1,1,METAUX,0,,0,prod,1,1,1,1,1,0.4229347752238533,1.0,0.0,0.0,0.4229347752238533,0,0.4729347752238798,0.8458695504477067,1.4097825840795113,0.6,1,0.8458695504477067,2,2.1146738761192667,0.7048912920397556,2,0.1409782584079511,1.2688043256715602,5,0,0.0,0,2.5376086513431204,0,4,4,7.47184769562141,0,5.0,3.0,2.1146738761192667,3.0,0.7048912920397555,1.1278260672636091,0.1409782584079511,0.0,0.0,0.4229347752238533,0.0,0.7048912920397556,0.0,0.0,0.0,London,4.0,0,1,1,1,1,1,1,1,1,tp,1,578,580,578,583,575,1191.0,0.1413680833052215,1.0,1.0,1.0,2026-10-02 07:00:00+00:00,226
EURUSD|M15|bull|2026-10-02T05:45:00+00:00,EURUSD,M15,bull,2026-10-02T05:45:00+00:00,2026-10-02T06:00:00+00:00,2026-10-02T08:30:00+00:00,reaction,1.1248594522476196,1.1253657341003418,1.1251125931739807,1.1248401934164205,1.1256573926891016,0.0003851766239848,5,bull,False,London,London,2.79,0.0,closed,0.4645,time,m15,2026-10-02T08:45:00+00:00,-1.0,-1.0,False,1,1,1,1,1,FOREX,0,,0,prod,1,1,1,1,1,1.314414793619611,1.0,0.0,0.0,1.314414793619611,1,0.7072073968100917,2.9602960915873746,2.9602960915873746,1.0,1,2.9602960915873746,2,2.3035529335791773,0.6576716356114136,1,0.6582906206802244,1.315962256291638,6,0,0.0,0,3.2886676705914737,0,5,6,6.239678986146688,0,11.0,10.0,4.610510285036813,2.0,2.3052551425184067,1.315962256291638,1.315962256291638,1.0,0.0,0.6582906206802244,1.0,0.9866621996843232,0.0,0.0,0.0,London,4.0,1,1,1,1,1,1,1,1,0,sl,5,572,573,572,583,567,1.1258726119995115,0.0242108886891034,0.0,1.0,1.0,2026-10-02 08:30:00+00:00,230
DOT|M30|bear|2026-09-27T12:00:00+00:00,DOT,M30,bear,2026-09-27T12:00:00+00:00,2026-09-27T13:00:00+00:00,2026-09-27T17:00:00+00:00,echec,1.245,1.253,1.247,1.2535453741893714,1.2339092516212575,0.0109074837874323,5,bear,False,NY,,1.375,3.056,closed,-0.1528,time,h1,2026-09-27T17:00:00+00:00,1.0,1.0,False,1,1,1,1,1,CRYPTO,0,,0,prod,1,1,1,1,1,0.7334413835404862,0.1249999999999895,0.2500000000000069,0.6250000000000034,0.7334413835404862,0,0.6000810376553494,0.6417612105979533,1.1001620753107595,0.5833333333333426,1,0.6417612105979533,6,1.466882767081013,0.2750405188277001,2,0.1833603458851266,0.3667206917702532,4,1,0.0916801729425735,0,2.292004323564073,0,7,9,4.859049165955845,0,10.0,8.0,2.292004323564093,4.0,0.5730010808910232,0.9168017294256332,0.3667206917702532,1.0,0.0,1.1001620753107595,0.0,0.6417612105979533,0.0,0.0,0.0,off,6.0,0,1,1,1,1,0,0,1,3,sl,2,359,361,360,369,357,1.241,0.5248896703585636,0.0,0.0,0.0,2026-09-27 17:00:00+00:00,170
COPPER|M15|bull|2026-10-02T06:45:00+00:00,COPPER,M15,bull,2026-10-02T06:45:00+00:00,2026-10-02T07:45:00+00:00,2026-10-02T08:45:00+00:00,echec,6.560500144958496,6.571000099182129,6.567500114440918,6.559833012254725,6.582834318813305,0.0133426540754262,5,bull,True,London,London,0.848,1.565,closed,-1.0,sl,m15,2026-10-02T08:45:00+00:00,-1.0,-1.0,False,1,1,1,1,1,METAUX,0,,0,prod,1,1,1,1,1,0.7869464474066693,0.1428701180744777,0.3333333333333333,0.5237965485921889,0.7869464474066693,0,0.5746309649377935,1.0867508864300366,1.461461762954057,0.7436054188878564,1,1.0867508864300366,2,2.2109549916104,0.6370620967970612,4,0.2248265259144121,1.6863240266726205,7,0,0.0,1,3.784847886423738,0,1,5,5.096461036572338,0,8.0,4.0,2.997901439017069,4.0,0.7494753597542673,0.8993775792659509,0.6745153155473876,1.0,0.0,1.7237772454229467,2.0,0.1873733071640857,0.0,0.0,0.0,London,4.0,1,1,1,1,1,1,0,1,1,sl,1,579,583,579,587,576,6.593500137329102,0.1167430841658396,0.0,0.0,0.0,2026-10-02 08:45:00+00:00,231
LINK|M30|bear|2026-10-03T14:30:00+00:00,LINK,M30,bear,2026-10-03T14:30:00+00:00,2026-10-03T15:30:00+00:00,2026-10-03T16:30:00+00:00,reaction,13.87,13.937,13.9035,13.940016134288443,13.830467731423113,0.0603226857688865,5,bear,False,NY,,2.259,0.0,closed,-0.178,time,m15,2026-10-03T17:00:00+00:00,-1.0,1.0,False,1,1,1,1,1,CRYPTO,0,,0,prod,1,1,1,1,1,1.110693251568678,0.6865671641790934,0.0149253731343465,0.29850746268656,1.110693251568678,1,0.6053466257843345,1.2930458749605669,1.4588209871349926,0.88636363636364,1,1.2930458749605669,3,1.3759334310477356,0.2983952019139543,2,0.0497325336523306,0.6133679150453718,6,0,0.0,0,2.0721889021803643,0,10,12,5.006408387667753,0,4.0,2.0,1.3759334310477356,1.0,1.3759334310477356,1.2101583188733394,0.9117631169593556,1.0,0.0,-1.5582860544396244,0.0,0.7791430272197974,0.0,0.0,0.0,off,5.0,1,1,1,0,1,0,1,1,2,sl,4,652,654,652,656,648,13.833,0.2626398697338378,0.0,1.0,0.0,2026-10-03 16:30:00+00:00,248
XPDUSD|M30|bear|2026-09-28T08:00:00+00:00,XPDUSD,M30,bear,2026-09-28T08:00:00+00:00,2026-09-28T12:30:00+00:00,2026-09-28T09:30:00+00:00,reaction,1232.0,1247.0,1239.5,1247.326198683655,1223.8476026326898,6.523973673104099,5,bear,False,London,,2.044,0.0,unfilled,,,m15,,-1.0,-1.0,True,1,1,1,1,1,METAUX,0,,0,prod,1,1,1,1,1,2.2992122212018398,0.2333333333333333,0.0,0.7666666666666667,2.2992122212018398,1,1.1996061106009026,0.9963252958541304,1.1496061106009197,0.8666666666666667,1,0.9963252958541304,2,0.9196848884807358,0.1532808147467893,9,0.1532808147467893,0.9196848884807358,10,0,0.0,3,3.6020991465495484,0,10,14,6.59107503411194,0,,,,,,,,,,,,,,,,,,0,0,1,1,1,0,0,1,4,tp,2,508,517,508,511,507,1226.0,0.6313996517672523,1.0,1.0,,2026-09-28 09:30:00+00:00,173
BCH|M15|bear|2026-10-05T14:00:00+00:00,BCH,M15,bear,2026-10-05T14:00:00+00:00,2026-10-05T14:30:00+00:00,2026-10-05T15:45:00+00:00,reaction,315.6,317.2,316.4,317.2650842030186,314.6698315939627,1.301684060372431,5,bear,False,NY,,2.774,0.0,closed,0.6936,time,m15,2026-10-05T20:15:00+00:00,1.0,1.0,False,1,1,1,1,1,CRYPTO,0,,0,prod,1,1,1,1,1,1.2291769168181892,0.3125000000000066,0.6250000000000133,0.06249999999998,1.2291769168181892,1,0.6645884584091106,1.152353359517077,1.2291769168181892,0.93750000000002,1,1.152353359517077,3,2.304706719034154,0.0768235573011559,2,0.3841177865056923,0.7682355730113846,6,0,0.0,0,3.5338836358523427,0,9,19,2.458353833636422,0,7.0,5.0,2.304706719034154,5.0,0.4609413438068307,1.2291769168182327,0.9987062449148086,1.0,0.0,0.30729422920458,0.0,0.9987062449148086,0.0,0.0,0.0,off,0.0,1,0,1,1,1,0,1,1,2,tp,23,695,697,695,702,691,314.6,0.2734147291462154,1.0,1.0,1.0,2026-10-05 15:45:00+00:00,281
EURUSD|H1|bear|2026-09-24T07:00:00+00:00,EURUSD,H1,bear,2026-09-24T07:00:00+00:00,2026-09-24T11:00:00+00:00,2026-09-24T16:00:00+00:00,reaction,1.1386927366256714,1.1401208639144895,1.1394068002700806,1.1401771167826822,1.137866167244877,0.0011250573638486,5,bear,False,London,,2.776,0.0,closed,-0.0837,time,m15,2026-09-25T08:00:00+00:00,-1.0,-1.0,True,1,1,1,1,1,FOREX,0,,0,prod,1,1,1,1,1,1.2693817530627949,0.5454090150250417,0.1816360601001669,0.2729549248747913,1.2693817530627949,1,0.6846908765314069,0.9225798767877926,1.6149121284165324,0.571287973230103,1,0.9225798767877926,2,1.9553565000852104,0.2304595419792637,4,0.1149648749643683,1.2660970423495272,9,0,0.0,0,2.7653025869309533,0,9,17,4.503444346300076,0,9.0,5.0,2.0702154166394733,3.0,0.6900718055464911,1.842722710143161,0.5755660836925794,1.0,1.0,-0.2301416667489474,0.0,1.0361672924207908,0.0,0.0,0.0,off,3.0,0,0,1,1,1,0,1,1,3,sl,2,622,626,622,631,617,1.137268304824829,0.0676068031557322,0.0,1.0,0.0,2026-09-24 16:00:00+00:00,154
USDCAD|H1|bull|2026-09-21T12:00:00+00:00,USDCAD,H1,bull,2026-09-21T12:00:00+00:00,2026-09-21T16:00:00+00:00,2026-09-21T15:00:00+00:00,reaction,1.3991999626159668,1.400670051574707,1.399935007095337,1.399129554086263,1.4015459131134849,0.0014081705940755,5,bull,False,NY,NY,3.185,0.0,unfilled,,,h1,,1.0,1.0,True,1,1,1,1,1,FOREX,0,,0,prod,1,1,1,1,1,1.0439707837425636,0.2857606227700291,0.4217482971132014,0.2924910801167694,1.0439707837425636,1,0.5719853918713408,1.1433562605600929,1.462930515233153,0.7815519935188936,1,1.1433562605600929,4,1.2995455320493103,0.0212485133570696,4,0.5752336584115083,1.1717158301800863,9,0,0.0,0,2.8477240670058466,0,8,16,3.280905911022283,0,,,,,,,,,,,,,,,,,,1,0,1,1,1,0,1,1,2,nofill,0,555,559,555,558,550,1.4023200273513794,0.0575350287685979,,1.0,,2026-09-21 15:00:00+00:00,137
LTC|M15|bull|2026-10-04T14:15:00+00:00,LTC,M15,bull,2026-10-04T14:15:00+00:00,2026-10-04T14:30:00+00:00,2026-10-04T17:00:00+00:00,reaction,70.76,71.07,70.91499999999999,70.74571869228339,71.2535626154332,0.2856261543322493,5,bull,False,NY,,2.038,0.0,closed,-1.0,sl,m15,2026-10-04T20:15:00+00:00,1.0,1.0,True,1,1,1,1,1,CRYPTO,0,,0,prod,1,1,1,1,1,1.0853347821901014,0.4193548387096789,0.0322580645161009,0.5483870967742202,1.0853347821901014,1,0.5926673910950356,1.6104967735724485,2.135658764954796,0.7540983606557281,1,2.485766759209661,2,4.306328329335098,1.1203455816156576,1,0.070021598850963,1.0503239827646944,4,0,0.0,0,2.59079915748613,0,9,14,3.9212095356547274,0,11.0,10.0,4.306328329335098,9.0,0.4784809254816775,0.665205189084323,0.1400431977019758,1.0,0.0,1.29539957874309,4.0,0.3501079942549147,0.0,0.0,0.0,off,6.0,1,1,1,0,1,0,1,1,2,sl,1,600,601,600,611,597,71.37,0.238710156830857,0.0,1.0,0.0,2026-10-04 17:00:00+00:00,253
SUI|H1|bull|2026-09-19T15:00:00+00:00,SUI,H1,bull,2026-09-19T15:00:00+00:00,2026-09-19T19:00:00+00:00,2026-09-19T21:00:00+00:00,reaction,0.8379,0.8509,0.8453,0.8371624769475507,0.8615750461048987,0.0147504610489854,5,bull,False,NY,,3.699,0.0,closed,-1.0,sl,h1,2026-09-20T02:00:00+00:00,1.0,1.0,True,1,1,1,1,1,CRYPTO,0,,0,prod,1,1,1,1,1,0.8813283840300149,0.1384615384615401,0.4307692307692256,0.4307692307692342,0.8813283840300149,0,0.5516792339863178,0.928784527785472,1.3762281689084055,0.6748768472906377,1,0.928784527785472,4,1.315213126937096,0.2372807187773154,4,0.345751904504082,1.281315881397484,8,1,0.0067794491079224,0,3.3490478593140534,0,4,4,4.6845993335749245,0,6.0,2.0,2.4609400261761163,2.0,1.230470013088058,1.830451259139254,1.1186091028073304,1.0,1.0,-0.7864160965190932,1.0,1.4101254144480253,0.0,0.0,0.0,off,5.0,0,0,1,1,1,1,0,1,3,sl,0,412,416,413,418,408,0.8698,0.962678700159624,0.0,1.0,0.0,2026-09-19 21:00:00+00:00,131
SOL|M15|bull|2026-10-04T09:00:00+00:00,SOL,M15,bull,2026-10-04T09:00:00+00:00,2026-10-04T10:00:00+00:00,2026-10-04T19:45:00+00:00,reaction,120.81,121.03,120.96,120.79624212754952,121.28751574490092,0.2751574490094419,5,bull,False,London,,2.809,0.0,closed,-1.0,sl,m15,2026-10-04T20:00:00+00:00,1.0,1.0,True,1,1,1,1,1,CRYPTO,0,,0,prod,1,1,1,1,1,0.7995422286112619,0.1818181818181465,0.3181818181818534,0.5,0.7995422286112619,0,0.595142428598549,1.0539420286239127,1.8534842572351744,0.5686274509803867,1,1.0539420286239127,4,1.853484257235226,0.1453713142929285,4,0.7268565714647977,1.0539420286239127,11,0,0.0,0,2.907426285859138,0,10,17,3.0164547715788608,0,43.0,39.0,3.8523398287633808,19.0,0.2027547278296516,1.4537131429295953,1.0539420286239642,1.0,0.0,0.2907426285859087,2.0,1.308341828636615,0.0,0.0,0.0,off,6.0,1,0,1,1,1,0,0,1,3,sl,0,579,583,579,622,572,121.32,0.1353818389967433,0.0,1.0,0.0,2026-10-04 19:45:00+00:00,254
LINK|M15|bull|2026-10-04T09:00:00+00:00,LINK,M15,bull,2026-10-04T09:00:00+00:00,2026-10-04T09:15:00+00:00,2026-10-04T12:00:00+00:00,reaction,14.033,14.068,14.053,14.030869785986145,14.097260428027717,0.0426042802771338,5,bull,True,London,,2.756,0.0,closed,-1.0,sl,m15,2026-10-04T12:15:00+00:00,1.0,1.0,True,1,1,1,1,1,CRYPTO,0,,0,prod,1,1,1,1,1,0.8215137017297539,0.0285714285714633,0.4285714285713923,0.5428571428571443,0.8215137017297539,0,0.5194364009884584,1.2205346425699055,1.4083092029652984,0.8666666666666528,1,1.2205346425699055,2,1.6899710435583664,0.0938872801976754,1,0.0234718200494084,0.7980418816803455,5,0,0.0,0,1.8308019638549005,0,8,15,2.8635620460294136,0,12.0,11.0,2.0889919843985183,7.0,0.2984274263426454,1.38483738291589,0.7041546014826701,1.0,0.0,0.891929161878021,2.0,0.422492760889602,0.0,0.0,0.0,off,6.0,1,0,1,0,1,0,0,1,4,sl,0,579,580,579,591,575,14.102,0.1574767950890055,0.0,1.0,0.0,2026-10-04 12:00:00+00:00,251
NZDUSD|H4|bull|2026-08-20T16:00:00+00:00,NZDUSD,H4,bull,2026-08-20T16:00:00+00:00,2026-08-21T00:00:00+00:00,2026-08-25T08:00:00+00:00,reaction,0.5938947796821594,0.594954788684845,0.594954788684845,0.5938166925872203,0.5972309808800944,0.0015617418987843,5,bull,False,London,London,2.312,0.031,closed,0.5916,time,h1,2026-08-25T08:00:00+00:00,1.0,1.0,True,1,1,1,1,1,FOREX,0,,0,prod,1,1,1,1,1,0.678735073644777,0.5337944219523167,0.0,0.4662055780476833,0.678735073644777,0,0.7287350736447472,0.6573242337710299,0.906086897402196,0.7254538561981383,1,1.0246670747421829,2,1.661801764318538,0.2494878079406156,2,0.3421917830802446,1.0454291012864223,4,0,0.0,0,2.340536837963316,0,6,6,6.584653819211637,0,17.0,15.0,2.57849866793268,12.0,0.21487488899439,1.387430056916812,0.8643338513738904,0.0,0.0,0.4316135260823652,2.0,0.2040708748750912,0.0,0.0,0.0,London,1.0,1,0,1,1,1,0,1,1,2,tp,1,594,596,594,611,592,0.5965874791145325,0.1912911904012899,1.0,1.0,1.0,2026-08-25 08:00:00+00:00,92
ETH|W|bear|2025-02-17T00:00:00+00:00,ETH,W,bear,2025-02-17T00:00:00+00:00,2025-03-31T00:00:00+00:00,2025-05-05T00:00:00+00:00,reaction,2605.44,2857.34,2661.41,2879.95559011477,2224.3188197704594,452.311802295401,4,bear,False,,,4.161,0.0,,,,,,,-1.0,,1,1,1,1,0,CRYPTO,0,,0,prod,1,1,1,1,1,0.5569167081682436,0.6283445811830097,0.2221913457721309,0.1494640730448593,0.5569167081682436,0,0.4831746352973561,0.6667745534595487,1.688414929976203,0.3949115478793749,1,1.100369252967115,3,1.8817992271714248,0.1810255659579826,6,0.3836291671351868,1.8817992271714248,3,3,0.0,1,1.35946043609628,1,3,8,4.383679554541132,0,11.0,5.0,2.69811663946583,4.0,0.6745291598664575,1.8927872225648203,1.560229019934145,1.0,1.0,0.466713446186249,2.0,1.7611302556278656,0.0,0.0,0.0,off,0.0,1,0,1,1,1,1,1,1,1,tp,5,392,398,395,403,395,1754.28,8.211646838133554,1.0,1.0,,2025-05-05 00:00:00+00:00,24
ADA|M30|bear|2026-09-30T13:00:00+00:00,ADA,M30,bear,2026-09-30T13:00:00+00:00,2026-09-30T14:00:00+00:00,2026-10-01T04:30:00+00:00,reaction,0.2532,0.2553,0.2538,0.2554612220031005,0.250477555993799,0.0032244400620095,4,bull,False,NY,,3.853,0.421,closed,0.301,time,m15,2026-10-01T04:45:00+00:00,1.0,1.0,False,1,0,1,1,1,CRYPTO,0,,0,prod,1,1,1,1,1,0.6512758679382162,0.6190476190475901,0.2857142857143008,0.095238095238109,0.6512758679382162,0,0.515197048527288,1.0854597798970045,2.512064062047357,0.4320987654320978,1,1.9538276038145967,4,2.9462479740061456,0.1240525462739295,2,0.3721576388218317,2.046867013520053,4,1,0.4962101850957698,0,3.6905632516498175,0,1,1,4.155760300177105,0,31.0,29.0,3.659550115081318,19.0,0.1926079007937536,0.992420370191557,0.4341839119587879,1.0,0.0,0.6822890045066987,5.0,0.5892495948012171,0.0,0.0,0.0,off,3.0,1,0,1,1,0,1,1,1,2,tp,5,505,507,506,536,503,0.2466,0.6545397963358872,1.0,1.0,1.0,2026-10-01 04:30:00+00:00,204
GBPUSD|W|bull|2025-05-11T23:00:00+00:00,GBPUSD,W,bull,2025-05-11T23:00:00+00:00,2025-05-18T23:00:00+00:00,2025-07-27T23:00:00+00:00,reaction,1.314198613166809,1.3360588550567627,1.328479886054993,1.313079827876196,1.3592800024125862,0.0223757058122636,4,bull,True,,,2.011,0.914,,,,,,,1.0,,1,1,1,1,0,FOREX,0,,0,prod,1,1,1,1,1,0.9769632329529696,0.0128314892271113,0.3467010584751632,0.6404674522977255,0.9769632329529696,0,0.6882490459968564,1.0339048506793005,1.1312937702187205,0.9139136782123432,1,1.0339048506793005,1,1.147276634475737,0.2700624573508072,1,0.423210262661539,0.3652031206514072,3,0,0.0,0,1.8011089731231855,0,6,6,5.993291732445967,0,11.0,10.0,1.9134205602572405,4.0,0.47835514006431,1.382208756189622,0.7014612741333577,1.0,0.0,0.5050052343075303,0.0,0.8197184867710225,0.0,0.0,0.0,off,6.0,1,1,1,1,1,0,0,1,2,tp,2,726,727,726,737,724,1.3442305326461792,1.1592240379738246,1.0,1.0,,2025-07-27 23:00:00+00:00,26
BNB|H1|bull|2026-09-21T07:00:00+00:00,BNB,H1,bull,2026-09-21T07:00:00+00:00,2026-09-21T10:00:00+00:00,2026-09-23T14:00:00+00:00,echec,766.01,773.78,769.895,765.6804146869434,778.3241706261131,6.5917062611311845,4,bull,False,London,NY,2.988,2.682,closed,-1.0,sl,h1,2026-09-23T14:00:00+00:00,1.0,1.0,True,1,1,1,0,1,CRYPTO,0,,0,prod,1,1,1,1,1,1.1787539814716492,0.4761904761904685,0.1763191763191773,0.3474903474903542,1.1787539814716492,1,0.6393769907358239,1.9509364480985147,2.211870405386967,0.8820301783264731,1,1.9509364480985147,4,1.9752093743579004,0.878376519011706,3,0.0075852894560526,1.6960707223749218,9,0,0.0,0,3.102383387528357,0,8,12,5.53119307135862,0,55.0,52.0,5.114002151275344,47.0,0.1088085564101137,3.625768359996455,2.16787572654181,1.0,1.0,0.7312219035641468,0.0,1.0968328553462117,0.0,0.0,0.0,NY,2.0,1,1,1,0,1,0,1,1,2,sl,0,452,455,452,507,446,784.96,0.5474233905995682,0.0,0.0,0.0,2026-09-23 14:00:00+00:00,145
EURCAD|M5|bear|2026-10-05T13:00:00+00:00,EURCAD,M5,bear,2026-10-05T13:00:00+00:00,2026-10-05T13:35:00+00:00,2026-10-05T13:15:00+00:00,reaction,1.5972299575805664,1.5979199409484863,1.5974500179290771,1.5979631839716515,1.596423685843928,0.0008648604633066,4,range,False,NY,NY,2.202,0.0,closed,2.0,tp,m15,2026-10-05T13:15:00+00:00,-1.0,-1.0,True,1,0,1,1,1,FOREX,0,,0,prod,1,1,1,1,1,0.7977973293886632,0.0869039391845196,0.3189357290946786,0.5941603317208016,0.7977973293886632,0,0.5933512564703602,0.4971760482213041,1.0406651411341408,0.4777483443708609,1,0.4971760482213041,2,1.0521055658644898,0.0461752082489983,7,0.6822903905449003,0.9364607905781924,9,0,0.0,2,2.682435008160465,0,7,17,3.57272059048966,1,,,,,,,,,,,,,,,,,,0,0,1,1,1,0,0,1,4,tp,2,474,481,474,477,472,1.5964200496673584,0.0321240750455422,1.0,1.0,1.0,2026-10-05 13:15:00+00:00,278
AUDJPY|H1|bear|2026-09-29T23:00:00+00:00,AUDJPY,H1,bear,2026-09-29T23:00:00+00:00,2026-09-30T01:00:00+00:00,2026-10-01T03:00:00+00:00,echec,109.91100311279295,110.03900146484376,109.91400146484376,110.05097159487494,109.64006120478138,0.239402600623706,4,bear,False,,,0.81,1.022,closed,0.3285,time,m15,2026-10-01T03:45:00+00:00,-1.0,-1.0,True,1,1,1,1,0,FOREX,0,,0,prod,1,1,1,1,1,0.5346573166595194,0.8202896823031531,0.02342492698337,0.1562853907134767,0.5346573166595194,0,0.5721330080556544,0.8688300902478677,1.1277932752735134,0.7703806267484247,1,2.5229311431116512,2,4.289846578819489,0.3466970821922222,2,1.8546174644046844,1.0902203494618918,4,0,0.0,0,4.385930015055315,0,8,16,4.365024298912462,0,28.0,26.0,4.289846578819489,25.0,0.1715938631527795,0.6140098062871169,0.5137834689863964,1.0,0.0,1.6624505919330326,5.0,0.3634280288004505,0.0,0.0,0.0,off,3.0,1,1,1,1,1,0,1,1,1,sl,2,709,711,709,737,707,109.6500015258789,0.1246157252085828,0.0,0.0,1.0,2026-10-01 03:00:00+00:00,203
AUDCHF|M30|bull|2026-09-24T07:00:00+00:00,AUDCHF,M30,bull,2026-09-24T07:00:00+00:00,2026-09-24T07:30:00+00:00,2026-09-24T20:30:00+00:00,reaction,0.5784500241279602,0.5798299908638,0.5791400074958801,0.5783840018427173,0.5806520188022057,0.001320445704857,4,bear,True,London,,2.063,0.0,closed,-1.0,sl,m15,2026-09-24T21:00:00+00:00,-1.0,1.0,False,1,0,1,1,1,FOREX,0,,0,prod,1,1,1,1,1,1.045076469834309,0.5652211472011057,0.0217259847961299,0.4130528680027643,1.045076469834309,1,0.5725382349171794,2.5143315673048043,3.0898639183063348,0.8137353727483894,1,2.5143315673048043,1,2.2492255675062167,0.7118996633447168,1,1.7039820170946491,0.1741944582364632,4,0,0.0,0,3.2943020373405254,0,10,19,2.544575228102532,1,27.0,26.0,2.2492255675062167,26.0,0.086508675673316,0.8027660651146055,0.2498938898152528,1.0,0.0,0.2499390296074882,4.0,0.530121720012704,0.0,0.0,0.0,off,3.0,1,1,1,1,1,0,1,1,1,sl,0,401,402,401,428,398,0.5800600051879883,0.1305393589421783,0.0,1.0,0.0,2026-09-24 20:30:00+00:00,157
XRP|H4|bear|2026-08-30T16:00:00+00:00,XRP,H4,bear,2026-08-30T16:00:00+00:00,2026-09-02T08:00:00+00:00,2026-09-01T04:00:00+00:00,reaction,1.3964,1.4335,1.4149500000000002,1.4348957858769056,1.3750584282461893,0.0279157175381127,4,bear,False,,,2.675,0.0,,,,,,1.0,1.0,False,1,1,1,1,0,CRYPTO,0,,0,prod,1,1,1,1,1,1.3290004080800724,0.3477088948787046,0.0512129380053913,0.601078167115904,1.3290004080800724,1,0.7145002040400303,1.927229702283239,2.8335291719443103,0.6801517067003806,1,1.927229702283239,2,2.19231334163075,0.9206283150312136,16,0.3546389229108564,2.19231334163075,15,1,0.0,5,3.7434108529479153,1,6,13,3.965507956185024,0,,,,,,,,,,,,,,,,,,1,1,0,1,1,0,1,1,2,sl,0,577,593,578,586,578,1.3352,1.409645985858541,0.0,1.0,,2026-09-01 04:00:00+00:00,99
CADJPY|M5|bear|2026-10-07T15:55:00+00:00,CADJPY,M5,bear,2026-10-07T15:55:00+00:00,2026-10-07T16:05:00+00:00,2026-10-07T21:00:00+00:00,reaction,110.89299774169922,110.9290008544922,110.90499877929688,110.93169164739795,110.85161304309467,0.0538158581155258,4,bear,False,,,4.833,0.0,closed,-1.0,sl,m15,2026-10-08T02:45:00+00:00,-1.0,-1.0,True,1,1,1,1,0,FOREX,1,reaction,1,prod,1,1,1,1,1,0.6690056435722219,0.1667726213180758,0.3333333333333333,0.4998940453485908,0.6690056435722219,0,0.496003762381575,0.6688638750527109,1.0962959613782564,0.610112504849347,1,0.7804356999078368,2,1.5608713998156736,0.2601452333026122,2,0.4644336699179061,0.7432923477959651,4,0,0.0,0,2.229877043387895,0,10,11,4.050893676506181,0,61.0,59.0,2.787310862104992,28.0,0.0995468165037497,2.304163747611639,1.6351581040394167,0.0,1.0,0.3530036135822912,5.0,0.5017187905492887,0.0,0.0,0.0,off,2.0,0,1,1,1,1,0,0,1,3,sl,1,1085,1087,1085,1146,1083,110.85299682617188,0.0240682281185658,0.0,1.0,0.0,2026-10-07 21:00:00+00:00,349
EURGBP|D|bull|2025-04-03T23:00:00+00:00,EURGBP,D,bull,2025-04-03T23:00:00+00:00,2025-11-05T00:00:00+00:00,2025-04-09T23:00:00+00:00,reaction,0.8433399796485901,0.8522099852561951,0.8477749824523926,0.843132215907835,0.8570605155415076,0.004155274815101,4,bull,False,,,3.773,0.0,,,,,,,1.0,,1,1,1,1,0,FOREX,0,,0,prod,1,1,1,1,1,2.1346375395845687,0.0078957624954641,0.951516658378916,0.0405875791256199,2.1346375395845687,1,1.1173187697922815,0.0,2.199617367116374,0.0,0,0.0,0,3.364405878206367,0.23825936761662,151,0.0818344185582671,7.087377043126319,3,149,0.0,0,1.5787229223671029,1,1,3,4.986434341261885,0,,,,,,,,,,,,,,,,,,0,0,0,0,1,1,0,1,5,sl,4,411,562,560,415,559,0.881659984588623,0.5476413719035698,0.0,1.0,,2025-04-09 23:00:00+00:00,23
EURGBP|M5|bear|2026-10-06T14:25:00+00:00,EURGBP,M5,bear,2026-10-06T14:25:00+00:00,2026-10-06T14:30:00+00:00,2026-10-06T15:05:00+00:00,reaction,0.8479700088500977,0.8482000231742859,0.8480850160121918,0.8482111777845758,0.8478326924674238,0.0002230922057974,4,range,False,NY,NY,2.576,0.119,closed,-1.0,sl,m15,2026-10-06T15:15:00+00:00,-1.0,-1.0,True,1,0,1,1,1,FOREX,0,,0,prod,1,1,1,1,1,1.031028060196056,0.086810054418243,0.2174138377818087,0.6957761077999481,1.031028060196056,1,0.5655140300980886,1.2100352642207663,1.389576818108237,0.8707940780619112,1,1.2100352642207663,1,1.52396580859246,0.5378231368682717,1,0.3585487579121811,0.5827085253401394,6,0,0.0,0,2.062056120392112,0,10,20,2.420604878304293,0,8.0,7.0,1.7032401875485506,1.0,1.7032401875485506,1.52396580859246,0.7170975158243623,1.0,1.0,0.0897707769437353,0.0,0.8068682927680977,0.0,0.0,0.0,NY,1.0,1,1,1,1,1,0,0,1,2,sl,5,779,780,779,787,774,0.8478400111198425,0.0148760761011004,0.0,1.0,0.0,2026-10-06 15:05:00+00:00,308
AUDJPY|D|bull|2026-04-05T23:00:00+00:00,AUDJPY,D,bull,2026-04-05T23:00:00+00:00,2026-04-27T23:00:00+00:00,2026-08-02T23:00:00+00:00,echec,110.02100372314452,110.56900024414062,110.02100372314452,109.9777830179501,110.1074451335334,0.8644141038886345,4,bull,False,,,26.422,18.14,,,,,,-1.0,-1.0,False,1,1,1,1,0,FOREX,0,,0,prod,1,1,1,1,1,0.6339513880336849,0.0456235120497862,1.0,-0.0456235120497862,0.6339513880336849,0,0.0499999999999967,0.0115710007338766,0.91969597137408,0.0125813324120458,1,0.0277668713262975,9,2.3287455390022096,1.0064652377468806,16,0.2497164940988353,4.395047365707071,7,9,0.0,4,1.383595131231104,1,8,9,5.894167156439099,0,85.0,69.0,5.013800231037678,44.0,0.1139500052508563,2.2281016630537764,0.075198265638924,1.0,1.0,2.214209401303111,1.0,2.244297533646197,0.0,0.0,0.0,off,6.0,0,1,0,1,1,0,0,1,4,sl,0,668,684,677,753,677,114.3681411743164,0.0392840491650021,0.0,0.0,,2026-08-02 23:00:00+00:00,82
CADCHF|M30|bull|2026-09-24T07:00:00+00:00,CADCHF,M30,bull,2026-09-24T07:00:00+00:00,2026-09-24T07:30:00+00:00,2026-09-24T16:00:00+00:00,reaction,0.5827800035476685,0.5845000147819519,0.5836400091648102,0.5827119688872735,0.5854960897198835,0.0013606932078993,4,bear,False,London,,2.888,0.0,unfilled,,,m15,,-1.0,1.0,False,1,0,1,1,1,FOREX,0,,0,prod,1,1,1,1,1,1.2640698316843828,0.6337110579755345,0.0116436219981287,0.3546453200263367,1.2640698316843828,1,0.6820349158421817,2.307627221579973,3.189545574884256,0.723497177701784,1,2.307627221579973,2,1.910801196517464,0.6026201155519303,1,1.3154964519982568,0.22046863717183,4,1,0.1175715919271193,0,3.189545574884256,0,10,20,1.8079041512727532,0,18.0,17.0,1.940194094499244,14.0,0.1385852924642317,1.366923072312131,0.3013319600844463,1.0,0.0,0.0514266203138741,2.0,1.1244207128082069,0.0,0.0,0.0,off,3.0,1,1,1,1,0,0,1,1,2,sl,1,401,402,402,419,398,0.5848000049591064,0.1590090231930306,0.0,1.0,,2026-09-24 16:00:00+00:00,155
GBPJPY|M30|bull|2026-10-05T10:30:00+00:00,GBPJPY,M30,bull,2026-10-05T10:30:00+00:00,2026-10-05T11:00:00+00:00,2026-10-05T13:00:00+00:00,echec,208.7449951171875,208.95399475097656,208.93099975585935,208.7330426074216,209.32691405273488,0.2390501953172553,4,bull,False,,NY,1.399,1.743,closed,-1.0,sl,m15,2026-10-05T13:15:00+00:00,1.0,-1.0,False,1,1,1,1,0,FOREX,0,,0,prod,1,1,1,1,1,0.874291834447944,0.7655691027232241,0.1100240928670511,0.1244068044097247,0.874291834447944,0,0.8280986684617967,1.4515784921647583,1.986992079618168,0.7305406534100035,1,1.4515784921647583,2,1.501813410300885,0.6275215758529413,1,0.476880652344352,0.2091738586176471,4,0,0.0,0,2.083249076504165,0,5,9,3.258695096169704,0,5.0,4.0,1.501813410300885,2.0,0.7509067051504427,1.1754460196655392,1.0081452313112964,1.0,0.0,-0.2719196331129621,0.0,0.9579741440749612,0.0,0.0,0.0,NY,0.0,1,1,1,1,1,1,1,1,0,sl,1,740,741,740,745,737,209.0039978027344,0.0947476193906452,0.0,0.0,0.0,2026-10-05 13:00:00+00:00,275
AUDNZD|H4|bull|2026-09-17T16:00:00+00:00,AUDNZD,H4,bull,2026-09-17T16:00:00+00:00,2026-09-18T00:00:00+00:00,2026-09-22T00:00:00+00:00,reaction,1.2397500276565552,1.2413400411605835,1.2403600215911863,1.239582470643095,1.2419151234873698,0.0033511402692047,4,bull,False,,,11.189,0.0,closed,-1.0,sl,h1,2026-09-22T05:00:00+00:00,1.0,1.0,True,1,1,1,1,0,FOREX,0,,0,prod,1,1,1,1,1,0.4744693973689336,0.132103763682711,0.616359274254011,0.2515369620632778,0.4744693973689336,0,0.2320257839508911,0.6087209722430044,1.569612212438659,0.3878161544737558,1,0.6087209722430044,4,1.4472419375136971,0.2118713248410083,2,0.5878753382005546,0.2775030565958203,5,1,0.787794217583776,0,2.709505552466407,0,8,8,3.0706045817580585,0,15.0,13.0,1.9038182394502892,11.0,0.1730743854045717,2.452919275421714,1.524861687480635,1.0,1.0,-0.623661529065238,0.0,1.5427547829129766,0.0,0.0,0.0,off,1.0,0,0,1,1,0,0,0,1,5,sl,0,718,720,719,733,715,1.2422699928283691,0.0626875209259119,0.0,1.0,0.0,2026-09-22 00:00:00+00:00,138
EURUSD|H1|bull|2026-10-06T06:00:00+00:00,EURUSD,H1,bull,2026-10-06T06:00:00+00:00,2026-10-06T07:00:00+00:00,2026-10-07T07:00:00+00:00,echec,1.1206992864608765,1.1215791702270508,1.1214534044265747,1.1206340389703988,1.1230921353389265,0.0013049498095519,4,range,False,London,London,2.152,3.369,closed,-1.0,sl,m15,2026-10-07T07:30:00+00:00,-1.0,-1.0,False,1,0,1,1,1,FOREX,1,reaction,1,prod,1,1,1,1,1,0.6742663662109882,0.142934561712505,0.142934561712505,0.7141308765749899,0.6742663662109882,0,0.6278903986791765,2.511987066531602,2.897125530147037,0.867061865422211,1,2.511987066531602,2,2.513722747463455,1.06168862052623,1,0.871220476162335,1.351638687773714,6,0,0.0,0,2.897125530147037,0,3,12,3.371971292450887,0,25.0,24.0,4.847026029642166,19.0,0.2551066331390613,3.4664288757949,2.793350080747812,1.0,1.0,0.6773723215627255,0.0,1.254988665357886,0.0,0.0,1.0,London,2.0,1,1,1,1,1,1,0,1,1,sl,0,811,812,811,836,806,1.123342990875244,0.0730628176740746,0.0,0.0,0.0,2026-10-07 07:00:00+00:00,328
COPPER|H1|bear|2026-09-27T23:00:00+00:00,COPPER,H1,bear,2026-09-27T23:00:00+00:00,2026-09-28T07:00:00+00:00,2026-10-08T01:00:00+00:00,echec,6.730000019073486,6.743500232696533,6.73799991607666,6.744852102250438,6.724295543729104,0.0270373910780944,4,bear,False,,,11.383,3.648,closed,-1.0,sl,m15,2026-10-08T01:15:00+00:00,1.0,1.0,False,1,1,1,1,0,METAUX,1,sl,1,prod,1,1,1,1,1,0.4993164312360248,0.0740675332014693,0.5925755863238202,0.3333568804747103,0.4993164312360248,0,0.2534337042352295,1.8862810434744643,2.256147679384393,0.8360627545396985,1,1.8862810434744643,3,2.903379019802975,1.5164144075645352,8,1.7568312481483686,2.903379019802975,6,2,0.0,2,3.421195837319255,1,3,9,2.7369460881282657,0,186.0,178.0,8.173872764248081,108.0,0.0756840070763711,3.809545223297542,3.51364486008484,1.0,1.0,0.684232112979092,2.0,2.589013542733812,0.0,0.0,1.0,off,3.0,1,1,1,1,1,1,0,1,1,sl,0,665,673,667,851,667,6.651500225067139,0.1016946610140039,0.0,0.0,0.0,2026-10-08 01:00:00+00:00,356
EURJPY|W|bull|2025-11-03T00:00:00+00:00,EURJPY,W,bull,2025-11-03T00:00:00+00:00,2025-12-08T00:00:00+00:00,2026-09-06T23:00:00+00:00,touchee,175.718994140625,177.96200561523438,177.7449951171875,175.5963616924702,182.0422619666221,2.452648963096159,4,bull,False,,,1.738,0.714,unfilled,,,h1,,-1.0,-1.0,False,1,1,1,1,0,FOREX,0,,0,prod,1,1,1,1,1,0.9145260933622792,0.0398372766976421,0.0967496156410291,0.8634131076613287,0.9145260933622792,0,0.8760460453357848,0.6688200733398988,1.0396934457912623,0.6432858416558459,1,0.6688200733398988,6,1.6378203124285151,0.5275891936992432,5,0.3893694477419529,1.6378203124285151,3,2,0.0,0,1.6325197217296985,1,4,4,5.196426625964279,0,44.0,39.0,4.066212529154492,21.0,0.1936291680549758,1.9799199384221,1.960758178618866,1.0,1.0,0.9134871278145064,2.0,1.6316922821018314,0.0,0.0,0.0,off,6.0,0,1,1,1,1,1,0,1,2,open,0,751,756,753,795,753,181.97900390625,1.2088292124910225,,,,2026-09-06 23:00:00+00:00,106
GBPJPY|M30|bear|2026-10-07T23:30:00+00:00,GBPJPY,M30,bear,2026-10-07T23:30:00+00:00,2026-10-08T00:00:00+00:00,2026-10-08T02:30:00+00:00,echec,208.7610015869141,208.9080047607422,208.81500244140625,208.9166670917124,208.611673140794,0.1732466194036949,4,bear,False,,,0.757,2.046,closed,-1.0,sl,m15,2026-10-08T02:30:00+00:00,-1.0,-1.0,True,1,1,1,1,0,FOREX,1,"contact,sl",2,prod,1,1,1,1,1,0.8485197248529384,0.5237699813161719,0.367344820427652,0.108885198256176,0.8485197248529384,0,0.5868203988975816,2.1126679094921563,2.6609381282184943,0.7939560439560439,1,2.1126679094921563,2,3.301687660946865,1.1602190508083616,1,0.051964566915428,1.2987618707371216,6,1,0.0288007006463473,0,2.6609381282184943,0,10,19,3.1285311549202017,0,6.0,5.0,3.301687660946865,4.0,0.8254219152367164,1.6449868072533038,1.316024676017501,1.0,1.0,1.494994167495721,3.0,0.1154670291968239,0.0,0.0,1.0,off,3.0,1,1,1,0,1,0,1,1,2,sl,0,862,863,863,868,857,208.53599548339844,0.0486864684613171,0.0,0.0,0.0,2026-10-08 02:30:00+00:00,360
AUDUSD|M30|bull|2026-10-05T13:30:00+00:00,AUDUSD,M30,bull,2026-10-05T13:30:00+00:00,2026-10-05T14:30:00+00:00,2026-10-07T11:30:00+00:00,echec,0.6954103112220764,0.6957489848136902,0.695652186870575,0.6953824621768262,0.6961916362580725,0.0005569809050037,4,range,False,NY,,0.718,1.793,closed,-1.0,sl,m15,2026-10-07T11:30:00+00:00,-1.0,-1.0,False,1,0,1,1,1,FOREX,1,"contact,sl",2,prod,1,1,1,1,1,0.6080524279579633,0.4287222808870116,0.2858148539246744,0.285462865188314,0.6080524279579633,0,0.4842620120826645,0.9564893701316924,1.3048192985025426,0.7330435495776265,1,1.3938547824977952,3,2.9619280360824547,0.7825919404534646,2,0.3486509697794869,1.8277957531717728,6,0,0.0,0,2.871715400255534,0,1,3,5.468084285703634,0,92.0,90.0,6.201128835424164,45.0,0.1378028630094258,1.2158908283101688,0.4344760396883722,1.0,0.0,2.0898725564222222,5.0,0.1737904158753489,0.0,1.0,0.0,off,2.0,1,1,1,1,1,1,1,1,0,sl,0,746,748,746,838,742,0.6967670321464539,0.038772924004181,0.0,0.0,0.0,2026-10-07 11:30:00+00:00,336
EURNZD|D|bear|2026-04-12T23:00:00+00:00,EURNZD,D,bear,2026-04-12T23:00:00+00:00,2026-04-21T23:00:00+00:00,2026-04-16T23:00:00+00:00,reaction,2.0023999214172363,2.0116500854492188,2.0107998847961426,2.012245182902592,2.007909288583245,0.0119019490674486,4,bear,False,,,10.309,0.0,,,,,,,1.0,False,1,1,1,1,0,FOREX,0,,0,prod,1,1,1,1,1,0.77719741359684,0.0216248260219598,0.9080880457755556,0.0702871282024846,0.77719741359684,0,0.121433733101884,0.0067106844052513,1.1510826944380748,0.0058298890580813,1,0.0252001223337498,1,0.6973603010680961,0.227682504328617,7,0.2453406186666142,0.6973603010680961,6,1,0.0,3,2.2349383534611538,1,6,7,5.762915416398632,0,,,,,,,,,,,,,,,,,,0,0,1,1,1,0,0,1,4,sl,0,673,680,674,677,674,1.9940999746322632,0.0718767748783367,0.0,1.0,,2026-04-16 23:00:00+00:00,52
AUDJPY|M5|bear|2026-10-07T11:45:00+00:00,AUDJPY,M5,bear,2026-10-07T11:45:00+00:00,2026-10-07T12:25:00+00:00,2026-10-07T12:00:00+00:00,reaction,110.02200317382812,110.0709991455078,110.03099822998048,110.07379376677495,109.9454071563915,0.0558924253427831,4,bear,False,,,2.267,0.327,closed,2.0,tp,m15,2026-10-07T12:00:00+00:00,-1.0,-1.0,True,1,1,1,1,0,FOREX,0,,0,prod,1,1,1,1,1,0.8766120163725167,0.694020554344441,0.1835876673933354,0.1223917782622236,0.8766120163725167,0,0.7656768610777753,1.0555653569929415,1.4492354060770805,0.7283601770745032,1,1.0555653569929415,4,1.5028804578420132,0.2683617602286465,8,0.0895449210122035,1.5028804578420132,6,3,0.0,1,2.987879231762382,1,1,1,5.295844970290335,0,,,,,,,,,,,,,,,,,,1,1,1,0,1,1,1,1,1,tp,4,1035,1043,1038,1038,1037,109.93800354003906,0.0388940730184391,1.0,1.0,1.0,2026-10-07 12:00:00+00:00,339
NZDJPY|M15|bull|2026-10-01T19:00:00+00:00,NZDJPY,M15,bull,2026-10-01T19:00:00+00:00,2026-10-01T19:30:00+00:00,2026-10-01T20:30:00+00:00,echec,88.53800201416016,88.58399963378906,88.572998046875,88.53368744249663,88.65161925563174,0.0862914332706481,4,bull,False,,,1.297,1.246,closed,-1.0,sl,m15,2026-10-01T20:30:00+00:00,-1.0,-1.0,False,1,1,1,1,0,FOREX,0,,0,prod,1,1,1,1,1,0.5330496653664026,0.1520981920716536,0.2391773096699286,0.6087244982584177,0.5330496653664026,0,0.4555562804835596,0.3360626601522137,0.4635560450350056,0.7249666221628839,1,0.3360626601522137,3,0.7648718950215209,0.0347468101656985,2,0.1390756549380248,0.2085692752694217,4,0,0.0,0,1.1588459054498987,0,3,4,7.242897426905905,0,6.0,4.0,1.0893522851185018,2.0,0.5446761425592509,0.7417073549110552,0.5446319354216355,1.0,0.0,0.0347468101656985,2.0,0.312898120041748,0.0,0.0,0.0,off,3.0,0,0,1,1,1,1,0,1,3,sl,1,528,530,528,534,526,88.60199737548828,0.0443821539805704,0.0,0.0,0.0,2026-10-01 20:30:00+00:00,219
CADJPY|M30|bear|2026-10-07T23:30:00+00:00,CADJPY,M30,bear,2026-10-07T23:30:00+00:00,2026-10-08T00:00:00+00:00,2026-10-08T02:00:00+00:00,reaction,110.76599884033205,110.8939971923828,110.82999801635742,110.89951955396404,110.6909549411442,0.110447231624381,4,bear,False,,,2.388,0.0,closed,-1.0,sl,m15,2026-10-08T02:30:00+00:00,-1.0,-1.0,True,1,1,1,1,0,FOREX,0,,0,prod,1,1,1,1,1,1.158909554981782,0.3047028670203254,0.6172140430351076,0.0780830899445669,1.158909554981782,1,0.6294547774908442,1.7745953667212244,2.2544752426500816,0.7871434261727487,1,1.7745953667212244,3,2.408379426264519,0.4345651791375329,1,0.3893195596279027,0.3168574911308001,5,1,0.0905603163009546,0,2.2544752426500816,0,10,18,3.141772926010694,1,5.0,4.0,2.408379426264519,3.0,0.802793142088173,1.2494698712827368,0.7606099487336474,1.0,0.0,0.2535136238173177,1.0,0.4526634269413851,0.0,0.0,0.0,off,3.0,1,1,1,1,1,0,1,1,1,sl,0,862,863,863,867,858,110.7310028076172,0.0627280870259907,0.0,1.0,0.0,2026-10-08 02:00:00+00:00,349
GBPUSD|H4|bull|2026-06-30T08:00:00+00:00,GBPUSD,H4,bull,2026-06-30T08:00:00+00:00,2026-07-01T12:00:00+00:00,2026-07-01T00:00:00+00:00,reaction,1.3216325044631958,1.32397723197937,1.3234164714813232,1.321496383280988,1.3272566478819936,0.0027224236441553,4,bull,False,,,2.996,0.683,,,,,,1.0,-1.0,False,1,1,1,1,0,FOREX,0,,0,prod,1,1,1,1,1,0.8612647488601077,0.3060653820733133,0.2391580659921704,0.4547765519345162,0.8612647488601077,0,0.7052863372154803,1.0949609187043496,2.2682146520389237,0.4827413127413127,1,1.0949609187043496,2,1.3235339010140637,0.3479388730714534,7,0.1036022368093454,1.3235339010140637,6,1,0.0834160021647519,3,2.85160121206044,1,5,9,4.087778197421653,0,,,,,,,,,,,,,,,,,,1,1,1,1,1,1,1,1,0,tp,3,363,370,364,367,364,1.327580451965332,0.14508571124145,1.0,1.0,,2026-07-01 00:00:00+00:00,68
USDJPY|W|bull|2026-05-03T23:00:00+00:00,USDJPY,W,bull,2026-05-03T23:00:00+00:00,2026-06-14T23:00:00+00:00,2026-07-26T23:00:00+00:00,reaction,155.0469970703125,157.88900756835938,156.46800231933594,154.93702261769133,159.52996172262516,2.1994890524232464,4,bull,False,,,4.882,0.0,,,,,,1.0,1.0,True,1,1,1,1,0,FOREX,0,,0,prod,1,1,1,1,1,1.2921230478122827,0.0774104180312906,0.347997895347214,0.5745916866214954,1.2921230478122827,1,0.6960615239061465,0.8147311238151905,0.8770222576770484,0.92897428392884,1,0.8147311238151905,4,0.7974569370108664,0.3205228830254549,6,0.2673336500018594,1.27892806656657,7,0,0.0,1,2.910679664255356,0,6,16,3.829978586344272,0,12.0,6.0,2.7688232097273158,1.0,2.7688232097273158,2.978874546298129,2.799743310364614,1.0,1.0,-1.132076666456557,0.0,2.7056232732665157,0.0,0.0,0.0,off,6.0,0,1,1,1,1,0,0,1,3,tp,2,777,783,777,789,776,160.70199584960938,0.9784618445629738,1.0,1.0,,2026-07-26 23:00:00+00:00,81
ADA|H1|bull|2026-10-04T20:00:00+00:00,ADA,H1,bull,2026-10-04T20:00:00+00:00,2026-10-05T03:00:00+00:00,2026-10-07T02:00:00+00:00,echec,0.2503,0.253,0.2528,0.2500914123334686,0.2582171753330629,0.0041717533306287,4,bull,True,,,2.917,1.292,closed,-1.0,sl,m15,2026-10-07T02:00:00+00:00,1.0,1.0,True,1,1,1,1,0,CRYPTO,1,sl,1,prod,1,1,1,1,1,0.6472098865905529,0.4814814814814936,0.0740740740740664,0.4444444444444398,0.6472098865905529,0,0.649268413509773,0.4314732577270441,1.078683144317597,0.4000000000000049,1,2.109424815554404,2,3.715464163760612,0.0719122096211784,7,0.0719122096211651,3.715464163760612,5,2,0.0,1,4.578410679214674,1,2,2,3.691493427220217,0,54.0,47.0,7.0473965428749565,17.0,0.4145527378161739,2.732663965604575,1.8697174501505067,1.0,1.0,1.77383450398894,5.0,1.7978052405293283,0.0,0.0,0.0,off,2.0,1,0,1,0,1,1,1,1,2,sl,0,777,784,779,831,779,0.2685,1.071434994672241,0.0,0.0,0.0,2026-10-07 02:00:00+00:00,323
GBPUSD|D|bull|2025-12-09T00:00:00+00:00,GBPUSD,D,bull,2025-12-09T00:00:00+00:00,2025-12-11T00:00:00+00:00,2025-12-12T00:00:00+00:00,reaction,1.32902729511261,1.335505723953247,1.3329778909683228,1.3286036231640486,1.3417264265768711,0.0084734389712263,4,bull,False,,,2.841,0.0,,,,,,,1.0,,1,1,1,1,0,FOREX,0,,0,prod,1,1,1,1,1,0.7645572078392588,0.0460759959517894,0.3901922899990799,0.5637317140491306,0.7645572078392588,0,0.5162328800771535,0.0008441150514372,0.5045416348282149,0.0016730334885536,0,0.0084552190985627,0,0.978512236210212,0.0105233009745839,2,0.0486491641311649,0.3438502662029501,5,0,0.0,2,1.7430694440494707,0,4,4,4.069816308999395,0,3.0,1.0,0.978512236210212,1.0,0.978512236210212,0.6647546715909985,0.0402220822009833,1.0,0.0,-0.7520220993254162,0.0,0.392499430334115,0.0,0.0,0.0,off,4.0,0,0,1,0,1,1,0,1,4,tp,0,586,588,586,589,583,1.3384193181991575,0.3281575661466197,1.0,1.0,,2025-12-12 00:00:00+00:00,35
GBPJPY|M15|bear|2026-10-05T00:45:00+00:00,GBPJPY,M15,bear,2026-10-05T00:45:00+00:00,2026-10-05T01:00:00+00:00,2026-10-05T04:30:00+00:00,reaction,208.7830047607422,208.92599487304688,208.85449981689453,208.9330264872409,208.69744647620175,0.1406322838808036,4,bear,False,,,3.126,0.0,closed,-1.0,sl,m15,2026-10-05T08:30:00+00:00,-1.0,-1.0,True,1,1,1,1,0,FOREX,0,,0,prod,1,1,1,1,1,1.016765911487879,0.0488741863194963,0.10489808985167,0.8462277238288336,1.016765911487879,1,0.5583829557438946,2.0406929103899296,2.581246508835412,0.7905842791088693,1,2.0406929103899296,2,2.9936600430970093,1.8274878078316452,1,1.3154700577183915,0.5688724441287963,4,0,0.0,0,2.9082695007492383,0,7,11,2.851414806733696,0,15.0,14.0,2.9936600430970093,13.0,0.230281541776693,1.3582195795545056,0.7324924414101667,1.0,0.0,-0.5474976832107393,0.0,1.2159743431911922,0.0,0.0,0.0,off,0.0,1,1,1,1,1,0,0,1,2,sl,1,642,643,642,657,639,208.7030029296875,0.0375987447793669,0.0,1.0,0.0,2026-10-05 04:30:00+00:00,266
NZDUSD|M5|bull|2026-10-08T04:20:00+00:00,NZDUSD,M5,bull,2026-10-08T04:20:00+00:00,2026-10-08T04:55:00+00:00,2026-10-08T05:35:00+00:00,echec,0.5602554678916931,0.5603182315826416,0.5603182315826416,0.5602510498075006,0.5604525951329236,8.836168385022154e-05,4,bull,False,,,0.468,1.868,closed,-1.0,sl,m15,2026-10-08T05:45:00+00:00,-1.0,-1.0,False,1,1,1,1,0,FOREX,1,"contact,sl",2,prod,1,1,1,1,1,0.7103043787041747,1.0,0.0,0.0,0.7103043787041747,0,0.7603043787039628,1.0664683976555558,1.0664683976555558,1.0,1,1.0664683976555558,1,1.0664683976555558,1.0664683976555558,7,0.3554894658851852,2.843915727081482,11,0,0.0,2,3.9097095716708425,0,1,5,7.821442802540272,0,15.0,8.0,4.6227121626398,5.0,0.92454243252796,0.7103043787041747,0.7103043787041747,0.0,0.0,2.843915727081482,0.0,0.3554894658851852,1.0,1.0,0.0,off,3.0,1,1,1,1,1,1,1,1,0,sl,1,1234,1241,1234,1249,1230,0.5605695247650146,0.0119899320340194,0.0,0.0,0.0,2026-10-08 05:35:00+00:00,364
XRP|M5|bear|2026-10-08T06:15:00+00:00,XRP,M5,bear,2026-10-08T06:15:00+00:00,2026-10-08T06:25:00+00:00,2026-10-08T06:50:00+00:00,echec,1.4044,1.4072,1.4051,1.4073992221078295,1.400501555784341,0.0039844421565897,4,range,False,London,London,0.957,1.348,pending,,,,,-1.0,1.0,False,1,0,1,1,1,CRYPTO,1,sl,1,prod,1,1,1,1,1,0.7027332534791814,0.1071428571428486,0.2499999999999801,0.6428571428571712,0.7027332534791814,0,0.5770499401094087,1.5309545879368338,1.606247436523883,0.9531250000000048,1,1.5309545879368338,3,2.258785457611754,1.1795879611972708,2,0.2007809295655201,1.4807593555454677,6,0,0.0,0,2.635249700547,0,5,11,4.316789985657987,0,7.0,5.0,2.258785457611754,4.0,0.5646963644029385,1.3301736583713135,1.3050760421756304,1.0,0.0,1.5560522041325169,3.0,0.3764642429353016,0.0,0.0,1.0,London,3.0,1,1,1,1,1,1,0,1,1,sl,0,1257,1259,1257,1264,1253,1.3985,0.1636340550729138,0.0,0.0,,2026-10-08 06:50:00+00:00,367
XAGUSD|M15|bull|2026-10-02T20:45:00+00:00,XAGUSD,M15,bull,2026-10-02T20:45:00+00:00,2026-10-04T22:00:00+00:00,2026-10-06T02:30:00+00:00,reaction,60.415000915527344,60.709999084472656,60.5625,60.40150047839606,60.88449904320788,0.2700087426257427,4,bull,False,,,2.997,0.0,unfilled,,,m15,,-1.0,-1.0,False,1,1,1,1,0,METAUX,0,,0,prod,1,1,1,1,1,1.092550434021344,0.8474628872911601,0.1525371127088398,0.0,1.092550434021344,1,0.5962752170106624,0.2036982382160003,0.6296024613578747,0.3235346916793825,1,0.2036982382160003,1,1.9258652616461425,0.9258959453269382,1,0.1851904915061265,1.3147705469981414,6,0,0.0,0,3.018415695667486,0,5,13,3.999863137225893,0,111.0,110.0,6.259065632362693,56.0,0.1117690291493338,1.407351664700281,0.0740592429413423,0.0,0.0,0.7036758323501405,1.0,0.9073881986170644,0.0,0.0,0.0,off,1.0,0,1,1,1,1,1,1,1,1,sl,3,635,636,635,746,630,61.06499862670898,0.2658402833501602,0.0,1.0,,2026-10-06 02:30:00+00:00,290
BNB|H1|bull|2026-09-20T21:00:00+00:00,BNB,H1,bull,2026-09-20T21:00:00+00:00,2026-09-20T22:00:00+00:00,2026-09-21T07:00:00+00:00,reaction,762.54,768.4,765.47,762.2580094131015,771.8939811737971,5.639811737969989,4,bull,False,,London,2.587,0.0,unfilled,,,h1,,1.0,1.0,True,1,1,1,1,0,CRYPTO,0,,0,prod,1,1,1,1,1,1.0390417751974963,0.4112627986348059,0.0187713310580227,0.5699658703071714,1.0390417751974963,1,0.5695208875987535,1.4947307448660303,2.3369574397786748,0.63960546282246,1,1.4947307448660303,1,2.5178145405809658,0.5283864317557253,1,0.4149074665464451,0.6347729616394318,4,0,0.0,0,2.7376800356739524,0,5,7,4.624267832278273,0,10.0,9.0,2.9362682247901977,6.0,0.4893780374650329,1.3777055619939431,0.6560502676161529,1.0,0.0,0.792579647633588,4.0,0.7110166413894097,0.0,0.0,0.0,London,0.0,1,1,1,1,1,1,1,1,0,sl,0,442,443,442,452,439,771.98,0.4196102508130347,0.0,1.0,,2026-09-21 07:00:00+00:00,135
GBPAUD|D|bear|2026-08-31T23:00:00+00:00,GBPAUD,D,bear,2026-08-31T23:00:00+00:00,2026-09-02T23:00:00+00:00,2026-09-13T23:00:00+00:00,echec,1.887869954109192,1.8969199657440183,1.8891099691390991,1.8974328528941675,1.8724642016289628,0.0102577430029751,4,bear,True,,,1.894,2.527,closed,-0.2463,time,h1,2026-09-13T23:00:00+00:00,1.0,-1.0,False,1,1,1,1,0,FOREX,0,,0,prod,1,1,1,1,1,0.8822614908758988,0.0276222716914525,0.1370180591962274,0.8353596691123201,0.8822614908758988,0,0.8113757336925117,0.0097503509206749,1.2605146753408902,0.0077352141243719,1,0.0097503509206749,3,1.2478357327253284,0.2934286178738038,2,0.3470497372397086,0.2125204616047467,4,0,0.0,0,2.099869973607573,0,4,4,3.229760162240017,0,9.0,7.0,1.4242833823422625,3.0,0.4747611274474207,0.6638954672769929,0.0087741536890459,0.0,0.0,1.1474268746149214,2.0,0.0204652776773641,1.0,1.0,0.0,off,6.0,0,1,1,1,1,1,0,1,2,sl,12,774,776,774,783,772,1.8856899738311768,0.4405716920154237,0.0,0.0,0.0,2026-09-13 23:00:00+00:00,113
CADJPY|M15|bear|2026-10-07T14:30:00+00:00,CADJPY,M15,bear,2026-10-07T14:30:00+00:00,2026-10-07T16:00:00+00:00,2026-10-08T07:15:00+00:00,echec,110.9980010986328,111.06800079345705,111.02200317382812,111.07277987272352,110.92044977603732,0.095581585330024,4,range,False,NY,London,1.97,1.28,pending,,,,,-1.0,-1.0,True,1,0,1,1,1,FOREX,1,"contact,sl",2,prod,1,1,1,1,1,0.7323554488296444,0.4856675749318801,0.3428882833787466,0.1714441416893733,0.7323554488296444,0,0.5312393461573462,1.0357541475763996,1.4437978592294942,0.7173816895179125,1,1.0357541475763996,3,1.265957211818873,0.3138552179616525,6,0.4289567500828893,1.2973267694635653,8,1,0.0313695576446921,2,2.7411246286930595,0,7,8,6.193691667785968,0,67.0,61.0,5.210220116284056,26.0,0.2003930813955406,1.328776147865623,0.8997395770253681,1.0,0.0,0.6800728527551576,1.0,0.3975871924381972,0.0,0.0,0.0,London,3.0,1,1,1,1,1,0,1,1,1,sl,2,889,895,890,956,887,110.8740005493164,0.0457357077370537,0.0,0.0,,2026-10-08 07:15:00+00:00,368
BTC|M5|bear|2026-10-08T03:25:00+00:00,BTC,M5,bear,2026-10-08T03:25:00+00:00,2026-10-08T04:15:00+00:00,2026-10-08T04:30:00+00:00,reaction,82921.76,83028.15,82949.56,83034.46760189168,82779.74479621663,126.35203783370288,4,bear,False,,,4.282,0.0,closed,-1.0,sl,m15,2026-10-08T05:15:00+00:00,-1.0,1.0,False,1,1,1,1,0,CRYPTO,1,"contact,reaction",2,prod,1,1,1,1,1,0.8420125375423204,0.1358210358116098,0.2613027540182636,0.6028762101701266,0.8420125375423204,0,0.6719923425646093,0.8310906717484269,1.2317173720998562,0.6747413737711331,1,0.8310906717484269,1,0.814470441192512,0.1090603700285013,10,0.3552772141204481,2.150816121839438,11,0,0.0,3,3.483521180555028,0,4,7,5.122592489183851,0,13.0,3.0,5.494173358040037,2.0,2.7470866790200184,1.0736668939091527,0.4218372802988638,0.0,0.0,1.1756043079850698,1.0,0.3451467878768802,0.0,0.0,0.0,off,3.0,0,0,1,1,1,1,0,1,3,sl,3,1223,1233,1223,1236,1222,82650.0,0.1023605211307717,0.0,1.0,0.0,2026-10-08 04:30:00+00:00,363
USDCAD|W|bear|2025-05-11T23:00:00+00:00,USDCAD,W,bear,2025-05-11T23:00:00+00:00,2025-05-18T23:00:00+00:00,2025-08-17T23:00:00+00:00,echec,1.390339970588684,1.4014999866485596,1.3924000263214111,1.4033033148388068,1.37059344928662,0.0360665638049431,4,bear,True,,,1.803,1.001,,,,,,,1.0,False,1,1,1,1,0,FOREX,0,,0,prod,1,1,1,1,1,0.3094283148300899,0.3942659986968179,0.1845925419528504,0.4211414593503316,0.3094283148300899,0,0.3023101556434178,0.6061016400009372,0.6765267668911893,0.8959019356856001,1,0.6061016400009372,1,0.7439011408777148,0.1192239523188755,1,0.0729205964918919,0.3967664456297342,3,0,0.0,0,0.7957507192100649,0,4,5,5.330977510137323,0,14.0,13.0,1.0059155332766476,9.0,0.1117683925862941,0.3928827677728774,0.0443631695274305,1.0,0.0,0.3465827172036443,1.0,0.2395551659841741,0.0,0.0,0.0,off,6.0,0,0,1,0,1,1,1,1,3,sl,7,726,727,726,740,724,1.3760299682617188,0.7830571898365366,0.0,0.0,,2025-08-17 23:00:00+00:00,29
NZDUSD|M15|bull|2026-10-06T10:45:00+00:00,NZDUSD,M15,bull,2026-10-06T10:45:00+00:00,2026-10-06T11:15:00+00:00,2026-10-07T04:15:00+00:00,echec,0.5605067014694214,0.5607895851135254,0.560758113861084,0.5604891773413352,0.5612959869005816,0.000350482561724,4,bull,False,,,0.585,1.519,closed,-0.5844,time,m15,2026-10-07T04:15:00+00:00,-1.0,-1.0,False,1,1,1,1,0,FOREX,1,"contact,sl",2,prod,1,1,1,1,1,0.8071261597508789,0.888748419721871,0.1112515802781289,0.0,0.8071261597508789,0,0.7673320989947632,1.435174391516575,1.435174391516575,1.0,1,1.5288799359798568,3,3.597374559041369,1.077528729073234,2,1.7984321827571732,0.8079764822959177,5,1,0.1792479924941901,0,3.59278281729816,0,8,10,5.638658860661639,0,70.0,68.0,6.125043356423863,51.0,0.1200988893416443,0.7178422925217993,0.7178422925217993,1.0,0.0,0.3591762430244113,4.0,0.4488002392715063,0.0,0.0,0.0,off,2.0,1,1,1,1,0,0,1,1,2,sl,7,778,780,779,848,775,0.5610727667808533,0.0479594522310238,0.0,0.0,0.0,2026-10-07 04:15:00+00:00,326
BNB|H4|bear|2026-09-27T20:00:00+00:00,BNB,H4,bear,2026-09-27T20:00:00+00:00,2026-09-28T04:00:00+00:00,2026-09-30T12:00:00+00:00,reaction,774.08,780.19,778.53,780.6269662739684,774.3360674520632,8.739325479366439,4,bear,False,,,7.373,0.424,closed,2.0,tp,m15,2026-09-30T13:00:00+00:00,1.0,1.0,False,1,1,1,1,0,CRYPTO,0,,0,prod,1,1,1,1,1,0.6991386251062205,0.0605564648117845,0.728314238952524,0.2111292962356914,0.6991386251062205,0,0.2399460094396696,0.9405760226469948,1.9051813597411669,0.493693693693696,1,1.1762921548432064,2,1.8227951387793964,0.0903959924441844,2,0.7334662171736368,0.8307277280312837,8,1,0.4988943380463248,0,2.885806239800128,0,9,19,2.685561952740245,0,16.0,14.0,2.7015814957050472,5.0,0.5403162991410094,1.870853767673751,0.0377603512741539,0.0,1.0,1.2964387270791309,1.0,0.4679995051856723,0.0,0.0,0.0,off,2.0,1,0,1,1,0,0,0,1,4,tp,0,746,748,747,762,740,766.82,0.2693494501134709,1.0,1.0,1.0,2026-09-30 12:00:00+00:00,192
GBPJPY|H1|bull|2026-09-15T10:00:00+00:00,GBPJPY,H1,bull,2026-09-15T10:00:00+00:00,2026-09-15T13:00:00+00:00,2026-09-15T21:00:00+00:00,echec,208.55599975585935,208.7969970703125,208.78700256347656,208.5428483709809,209.2753109484679,0.2630276975694899,4,bull,False,,,1.212,1.806,closed,-1.0,sl,h1,2026-09-15T21:00:00+00:00,-1.0,-1.0,False,1,1,1,1,0,FOREX,0,,0,prod,1,1,1,1,1,0.916243105498254,0.5352665569203495,0.0414714448524756,0.4232619982271748,0.916243105498254,0,0.9282451800771562,0.7527650080375677,0.9694402010878388,0.7764945245646581,1,0.7527650080375677,4,1.4599325055697772,0.1178805869553281,3,0.087424234518543,1.1253767255641782,5,0,0.0,0,2.376175611068031,0,10,13,4.083239662124864,0,11.0,8.0,1.61963981653829,6.0,0.2699399694230484,2.8019844241842264,0.0494263090974112,1.0,1.0,0.1445081408000602,0.0,0.8934443502455749,0.0,0.0,0.0,off,1.0,0,0,1,0,1,0,1,1,4,sl,0,458,461,458,469,456,209.09300231933597,0.1169393638004079,0.0,0.0,0.0,2026-09-15 21:00:00+00:00,117
USDJPY|M30|bear|2026-10-07T23:30:00+00:00,USDJPY,M30,bear,2026-10-07T23:30:00+00:00,2026-10-08T00:00:00+00:00,2026-10-08T02:30:00+00:00,echec,157.93800354003906,158.10800170898438,158.02300262451172,158.1137430022569,157.84152186902134,0.1148258654509223,4,bear,False,,,1.389,2.028,closed,-1.0,sl,m15,2026-10-08T02:30:00+00:00,1.0,1.0,False,1,1,1,1,0,FOREX,1,"contact,sl",2,prod,1,1,1,1,1,1.4804867202849108,0.4588457050534063,0.4294049008168028,0.1117493941297908,1.4804867202849108,1,0.7902433601423636,2.063990641725629,2.751943226853982,0.7500120720459703,1,2.063990641725629,4,3.1787741527632485,0.4616471471384777,1,0.2787955425148319,0.4266980395686965,11,1,0.0174081106146058,0,2.751943226853982,0,10,19,4.345649109304116,1,6.0,5.0,3.1787741527632485,4.0,0.7946935381908121,2.699718895010165,2.238204634212257,1.0,1.0,0.5748663093037002,1.0,0.2786626561742624,0.0,0.0,1.0,off,3.0,1,1,1,1,1,0,1,1,1,sl,0,862,863,863,868,852,157.88900756835938,0.0574222589358118,0.0,0.0,0.0,2026-10-08 02:30:00+00:00,350
NZDUSD|M30|bull|2026-10-02T10:30:00+00:00,NZDUSD,M30,bull,2026-10-02T10:30:00+00:00,2026-10-02T12:30:00+00:00,2026-10-02T12:00:00+00:00,reaction,0.5608525276184082,0.5612301826477051,0.5611987113952637,0.5608218432475254,0.5619524476907403,0.0006136874176565,4,bull,False,,,5.957,0.084,closed,2.0,tp,m15,2026-10-02T12:15:00+00:00,-1.0,-1.0,False,1,1,1,1,0,FOREX,0,,0,prod,1,1,1,1,1,0.6153866258803716,0.7501578282828283,0.0833333333333333,0.1665088383838383,0.6153866258803716,0,0.614104407057011,0.615580876709248,0.8207097520027052,0.7500591715976331,1,0.615580876709248,2,0.7705930381525992,0.0513793442378024,4,0.464259481014548,2.109272625354172,9,1,0.1025644376467286,2,4.324994704932599,0,2,5,5.993415074151827,0,,,,,,,,,,,,,,,,,,0,0,1,1,0,1,1,1,3,tp,1,694,698,695,697,689,0.5625246167182922,0.0671541363310188,1.0,1.0,1.0,2026-10-02 12:00:00+00:00,225
GBPUSD|W|bull|2024-09-08T23:00:00+00:00,GBPUSD,W,bull,2024-09-08T23:00:00+00:00,2024-09-15T23:00:00+00:00,2024-09-29T23:00:00+00:00,reaction,1.3003225326538086,1.3156856298446655,1.313232183456421,1.2994163937181544,1.3408637629329538,0.0181227787130827,4,bull,False,,,2.116,0.429,,,,,,,1.0,,1,1,1,1,0,FOREX,0,,0,prod,1,1,1,1,1,0.8477230470052805,0.0476896217264791,0.1596973811833171,0.7926129970902037,0.8477230470052805,0,0.7623438964297967,1.004611833768601,1.1333473352463146,0.8864112549841262,1,1.004611833768601,2,1.5232703364519715,0.5214212082487805,1,0.3057394159053768,0.5834834154145986,3,0,0.0,0,1.8656813798029692,0,4,4,5.3050195832746745,0,3.0,2.0,1.5232703364519715,1.0,1.5232703364519715,1.9397087332151703,1.4363174677158876,1.0,1.0,-1.3188432803524168,0.0,1.1871740486790534,0.0,0.0,0.0,off,6.0,1,1,1,1,1,1,0,1,1,sl,2,691,692,691,694,689,1.326259970664978,1.052044711690158,0.0,1.0,,2024-09-29 23:00:00+00:00,17
GBPJPY|H1|bear|2026-09-17T10:00:00+00:00,GBPJPY,H1,bear,2026-09-17T10:00:00+00:00,2026-09-17T13:00:00+00:00,2026-09-17T23:00:00+00:00,reaction,208.4969940185547,208.7209930419922,208.61199951171875,208.7369729087187,208.36205271771885,0.3195973345302494,4,bear,False,,,3.017,0.0,closed,-1.0,sl,h1,2026-09-18T00:00:00+00:00,-1.0,-1.0,True,1,1,1,1,0,FOREX,0,,0,prod,1,1,1,1,1,0.7008788848841253,0.0669618528610354,0.5134196185286104,0.4196185286103542,0.7008788848841253,0,0.3910339151721989,0.710284412154028,2.25283862821133,0.3152841944644598,1,0.710284412154028,4,1.8429104193819643,0.0218666573076927,3,0.1282875724580139,0.8447786777343129,7,0,0.0,0,1.8804847846683272,0,8,14,3.5701376277234496,0,13.0,10.0,1.9711979918399785,9.0,0.2190219990933309,1.0482149807650525,0.7353021598161045,1.0,0.0,-0.084458770256132,1.0,0.5350169471397485,0.0,0.0,0.0,off,3.0,0,0,1,1,1,0,0,1,4,sl,0,506,509,506,519,502,208.2270050048828,0.0599070989648139,0.0,1.0,0.0,2026-09-17 23:00:00+00:00,126
GBPUSD|M30|bull|2026-10-02T12:00:00+00:00,GBPUSD,M30,bull,2026-10-02T12:00:00+00:00,2026-10-02T12:30:00+00:00,2026-10-05T02:30:00+00:00,echec,1.3197312355041504,1.3207597732543943,1.3202455043792725,1.3196811718333228,1.3213741694711718,0.0010012734165506,4,range,False,NY,,3.759,1.035,closed,-1.0,sl,m15,2026-10-05T02:45:00+00:00,-1.0,-1.0,False,1,0,1,1,1,FOREX,0,,0,prod,1,1,1,1,1,1.027229658995067,0.2714418173388966,0.0,0.7285581826611034,1.027229658995067,1,0.563614829497606,0.1750147889108424,1.8001521145115218,0.0972222222222222,0,0.6992257518866513,0,3.756388846888428,0.5402837497125189,1,1.502865088722152,1.2729647095474332,9,0,0.0,1,4.013077203957663,0,7,14,2.9956102746841533,1,26.0,25.0,4.826003039796596,21.0,0.2298096685617426,2.7015378062421256,2.5791465116840677,1.0,1.0,1.8878976243260053,1.0,1.2904661884385176,0.0,0.0,1.0,off,0.0,0,1,1,1,1,0,1,1,2,sl,0,698,699,698,724,690,1.3220343589782717,0.0427445156281749,0.0,0.0,0.0,2026-10-05 02:30:00+00:00,261
NZDUSD|M15|bull|2026-10-01T11:15:00+00:00,NZDUSD,M15,bull,2026-10-01T11:15:00+00:00,2026-10-01T11:45:00+00:00,2026-10-01T13:15:00+00:00,reaction,0.5606952905654907,0.5609468817710876,0.5609468817710876,0.5606718439680561,0.5614969573771507,0.0004689319486912,4,bull,False,,NY,3.668,0.0,closed,2.0,tp,m15,2026-10-01T13:15:00+00:00,-1.0,-1.0,False,1,1,1,1,0,FOREX,0,,0,prod,1,1,1,1,1,0.5365196513035316,0.8751480691779199,0.0,0.12485193082208,0.5365196513035316,0,0.5865196513035765,1.7460721274476698,1.7460721274476698,1.0,1,1.7460721274476698,2,2.8249583629995243,1.747216092589042,2,1.077106734220831,1.410763233787704,4,0,0.0,0,3.361478014303056,0,5,8,4.7029678034187805,0,8.0,6.0,2.8249583629995243,6.0,0.470826393833254,0.6713804307475134,0.3358173226116869,0.0,0.0,0.8734809390565907,2.0,0.3355631081358265,0.0,0.0,0.0,NY,3.0,1,1,1,1,1,1,1,1,0,tp,2,497,499,497,505,495,0.5616084337234497,0.0490309888457043,1.0,1.0,1.0,2026-10-01 13:15:00+00:00,214
BNB|M5|bull|2026-10-07T13:45:00+00:00,BNB,M5,bull,2026-10-07T13:45:00+00:00,2026-10-07T13:50:00+00:00,2026-10-07T15:00:00+00:00,reaction,763.45,765.7,764.575,763.370999793579,766.9830004128421,1.5800041284202904,4,bear,False,NY,NY,2.238,0.0,closed,-1.0,sl,m15,2026-10-08T04:15:00+00:00,-1.0,1.0,False,1,0,1,1,1,CRYPTO,1,"contact,reaction",2,prod,1,1,1,1,1,1.4240469119847052,0.3244444444444525,0.1288888888889232,0.5466666666666242,1.4240469119847052,1,0.7620234559923614,2.417715201680731,2.51898075986629,0.9597989949748824,1,2.417715201680731,1,1.886071021206349,1.2151866982269224,1,0.537973277860903,1.2278448930001085,4,0,0.0,0,3.2531560567117177,0,3,7,3.1961941802323093,0,15.0,14.0,1.886071021206349,13.0,0.1450823862466422,0.8670863419640233,0.6835425177526124,1.0,0.0,0.1582274346649672,1.0,0.5189859857010523,0.0,0.0,0.0,NY,2.0,1,1,1,1,1,1,1,1,0,sl,0,1059,1060,1059,1074,1056,767.64,0.157473132972047,0.0,1.0,0.0,2026-10-07 15:00:00+00:00,343
CADJPY|M15|bear|2026-10-07T23:45:00+00:00,CADJPY,M15,bear,2026-10-07T23:45:00+00:00,2026-10-08T00:00:00+00:00,2026-10-08T02:15:00+00:00,reaction,110.78600311279295,110.8939971923828,110.84000015258788,110.89824403490542,110.72351238795284,0.0849368504520222,4,bear,False,,,2.678,0.0,closed,-1.0,sl,m15,2026-10-08T02:30:00+00:00,-1.0,-1.0,True,1,1,1,1,0,FOREX,1,reaction,1,prod,1,1,1,1,1,1.2714631990133156,0.5833980925468033,0.3240551042034617,0.092546803249735,1.2714631990133156,1,0.6857315995067008,1.824960636831758,2.495948280535712,0.7311692518083996,1,1.824960636831758,3,2.6019409739186656,0.1412936497384631,1,0.023623795220099,0.6475434971167073,10,1,0.1177596788347903,0,2.495948280535712,0,10,20,1.989698433157468,1,10.0,9.0,3.3672441498701637,6.0,0.5612073583116939,1.3893127021645322,1.0008225336210783,1.0,0.0,0.7416793807313986,0.0,0.8359949129789422,0.0,0.0,0.0,off,3.0,1,0,1,0,0,0,1,1,4,sl,1,926,927,927,936,917,110.7310028076172,0.0525477104270526,0.0,1.0,0.0,2026-10-08 02:15:00+00:00,349
EURUSD|W|bear|2022-03-27T23:00:00+00:00,EURUSD,W,bear,2022-03-27T23:00:00+00:00,2022-04-17T23:00:00+00:00,2023-01-30T00:00:00+00:00,reaction,1.094534993171692,1.1183055639266968,1.1064202785491943,1.1192284864333188,1.080803862780945,0.0184584501324422,4,bear,False,,,2.03,0.0,,,,,,,,,1,1,1,1,0,FOREX,0,,0,prod,1,1,1,1,1,1.287788009526656,0.2853632360758668,0.1537246366636242,0.5609121272605089,1.287788009526656,1,0.6938940047633257,0.926926820469819,1.1925094440932766,0.7772909682695276,1,0.926926820469819,4,1.0117946865553638,0.0680699572743049,3,0.0322589598278134,0.7409033812545363,6,0,0.0,0,2.281396263474388,0,7,7,4.336321066632072,0,44.0,41.0,7.612697962225044,18.0,0.422927664568058,1.2049867835101606,0.2270656193365548,0.0,0.0,1.130994610787987,3.0,0.3849569206119065,0.0,0.0,0.0,off,0.0,0,0,1,0,1,0,1,1,4,sl,3,563,566,563,607,560,1.0808590650558472,1.157625915978277,0.0,1.0,,2023-01-30 00:00:00+00:00,6
NZDCHF|M30|bull|2026-09-24T07:00:00+00:00,NZDCHF,M30,bull,2026-09-24T07:00:00+00:00,2026-09-24T07:30:00+00:00,2026-09-24T12:30:00+00:00,reaction,0.4671399891376495,0.467739999294281,0.4676699936389923,0.4670996042893514,0.468810772338274,0.0008076969659617,4,range,False,London,NY,3.138,0.0,closed,-1.0,sl,m15,2026-09-24T21:00:00+00:00,-1.0,-1.0,False,1,0,1,1,1,FOREX,0,,0,prod,1,1,1,1,1,0.742865433346088,0.416629414394278,0.1166741171211444,0.4666964684845776,0.742865433346088,0,0.7061922647706381,3.020941818126671,3.677134082897288,0.8215479093289985,1,3.020941818126671,1,3.0828564953806685,1.4361769861486011,1,0.9780895498504,1.6095233232995434,12,0,0.0,0,3.825721928726757,0,10,13,7.60185307900931,1,11.0,10.0,3.0828564953806685,10.0,0.3082856495380668,2.1295254368517424,0.4952436222307254,0.0,1.0,-0.0123607967104226,1.0,1.5723671373670192,0.0,0.0,0.0,NY,3.0,1,1,1,1,1,0,1,1,1,sl,0,403,404,403,414,392,0.4690400063991546,0.1219640681247503,0.0,1.0,0.0,2026-09-24 12:30:00+00:00,151
XPTUSD|D|bear|2025-10-30T04:00:00+00:00,XPTUSD,D,bear,2025-10-30T04:00:00+00:00,2025-11-20T05:00:00+00:00,2025-11-10T05:00:00+00:00,echec,1587.0999755859375,1608.300048828125,1587.0999755859375,1609.875026624789,1541.549873508235,31.49955593327949,4,bear,False,,,0.0,1.546,,,,,,,1.0,False,1,1,1,1,0,METAUX,0,,0,prod,1,1,1,1,1,0.6730276860757101,1.0,0.0,0.0,0.6730276860757101,0,0.7230276860757082,0.0,0.0,,0,0.0,0,1.4222399468965554,0.4158781036051777,15,0.7016002924949523,1.8666906569209756,10,9,0.4444507100244199,0,3.6857693455160576,1,6,9,8.384244404757277,1,,,,,,,,,,,,,,,,,,0,1,0,1,0,0,1,1,4,sl,2,566,581,575,573,571,1528.300048828125,1.435010483850783,0.0,0.0,,2025-11-10 05:00:00+00:00,33
EURNZD|M15|bull|2026-10-02T12:30:00+00:00,EURNZD,M15,bull,2026-10-02T12:30:00+00:00,2026-10-02T14:00:00+00:00,2026-10-02T13:15:00+00:00,reaction,1.9944499731063845,1.9994399547576904,1.9969449639320371,1.9943357043688064,2.0021634830585,0.002285374751557,4,bear,False,NY,NY,2.949,0.0,unfilled,,,m15,,-1.0,1.0,False,1,0,1,1,1,FOREX,0,,0,prod,1,1,1,1,1,2.1834413143430167,0.0060202107073747,0.0420698057765355,0.9519099835160896,2.1834413143430167,1,1.1417206571715353,0.4550596532723781,1.1114639032471152,0.4094236906326262,1,0.4550596532723781,2,1.1551755022203216,0.1488176513968472,6,0.3106757559479922,2.292824635401267,16,0,0.0,1,5.570203483952023,0,2,2,5.049524270407217,0,,,,,,,,,,,,,,,,,,0,0,1,1,1,1,0,1,3,tp,14,599,605,599,602,589,2.004679918289185,0.1306625675899095,1.0,1.0,,2026-10-02 13:15:00+00:00,238
NZDUSD|M5|bear|2026-10-08T00:05:00+00:00,NZDUSD,M5,bear,2026-10-08T00:05:00+00:00,2026-10-08T01:00:00+00:00,2026-10-08T00:50:00+00:00,reaction,0.5600985884666443,0.5601613521575928,0.5600985884666443,0.560166628170508,0.5599625090589169,0.0001055202583051,4,bear,False,,,5.069,0.922,closed,-1.0,sl,m15,2026-10-08T01:15:00+00:00,-1.0,-1.0,True,1,1,1,1,0,FOREX,0,,0,prod,1,1,1,1,1,0.5948022868458404,1.0,0.0,0.0,0.5948022868458404,0,0.6448022868454975,0.0,0.2976835756578896,0.0,0,0.5942374223759013,0,1.4861584204096925,0.2976835756578896,11,1.485028691469814,1.7832771315976428,4,8,0.2971187111879506,0,4.160226821101248,1,5,11,2.0815255717254715,0,,,,,,,,,,,,,,,,,,0,1,0,1,0,1,1,1,3,tp,2,1183,1194,1191,1192,1190,0.5599104166030884,0.0121478084867127,1.0,1.0,0.0,2026-10-08 00:50:00+00:00,355
NZDUSD|M5|bull|2026-10-07T08:10:00+00:00,NZDUSD,M5,bull,2026-10-07T08:10:00+00:00,2026-10-07T09:00:00+00:00,2026-10-07T09:30:00+00:00,reaction,0.5603496432304382,0.560538113117218,0.5604438781738281,0.5603421051730054,0.5606474241754735,0.0001507611486572,4,bear,False,London,,2.779,0.0,closed,2.0,tp,m15,2026-10-07T09:30:00+00:00,-1.0,-1.0,False,1,0,1,1,1,FOREX,0,,0,prod,1,1,1,1,1,1.250122385364978,0.6666666666666666,0.0,0.3333333333333333,1.250122385364978,1,0.6750611926821348,1.45887147438228,1.45887147438228,1.0,1,1.45887147438228,1,1.2509131016112558,1.0425593707170928,10,0.4178935361577425,3.7551114535726007,17,0,0.0,4,5.423127375095321,0,0,0,5.631876464112623,1,16.0,6.0,4.173004989730343,6.0,0.6955008316217238,1.2509131016112558,1.2509131016112558,1.0,0.0,-0.4174981780346037,0.0,2.0855140995573245,0.0,0.0,0.0,off,2.0,1,1,1,1,1,1,1,1,0,tp,1,992,1002,992,1008,985,0.5611042380332947,0.0181593563220502,1.0,1.0,1.0,2026-10-07 09:30:00+00:00,326
LINK|H1|bull|2026-09-28T09:00:00+00:00,LINK,H1,bull,2026-09-28T09:00:00+00:00,2026-09-28T16:00:00+00:00,2026-10-02T18:00:00+00:00,echec,13.476,13.742,13.693,13.45867439218342,14.161651215633158,0.346512156331602,4,range,False,London,,2.031,2.309,closed,-1.0,sl,m15,2026-10-02T18:30:00+00:00,1.0,1.0,True,1,0,1,1,1,CRYPTO,0,,0,prod,1,1,1,1,1,0.7676498360578315,0.4436090225563922,0.1842105263157942,0.3721804511278136,0.7676498360578315,0,0.6762406557313869,0.9840924590064662,1.059125901628665,0.9291553133514944,1,0.9840924590064662,3,3.6737527868481927,0.4819455737656306,7,0.7272472131074161,3.6737527868481927,4,3,0.0,2,3.558316721275584,1,3,3,2.256775081944447,0,105.0,98.0,5.872809836006338,90.0,0.0652534426222926,2.934961967183517,1.3534878688388066,1.0,1.0,0.3289927868819249,5.0,1.1312734426115396,0.0,0.0,0.0,off,4.0,0,1,1,1,1,1,1,1,1,sl,0,622,629,625,727,625,15.015,1.7112802732533368,0.0,0.0,0.0,2026-10-02 18:00:00+00:00,245
DOGE|H1|bull|2026-09-18T18:00:00+00:00,DOGE,H1,bull,2026-09-18T18:00:00+00:00,2026-09-18T20:00:00+00:00,2026-09-18T23:00:00+00:00,echec,0.08719,0.08765,0.08765,0.087145972390014,0.0886580552199718,0.0008805521997181,4,bull,False,,,1.587,1.19,closed,-0.3571,time,h1,2026-09-18T23:00:00+00:00,1.0,1.0,True,1,1,1,1,0,CRYPTO,0,,0,prod,1,1,1,1,1,0.5223994672289346,0.5869565217391416,0.0,0.4130434782608584,0.5223994672289346,0,0.5723994672289414,0.7041036297433383,0.9539468532006672,0.7380952380952263,1,0.7041036297433383,2,0.988016383672106,0.0567825507857472,2,0.0340695304714388,0.6927471195861921,4,0,0.0,0,1.4536333001152777,0,5,5,8.051765701419844,0,5.0,3.0,1.1924335665008183,1.0,1.1924335665008183,0.9539468532006672,0.7608861805290856,1.0,0.0,-0.1476346320429649,2.0,0.5451124875432272,0.0,0.0,0.0,off,4.0,0,0,1,0,1,1,1,1,3,sl,2,391,393,391,396,389,0.08826,0.5750457615355541,0.0,0.0,0.0,2026-09-18 23:00:00+00:00,130
NZDJPY|M15|bear|2026-10-08T06:30:00+00:00,NZDJPY,M15,bear,2026-10-08T06:30:00+00:00,2026-10-08T07:00:00+00:00,2026-10-08T07:15:00+00:00,touchee,88.50700378417969,88.572998046875,88.51799774169922,88.5764847014807,88.40102382213627,0.0697330921137836,4,range,False,London,London,1.334,0.291,pending,,,,,-1.0,-1.0,True,1,0,1,1,1,FOREX,1,contact,1,prod,1,1,1,1,1,0.9463837138847868,0.7728323699421965,0.1665895953757225,0.0605780346820809,0.9463837138847868,0,0.8387260339186248,1.118592727255267,1.34802239754618,0.8298027757487217,1,1.118592727255267,2,1.3193573648250454,0.1577670884880765,2,0.2150971539303457,0.659733386673441,4,1,0.0861045066852401,0,2.3518455853950724,0,3,7,4.718023687150712,0,3.0,1.0,1.3193573648250454,1.0,1.3193573648250454,1.26191789086094,1.1759227926975362,1.0,0.0,-1.0324882205700268,0.0,0.8748305406037866,0.0,0.0,0.0,London,3.0,1,0,1,1,1,1,1,1,1,open,0,953,955,954,956,951,88.46099853515625,0.0660735232084036,,,,2026-10-08 07:15:00+00:00,369
AUDNZD|H1|bull|2026-09-25T13:00:00+00:00,AUDNZD,H1,bull,2026-09-25T13:00:00+00:00,2026-09-25T14:00:00+00:00,2026-09-25T16:00:00+00:00,echec,1.238620042800903,1.2400699853897097,1.23989999294281,1.2385469613964974,1.2426060560354353,0.0014616280881176,4,bear,False,NY,,0.887,1.655,closed,0.7908,time,m15,2026-09-25T16:00:00+00:00,1.0,1.0,True,1,0,1,1,1,FOREX,0,,0,prod,1,1,1,1,1,0.9920051486376532,0.4068897475951656,0.1172408122995971,0.4758694401052372,0.9920051486376532,0,0.9257016592059842,0.8757016592059923,1.6077774804813008,0.5446659564754223,1,0.8757016592059923,2,0.8825526361430607,0.2121356073013678,1,0.0751976278092507,0.4515935631017583,4,0,0.0,0,1.7651052722861214,0,10,18,4.002357038485206,1,3.0,2.0,0.8825526361430607,1.0,0.8825526361430607,0.8825526361430607,0.0547262562472963,1.0,0.0,-0.738845238963126,0.0,0.6499456572797385,0.0,0.0,0.0,off,4.0,0,0,1,0,1,0,1,1,4,sl,4,652,653,652,655,649,1.240730047225952,0.1091242482469325,0.0,0.0,1.0,2026-09-25 16:00:00+00:00,165
NZDCHF|H1|bull|2026-10-06T06:00:00+00:00,NZDCHF,H1,bull,2026-10-06T06:00:00+00:00,2026-10-06T07:00:00+00:00,2026-10-06T09:00:00+00:00,reaction,0.464819997549057,0.4655500054359436,0.4654400050640106,0.4647702807419506,0.4667794537081305,0.0009943361421277,4,range,True,London,London,2.031,0.0,closed,0.8063,time,m15,2026-10-06T09:45:00+00:00,-1.0,-1.0,False,1,0,1,1,1,FOREX,1,"contact,reaction",2,prod,1,1,1,1,1,0.7341660993278255,0.0547866911614615,0.1506838130230659,0.7945294958154725,0.7341660993278255,0,0.6735391520888102,0.8850155779119018,1.2370076853014091,0.7154487303741035,1,0.8850155779119018,1,0.9956425251508896,0.1810313631328869,1,0.4726896735047616,0.2614764258230639,5,0,0.0,0,1.5185953767970173,0,10,17,6.506848649347742,0,3.0,2.0,0.9956425251508896,1.0,0.9956425251508896,0.6436504177613821,0.0905156815664434,1.0,0.0,-0.5028415859735835,1.0,0.4626190546284951,0.0,0.0,0.0,London,1.0,0,0,1,1,1,0,0,1,4,tp,3,811,812,811,814,807,0.4658100008964538,0.1438905798327041,1.0,1.0,1.0,2026-10-06 09:00:00+00:00,295
SUI|M15|bull|2026-10-07T06:15:00+00:00,SUI,M15,bull,2026-10-07T06:15:00+00:00,2026-10-07T06:30:00+00:00,2026-10-07T07:15:00+00:00,reaction,1.1355,1.1389,1.1378,1.1351871143611565,1.1430257712776872,0.0062577127768724,4,range,False,London,London,2.602,0.651,closed,-0.1148,time,m15,2026-10-07T07:15:00+00:00,-1.0,1.0,False,1,0,1,1,1,CRYPTO,1,"contact,reaction",2,prod,1,1,1,1,1,0.5433295073187012,0.0294117647058785,0.3235294117647289,0.6470588235293926,0.5433295073187012,0,0.4175464314214716,1.0067576165022742,1.310382929415662,0.7682926829268273,1,1.0067576165022742,1,1.0227378961292928,0.0639211185080741,1,0.3835267110484804,0.431467549929536,4,0,0.0,0,1.566067403447994,0,9,14,9.124739667028578,0,4.0,3.0,1.0227378961292928,3.0,0.3409126320430976,0.8309745406050704,0.7350928628429592,1.0,0.0,-0.7350928628429592,0.0,0.5433295073187012,0.0,0.0,0.0,London,2.0,1,0,1,1,1,0,0,1,3,tp,5,856,857,856,860,853,1.1416,0.2296436666236292,1.0,1.0,0.0,2026-10-07 07:15:00+00:00,329
CHFJPY|D|bear|2026-09-03T23:00:00+00:00,CHFJPY,D,bear,2026-09-03T23:00:00+00:00,2026-09-13T23:00:00+00:00,2026-09-17T23:00:00+00:00,reaction,191.63900756835935,193.6738128662109,192.6564102172852,193.7636975719604,190.44183550793468,1.7976941149891177,4,bear,False,,,3.021,0.0,unfilled,,,h1,,-1.0,-1.0,True,1,1,1,1,0,FOREX,0,,0,prod,1,1,1,1,1,1.1318974017244754,0.0020921914017682,0.538990498901412,0.4589173096968197,1.1318974017244754,1,0.6159487008622372,0.0029962564232431,1.3439186175777045,0.0022294924588838,1,0.0122396650490554,2,1.421057366513777,0.474011161348476,6,0.6866435116563043,1.421057366513777,4,2,0.0,3,1.6381459055530572,1,1,1,4.125454647793116,0,10.0,4.0,2.112157066901533,4.0,0.5280392667253834,1.296114322462392,0.0038874941695335,0.0,0.0,0.6683858698251544,0.0,1.4393150083449266,0.0,0.0,0.0,off,3.0,0,1,1,1,1,1,0,1,2,open,0,777,783,779,787,779,189.0843811035156,0.5747472162625661,,1.0,,2026-09-17 23:00:00+00:00,125
AUDUSD|W|bear|2022-05-29T23:00:00+00:00,AUDUSD,W,bear,2022-05-29T23:00:00+00:00,2022-07-10T23:00:00+00:00,2022-10-09T23:00:00+00:00,echec,0.7141479849815369,0.7282101511955261,0.7162810564041138,0.729200144705966,0.6904428798004094,0.0197998702087961,4,bear,False,,,7.637,1.565,,,,,,,,,1,1,1,1,0,FOREX,0,,0,prod,1,1,1,1,1,0.7102150703867779,0.3284617080076635,0.1516886794052322,0.5198496125871043,0.7102150703867779,0,0.6524834842661142,0.0384994342889087,0.9989954466398646,0.03853814791489,1,0.1292104713854515,4,1.371734632988945,0.5115135566113687,6,0.1257756559562824,1.4988890316854198,9,0,0.0,1,3.024771919596396,0,4,14,4.121221599267369,0,19.0,13.0,3.91607491473486,2.0,1.9580374573674295,6.004096504807019,5.35861310503674,0.0,1.0,-1.3298003832708671,1.0,3.211531353785904,1.0,0.0,0.0,off,6.0,0,1,1,1,1,1,1,1,1,sl,0,572,578,572,591,569,0.6844701766967773,1.8036339487615105,0.0,0.0,,2022-10-09 23:00:00+00:00,3
AUDNZD|D|bull|2026-09-10T23:00:00+00:00,AUDNZD,D,bull,2026-09-10T23:00:00+00:00,2026-09-15T23:00:00+00:00,2026-09-29T23:00:00+00:00,reaction,1.2274999618530271,1.2335699796676636,1.2326600551605225,1.227125832116103,1.2437285012493615,0.0074825947384871,4,bull,False,,,2.385,0.264,closed,0.2963,time,m15,2026-09-30T01:30:00+00:00,-1.0,1.0,False,1,1,1,1,0,FOREX,0,,0,prod,1,1,1,1,1,0.8112183041819327,0.0032993578035703,0.1499047506824564,0.8467958915139732,0.8112183041819327,0,0.7396128265445019,0.0267171997901196,0.7403866582267319,0.0360854689819895,0,0.0267171997901196,0,1.0557834407222586,0.0440985146207818,3,0.2793118346573508,0.4463700081810207,5,0,0.0,3,1.8670017449041916,0,5,5,5.707905896961652,0,13.0,10.0,2.031112582732469,6.0,0.3385187637887448,1.2027837999729645,0.0026605678980023,0.0,0.0,0.0922117784050163,0.0,0.7096547092731595,0.0,0.0,0.0,off,1.0,0,0,1,1,1,1,0,1,3,tp,3,782,785,782,795,780,1.2369099855422974,0.4489658784066656,1.0,1.0,1.0,2026-09-29 23:00:00+00:00,183
EURGBP|D|bear|2026-07-13T23:00:00+00:00,EURGBP,D,bear,2026-07-13T23:00:00+00:00,2026-07-15T23:00:00+00:00,2026-07-20T23:00:00+00:00,echec,0.8515999913215637,0.8543999791145325,0.8526600003242493,0.8545657554122588,0.8488484901482303,0.0033155259545257,4,bear,False,,,1.921,1.039,,,,,,-1.0,-1.0,True,1,1,1,1,0,FOREX,0,,0,prod,1,1,1,1,1,0.8445078794049885,0.0214364782016348,0.3785762942779291,0.599987227520436,0.8445078794049885,0,0.5747972159313376,0.0573120555079849,1.9122235634483529,0.0299714199759326,1,0.0754153302559589,2,1.4477226568563462,0.7117984710737635,2,1.194384674981025,0.2111269698512471,4,0,0.0,0,2.292230536261335,0,5,5,5.157545672737082,0,5.0,3.0,1.4477226568563462,3.0,0.4825742189521154,1.456783282946693,0.0331863407991657,0.0,0.0,-0.8656133854170256,0.0,0.5217770072345534,0.0,0.0,0.0,off,0.0,0,1,1,1,1,1,0,1,2,sl,2,739,741,739,744,737,0.8508999943733215,0.2235070353112351,0.0,0.0,,2026-07-20 23:00:00+00:00,76
AUDUSD|M15|bear|2026-10-01T07:00:00+00:00,AUDUSD,M15,bear,2026-10-01T07:00:00+00:00,2026-10-01T07:15:00+00:00,2026-10-01T11:45:00+00:00,echec,0.6951685547828674,0.6954103112220764,0.6952168941497803,0.6954308477170207,0.6947889870152995,0.0004107298988858,4,bull,False,London,,0.678,2.261,closed,-1.0,sl,m15,2026-10-01T11:45:00+00:00,-1.0,-1.0,True,1,0,1,1,1,FOREX,0,,0,prod,1,1,1,1,1,0.5886019982104522,0.3999013806706114,0.1999506903353057,0.4001479289940828,0.5886019982104522,0,0.5209106223354723,3.0563478018516603,3.6452400377338137,0.8384489828416737,1,3.0563478018516603,1,2.7016773670325414,1.4107002033046858,1,0.8218079674225323,1.5281013415079048,9,1,0.7067287305929246,0,3.6452400377338137,0,6,8,3.528274256038147,0,19.0,18.0,4.342100687488891,7.0,0.6203000982126987,1.5305683617173669,1.1770588775850537,1.0,1.0,-0.2352376329139898,1.0,0.5880215228670493,0.0,0.0,1.0,off,3.0,1,1,1,1,0,0,1,1,2,sl,0,480,481,481,499,472,0.6945409178733826,0.0307750817105884,0.0,0.0,0.0,2026-10-01 11:45:00+00:00,213
XAGUSD|M5|bull|2026-10-07T15:55:00+00:00,XAGUSD,M5,bull,2026-10-07T15:55:00+00:00,2026-10-07T17:10:00+00:00,2026-10-07T16:10:00+00:00,reaction,60.14500045776367,60.18999862670898,60.16999816894531,60.13829776969716,60.233398967441616,0.1340537613302167,4,bull,False,,,2.997,0.0,closed,-1.0,sl,m15,2026-10-07T16:30:00+00:00,-1.0,-1.0,False,1,1,1,1,0,METAUX,0,,0,prod,1,1,1,1,1,0.3356725577767848,0.1110545947778908,0.4444727026110546,0.4444727026110546,0.3356725577767848,0,0.2364752688293737,0.7832644246190236,1.6038352855931983,0.4883696172885506,1,0.7832644246190236,1,0.8205708609741749,0.1119193090654539,15,0.1865037253025642,1.193549855106111,19,1,0.7832644246190236,8,3.580649565318333,0,5,8,4.289301117227054,0,,,,,,,,,,,,,,,,,,0,0,0,1,0,1,0,1,5,sl,1,1074,1089,1075,1077,1070,60.34999847412109,0.0526847269616717,0.0,1.0,0.0,2026-10-07 16:10:00+00:00,347
EURCAD|D|bull|2026-08-20T23:00:00+00:00,EURCAD,D,bull,2026-08-20T23:00:00+00:00,2026-08-24T23:00:00+00:00,2026-08-30T23:00:00+00:00,echec,1.6055099964141846,1.610419988632202,1.610419988632202,1.6052181637172174,1.6208236384621717,0.0058366539393429,4,bull,True,,,0.613,1.198,closed,0.0558,time,h1,2026-08-30T23:00:00+00:00,-1.0,1.0,False,1,1,1,1,0,FOREX,0,,0,prod,1,1,1,1,1,0.8412340818976728,0.0346217344857725,0.0,0.9653782655142276,0.8412340818976728,0,0.8912340818976817,0.0274297701269441,0.930324668117874,0.0294840834248079,0,0.0274297701269441,0,1.396344820751146,0.5602576502994819,2,0.2364515627398601,0.5242701186809596,4,0,0.0,2,2.013136799949646,0,10,15,4.062261131517814,0,6.0,4.0,1.396344820751146,3.0,0.4654482735837153,0.5893826333233259,0.0376827445154221,1.0,0.0,0.1336563035820717,0.0,0.6270653778387479,0.0,0.0,0.0,off,6.0,0,1,1,1,1,0,0,1,3,sl,2,768,770,768,774,766,1.6134799718856812,0.3230104539004702,0.0,0.0,1.0,2026-08-30 23:00:00+00:00,95
SUI|H1|bull|2026-09-27T04:00:00+00:00,SUI,H1,bull,2026-09-27T04:00:00+00:00,2026-09-27T06:00:00+00:00,2026-09-28T09:00:00+00:00,reaction,1.1543,1.1707,1.1705,1.153340669976627,1.204818660046746,0.0191866004674588,4,bull,False,,London,2.016,0.659,closed,-0.3205,time,m15,2026-09-28T09:00:00+00:00,1.0,1.0,True,1,1,1,1,0,CRYPTO,0,,0,prod,1,1,1,1,1,0.8547631993387752,0.689024390243909,0.0121951219512181,0.2987804878048727,0.8547631993387752,0,0.8943392578834287,1.1414215893609292,1.433291950110758,0.7963636363636352,1,1.1414215893609292,4,5.144215108215687,0.5211970727675472,2,0.2918703607498172,1.0423941455350945,4,0,0.0,0,3.163666231699008,0,9,15,3.278329587707867,0,29.0,27.0,6.462843702317574,12.0,0.5385703085264645,1.7981299010480352,0.9694265553476344,1.0,1.0,1.433291950110758,0.0,0.6775561945978057,0.0,0.0,0.0,London,0.0,1,1,1,1,1,0,1,1,1,tp,3,593,595,593,622,591,1.1907,1.4659829152817596,1.0,1.0,0.0,2026-09-28 09:00:00+00:00,172
AUDUSD|H1|bull|2026-10-06T06:00:00+00:00,AUDUSD,H1,bull,2026-10-06T06:00:00+00:00,2026-10-06T07:00:00+00:00,2026-10-06T09:00:00+00:00,reaction,0.6964758634567261,0.6972042322158813,0.6968400478363037,0.6964432470432151,0.6976336494224809,0.0006523282702191,4,range,False,London,London,2.144,0.0,closed,1.7758,time,m15,2026-10-07T08:00:00+00:00,-1.0,-1.0,False,1,0,1,1,1,FOREX,1,reaction,1,prod,1,1,1,1,1,1.116567826978548,0.2668576104746317,0.1334697217675941,0.5996726677577742,1.116567826978548,1,0.6082839134892364,2.0873056824466407,2.31052787567975,0.9033890932099498,1,2.0873056824466407,1,1.3429880459026755,0.5963861052936975,1,0.2239531705339133,1.0442924463615242,4,0,0.0,0,2.3848134438739854,0,9,17,3.794320424149852,1,3.0,2.0,1.3429880459026755,1.0,1.3429880459026755,0.8201565315024097,0.7455968468203725,1.0,0.0,-0.8948075883470475,1.0,0.8202479036650103,0.0,0.0,0.0,London,1.0,1,1,1,1,1,0,1,1,1,tp,1,811,812,811,814,808,0.6978854537010193,0.0569428801230125,1.0,1.0,1.0,2026-10-06 09:00:00+00:00,294
GBPCHF|D|bear|2025-04-03T23:00:00+00:00,GBPCHF,D,bear,2025-04-03T23:00:00+00:00,2025-10-29T00:00:00+00:00,2025-04-09T23:00:00+00:00,reaction,1.1022000312805176,1.1249300241470337,1.1135650277137756,1.1252301220306735,1.09023483907998,0.0060019576727943,4,bear,False,,,3.707,0.0,,,,,,,-1.0,,1,1,1,1,0,FOREX,0,,0,prod,1,1,1,1,1,3.787096495122991,0.000440544807078,0.9810827962008256,0.0184766589920964,3.787096495122991,1,1.9435482475615131,0.0,3.437212180835773,0.0,0,0.0,0,5.514868775995211,0.8130798236816428,146,0.9863337333959592,7.26264182347093,8,139,0.0,0,2.6308058999334505,1,0,0,7.427573666445559,0,,,,,,,,,,,,,,,,,,0,1,0,1,1,1,0,0,4,tp,35,412,558,551,416,550,1.058609962463379,1.047544959349802,1.0,1.0,,2025-04-09 23:00:00+00:00,22
EURJPY|M30|bull|2026-10-02T06:00:00+00:00,EURJPY,M30,bull,2026-10-02T06:00:00+00:00,2026-10-02T07:00:00+00:00,2026-10-02T07:30:00+00:00,reaction,177.36300659179688,177.59100341796875,177.4770050048828,177.35334442413617,177.7243261663761,0.1932433532138851,4,bear,False,London,London,2.313,0.332,closed,-1.0,sl,m15,2026-10-02T07:30:00+00:00,-1.0,-1.0,False,1,0,1,1,1,FOREX,0,,0,prod,1,1,1,1,1,1.1798430444307395,0.1183911123008968,0.3991433543033061,0.482465533395797,1.1798430444307395,1,0.6399215222154365,1.1022238694424238,1.4954522432387751,0.7370505306510375,1,1.1022238694424238,2,1.6507695547362498,0.0776191749883159,2,0.1655823092070178,0.7192604933556156,7,0,0.0,0,2.8306125991669893,0,7,13,2.3596860888614795,1,3.0,1.0,1.6507695547362498,1.0,1.6507695547362498,1.6921453916577935,1.6455580943606354,1.0,1.0,-1.3505578524925292,0.0,0.8848428025626334,0.0,0.0,0.0,London,4.0,1,0,1,1,1,0,0,1,3,sl,1,686,688,686,689,681,177.72999572753906,0.0696769594141181,0.0,1.0,0.0,2026-10-02 07:30:00+00:00,228
EURAUD|M5|bull|2026-10-06T14:40:00+00:00,EURAUD,M5,bull,2026-10-06T14:40:00+00:00,2026-10-06T14:45:00+00:00,2026-10-06T15:45:00+00:00,reaction,1.6114699840545654,1.6123700141906738,1.6119199991226196,1.611427909703337,1.6129041779611848,0.000841487024568,4,range,False,NY,,2.195,0.0,closed,-1.0,sl,m15,2026-10-06T16:00:00+00:00,-1.0,-1.0,False,1,0,1,1,1,FOREX,0,,0,prod,1,1,1,1,1,1.069571021098473,0.2221192052980132,0.0445033112582781,0.7333774834437086,1.069571021098473,1,0.5847855105492112,1.1408285341597355,1.4379001144568877,0.7933990147783251,1,1.1408285341597355,1,1.1646282601921254,0.1901144781873047,1,0.3802289563746095,0.4278284084393892,4,0,0.0,0,2.162800103193429,0,10,16,3.042256646104597,0,13.0,12.0,1.6756140447089722,3.0,0.5585380149029907,0.772499440801321,0.1069571021098473,1.0,0.0,0.7486997147689312,3.0,0.6417426126590838,0.0,0.0,0.0,off,1.0,1,0,1,1,1,0,0,1,3,sl,5,782,783,782,795,779,1.6127300262451172,0.0305281539747896,0.0,1.0,0.0,2026-10-06 15:45:00+00:00,309
NZDCAD|M30|bull|2026-09-30T04:30:00+00:00,NZDCAD,M30,bull,2026-09-30T04:30:00+00:00,2026-09-30T06:00:00+00:00,2026-09-30T06:30:00+00:00,reaction,0.8001999855041504,0.8008999824523926,0.800849974155426,0.8001518164591925,0.802246289547893,0.0009633808991576,4,bull,True,,London,2.435,0.745,closed,2.0,tp,m15,2026-09-30T06:30:00+00:00,-1.0,-1.0,False,1,1,1,1,0,FOREX,0,,0,prod,1,1,1,1,1,0.7266045536653353,0.2713726158038147,0.0714407356948228,0.6571866485013624,0.7266045536653353,0,0.7246953897922469,0.37369648366303,0.7577871741564225,0.4931417374265186,1,0.37369648366303,3,1.7230872632475804,0.0623033707034223,3,0.0623033707034223,1.0483918734553053,5,0,0.0,0,2.449691816912916,0,9,17,3.3320238621974307,0,4.0,1.0,1.7230872632475804,1.0,1.7230872632475804,1.6919665130352457,0.560544725494545,1.0,1.0,-1.359784986414913,0.0,1.1106952441587277,0.0,0.0,0.0,London,2.0,0,0,1,0,1,0,1,1,4,tp,1,587,590,587,591,585,0.8019099831581116,0.0871770891882424,1.0,1.0,1.0,2026-09-30 06:30:00+00:00,184
NZDCHF|H4|bull|2026-07-15T20:00:00+00:00,NZDCHF,H4,bull,2026-07-15T20:00:00+00:00,2026-07-16T08:00:00+00:00,2026-07-16T20:00:00+00:00,reaction,0.4678699970245361,0.4711199998855591,0.4694949984550476,0.4677885012406241,0.4729079928838945,0.0016299156782391,4,bull,False,,,2.071,0.9,,,,,,1.0,1.0,True,1,1,1,1,0,FOREX,0,,0,prod,1,1,1,1,1,1.993969936244804,0.1015387154751861,0.095385687561897,0.8030755969629167,1.993969936244804,1,1.0469849681224142,0.6257897247916445,0.9693752534566492,0.6455598309944168,1,0.6257897247916445,3,0.9080304900767818,0.0184125713035846,3,0.024537905351947,0.6380769620468668,5,0,0.0,0,2.9020004263215857,0,10,15,4.822338361931299,0,6.0,3.0,1.2945482108180697,2.0,0.6472741054090347,2.785417949030964,0.0674700974282298,1.0,1.0,-0.3067603860578354,0.0,0.7669101074342132,0.0,0.0,0.0,off,3.0,0,0,1,0,1,0,0,1,5,tp,8,434,437,434,440,432,0.4721600115299225,0.3634750572506563,1.0,1.0,,2026-07-16 20:00:00+00:00,74
EURUSD|M30|bull|2026-10-02T12:00:00+00:00,EURUSD,M30,bull,2026-10-02T12:00:00+00:00,2026-10-02T13:30:00+00:00,2026-10-05T01:00:00+00:00,reaction,1.1224603652954102,1.123721718788147,1.1230910420417786,1.1223977025797731,1.124477720965789,0.0012532543127349,4,range,False,NY,,2.186,0.0,closed,-1.0,sl,m15,2026-10-05T02:00:00+00:00,-1.0,-1.0,False,1,0,1,1,1,FOREX,0,,0,prod,1,1,1,1,1,1.006462519154795,0.400245723466591,0.0,0.599754276533409,1.006462519154795,1,0.5532312595774548,0.7084522108179674,2.0210102206296123,0.3505436061561632,1,0.9103915292345284,1,3.2359753238489866,0.8068060757462405,3,0.5071787309454084,2.7287965929035782,11,0,0.0,1,4.242437843003781,0,4,4,3.735259112058373,0,23.0,20.0,4.0484885871152425,19.0,0.2130783466902759,0.7058839764339603,0.4034030378731202,1.0,0.0,1.0103624306268058,4.0,0.7058839764339603,0.0,0.0,0.0,off,0.0,0,1,1,1,1,1,1,1,1,sl,0,698,701,698,721,690,1.1271415948867798,0.061734929409172,0.0,1.0,0.0,2026-10-05 01:00:00+00:00,257
SOL|M5|bull|2026-10-07T13:45:00+00:00,SOL,M5,bull,2026-10-07T13:45:00+00:00,2026-10-07T13:50:00+00:00,2026-10-07T14:10:00+00:00,reaction,115.52,115.97,115.745,115.50190416165631,116.23119167668736,0.3619167668733774,4,bear,False,NY,NY,2.077,0.0,closed,0.9256,time,m15,2026-10-07T14:15:00+00:00,-1.0,1.0,False,1,0,1,1,1,CRYPTO,0,,0,prod,1,1,1,1,1,1.2433798077043576,0.1111111111111041,0.2666666666666751,0.6222222222222208,1.2433798077043576,1,0.6716899038521985,1.9065157051466632,2.2933449786546847,0.8313253012048183,1,1.9065157051466632,1,1.630209081212379,0.6078745726554567,1,0.0552613247868489,1.3815331196714995,4,0,0.0,0,2.8735888889167365,0,2,2,5.47087115389915,0,5.0,4.0,1.630209081212379,4.0,0.4075522703030947,0.9118118589831852,0.6355052350488616,1.0,0.0,0.773658547016043,0.0,0.6631358974423057,0.0,0.0,0.0,NY,2.0,1,1,1,0,1,1,0,1,2,tp,12,1059,1060,1059,1064,1056,116.47,0.210027075332565,1.0,1.0,1.0,2026-10-07 14:10:00+00:00,342
TON|H4|bear|2026-06-16T08:00:00+00:00,TON,H4,bear,2026-06-16T08:00:00+00:00,2026-06-17T16:00:00+00:00,2026-06-17T04:00:00+00:00,reaction,1.68,1.72,1.694,1.7226209054923285,1.636758189015343,0.0524181098465664,4,bear,False,,,2.096,0.245,closed,0.9434,time,h1,2026-06-17T06:00:00+00:00,-1.0,-1.0,True,1,1,1,1,0,CRYPTO,0,,0,prod,1,1,1,1,1,0.7630950470569126,0.0250000000000027,0.35,0.6249999999999972,0.7630950470569126,0,0.5460117805869927,0.8584819279390288,1.526190094113821,0.562500000000003,1,0.8584819279390288,2,1.0683330658796737,0.4197022758813019,8,0.1144642570585368,1.0683330658796737,7,1,0.0,3,1.7932733605837403,1,5,14,3.185921821462608,0,,,,,,,,,,,,,,,,,,0,1,1,1,1,1,0,1,2,tp,1,717,725,718,722,718,1.624,1.6895457787679056,1.0,1.0,1.0,2026-06-17 04:00:00+00:00,60
AUDCHF|M30|bear|2026-10-01T06:30:00+00:00,AUDCHF,M30,bear,2026-10-01T06:30:00+00:00,2026-10-01T07:30:00+00:00,2026-10-06T14:00:00+00:00,reaction,0.581059992313385,0.5822499990463257,0.5816199779510498,0.5823138313625039,0.5802322711281416,0.0012766463235636,4,bull,True,London,NY,2.45,0.0,unfilled,,,m15,,1.0,-1.0,False,1,0,1,1,1,FOREX,0,,0,prod,1,1,1,1,1,0.9321350094980668,0.0168294515401953,0.4705735036313548,0.5125970448284498,0.9321350094980668,0,0.5434969722211572,0.7832922140921145,1.6918962421332802,0.4629670511617639,1,1.5353031631522376,2,2.451750851679037,0.0939838604617885,2,0.2271860233517451,1.637083995644388,14,0,0.0,0,3.274214679744048,0,5,6,3.01570070290504,0,157.0,155.0,7.034035982768306,97.0,0.0725158348739,0.9086507164964376,0.0861868884314265,0.0,0.0,0.5561528791956409,0.0,0.2584672883837364,0.0,0.0,0.0,NY,1.0,1,0,1,1,1,1,0,1,2,open,0,638,640,638,795,626,0.5789700150489807,0.1192966950513709,,1.0,,2026-10-06 14:00:00+00:00,303
TRX|M30|bull|2026-10-02T14:30:00+00:00,TRX,M30,bull,2026-10-02T14:30:00+00:00,2026-10-02T15:00:00+00:00,2026-10-02T18:30:00+00:00,reaction,0.3346,0.3352,0.3349,0.3345765956041189,0.335546808791762,0.0004680879176216,4,range,False,NY,,3.401,0.0,closed,0.0,time,m15,2026-10-02T19:00:00+00:00,-1.0,-1.0,False,1,0,1,1,1,CRYPTO,0,,0,prod,1,1,1,1,1,1.2818104834848425,0.3333333333333025,0.0,0.6666666666666975,1.2818104834848425,1,0.6909052417423054,1.068175402904055,1.281810483484961,0.8333333333332716,1,1.7090806446464173,2,3.8454314504546474,0.4272701611615747,1,0.2136350805809059,0.4272701611615747,7,0,0.0,0,1.9227157252273237,0,10,17,3.2045262087121658,0,8.0,7.0,3.8454314504546474,5.0,0.7690862900909293,1.9227157252273237,1.4954455640657485,1.0,1.0,-0.2136350805809059,1.0,1.709080644646536,0.0,0.0,0.0,off,4.0,1,1,1,1,1,0,1,1,1,sl,3,604,605,604,612,598,0.3354,0.0965674517411232,0.0,1.0,0.0,2026-10-02 18:30:00+00:00,246
GBPNZD|M15|bull|2026-10-06T05:45:00+00:00,GBPNZD,M15,bull,2026-10-06T05:45:00+00:00,2026-10-06T06:00:00+00:00,2026-10-06T06:30:00+00:00,reaction,2.3598499298095703,2.3608500957489014,2.360490083694458,2.359783671464079,2.361902908155216,0.0013251669098179,4,range,False,London,London,3.001,0.411,closed,2.0,tp,m15,2026-10-06T06:30:00+00:00,1.0,1.0,True,1,0,1,1,1,FOREX,0,,0,prod,1,1,1,1,1,0.7547471431115211,0.3499404052443385,0.3599523241954708,0.2901072705601907,0.7547471431115211,0,0.5330741547688047,1.1242943736123707,1.3734778761652806,0.8185747969609641,1,1.1242943736123707,2,1.3281390728126934,0.1961083160885716,1,0.2036647833140028,0.3848400808380319,6,0,0.0,0,1.5395402392384472,0,10,19,2.9957794231108315,0,3.0,2.0,1.0715790189206722,1.0,1.0715790189206722,1.8187696948067624,0.0075564672254312,1.0,1.0,-1.2828002694601062,0.0,1.0111272811172225,0.0,0.0,0.0,London,1.0,1,0,1,1,1,0,1,1,2,tp,0,758,759,758,761,753,2.3613600730896,0.0299265070104931,1.0,1.0,1.0,2026-10-06 06:30:00+00:00,292
XAGUSD|H1|bull|2026-10-05T05:00:00+00:00,XAGUSD,H1,bull,2026-10-05T05:00:00+00:00,2026-10-05T08:00:00+00:00,2026-10-05T13:00:00+00:00,reaction,61.13999938964844,61.39500045776367,61.220001220703125,61.11596974548655,61.42806417113627,0.4805928832377583,4,range,False,London,NY,7.69,0.0,closed,2.0,tp,m15,2026-10-05T15:15:00+00:00,-1.0,-1.0,False,1,0,1,1,1,METAUX,0,,0,prod,1,1,1,1,1,0.530596846123251,0.078432839170045,0.6862686433198198,0.235298517510135,0.530596846123251,0,0.2164648683844667,0.9987733353432264,1.196440444697533,0.8347873392024308,1,0.9987733353432264,3,1.570978461080792,0.3225157606426606,3,0.2184791866432672,1.290070980052446,7,0,0.0,0,2.101575307204043,0,5,11,5.13948771788443,0,8.0,5.0,2.0911692685595624,2.0,1.0455846342797812,1.4461298097924378,0.8323005294769508,1.0,0.0,0.4161542334793771,2.0,0.8323005294769508,0.0,0.0,0.0,NY,0.0,0,1,1,1,1,1,0,1,2,tp,0,786,789,786,794,782,62.01499938964844,0.1699305343714887,1.0,1.0,1.0,2026-10-05 13:00:00+00:00,276
XPTUSD|D|bull|2025-10-02T04:00:00+00:00,XPTUSD,D,bull,2025-10-02T04:00:00+00:00,2025-10-06T04:00:00+00:00,2025-10-20T04:00:00+00:00,reaction,1543.699951171875,1590.0,1566.8499755859375,1541.9963877563216,1616.5571512451693,34.07126831106955,4,bull,False,,,2.738,0.0,,,,,,,1.0,,1,1,1,1,0,METAUX,0,,0,prod,1,1,1,1,1,1.358917678244528,0.3714888344011178,0.1943842442458277,0.4341269213530544,1.358917678244528,1,0.7294588391222615,0.8482227356553397,0.9568172011766866,0.886504480283383,1,0.8482227356553397,3,1.7668831879767857,0.763106314758255,2,0.1614263358142462,1.1564002858461735,5,0,0.0,0,3.1258008662213137,0,4,4,7.692697941062052,0,12.0,10.0,4.437755289630678,2.0,2.218877644815339,1.6113290504135946,1.6113290504135946,0.0,1.0,1.549690674140772,1.0,0.3610094204837331,0.0,1.0,0.0,off,0.0,0,1,1,1,1,1,1,1,1,sl,0,546,548,546,558,543,1629.4000244140625,1.5862136271420413,0.0,1.0,,2025-10-20 04:00:00+00:00,31
NZDUSD|M15|bear|2026-10-01T09:15:00+00:00,NZDUSD,M15,bear,2026-10-01T09:15:00+00:00,2026-10-01T09:45:00+00:00,2026-10-01T10:15:00+00:00,echec,0.5610412955284119,0.5612932443618774,0.5611357688903809,0.5613142143060765,0.5607788780589895,0.000419398883981,4,range,False,London,,2.116,1.589,closed,-1.0,sl,m15,2026-10-01T10:15:00+00:00,-1.0,-1.0,True,1,0,1,1,1,FOREX,0,,0,prod,1,1,1,1,1,0.6007379682893372,0.4998817127986751,0.3749704281996688,0.125147859001656,0.6007379682893372,0,0.4254789950841768,0.525414778510925,0.6754926811637615,0.7778245318746055,1,1.4238925252639862,2,2.0233514205193504,0.1500779026528365,2,0.9739430557574704,0.7501052748121888,4,0,0.0,0,2.3247862988589967,0,7,7,4.437814950982457,0,4.0,2.0,2.0233514205193504,1.0,2.0233514205193504,1.5763864547587718,1.5763864547587718,1.0,1.0,-1.4255979559759502,1.0,0.9000410582390284,0.0,0.0,1.0,off,3.0,1,0,1,1,1,0,1,1,2,sl,0,489,491,489,493,487,0.5607267022132874,0.0318007558221674,0.0,0.0,0.0,2026-10-01 10:15:00+00:00,212
USDJPY|H1|bull|2026-10-05T01:00:00+00:00,USDJPY,H1,bull,2026-10-05T01:00:00+00:00,2026-10-05T02:00:00+00:00,2026-10-05T06:00:00+00:00,reaction,157.4320068359375,157.7969970703125,157.614501953125,157.41908364248792,158.00533857439916,0.2584638689915906,4,bull,False,,London,3.452,0.274,closed,1.0925,time,m15,2026-10-05T07:45:00+00:00,1.0,-1.0,False,1,1,1,1,0,FOREX,0,,0,prod,1,1,1,1,1,1.4121518640072488,0.3644230769230769,0.1862876254180602,0.4492892976588629,1.4121518640072488,1,0.7560759320036285,1.5592116588752278,1.8842073115240532,0.8275159794460458,1,1.5592116588752278,2,1.4547761803037886,0.4294901676694287,1,0.2978979224824656,0.4604252670314605,9,0,0.0,0,2.309801073548646,0,9,19,3.849648777098022,0,5.0,4.0,1.4547761803037886,2.0,0.7273880901518943,0.8936937674473969,0.7157579096665504,1.0,0.0,0.6074260254502752,2.0,0.1508971640636508,0.0,0.0,0.0,London,0.0,1,1,1,1,1,0,1,1,1,tp,4,782,783,782,787,774,157.91600036621094,0.1239849812139739,1.0,1.0,1.0,2026-10-05 06:00:00+00:00,268
EURJPY|M15|bull|2026-10-05T11:00:00+00:00,EURJPY,M15,bull,2026-10-05T11:00:00+00:00,2026-10-05T11:15:00+00:00,2026-10-05T13:45:00+00:00,reaction,176.83099365234375,176.9290008544922,176.85899353027344,176.8224814534973,176.93201768382573,0.1702439769294644,4,bull,False,,NY,4.903,0.0,closed,2.0,tp,m15,2026-10-05T14:15:00+00:00,-1.0,-1.0,False,1,1,1,1,0,FOREX,0,,0,prod,1,1,1,1,1,0.5756867521312892,0.2346255643780165,0.7143079557839016,0.0510664798380818,0.5756867521312892,0,0.2144691250444408,2.414155794590732,2.6315060007122293,0.9174046321525886,1,2.414155794590732,2,2.725526770288085,1.8620414565666408,1,0.5873385157584209,1.2805288226217857,7,0,0.0,0,2.6609042966329928,0,5,5,5.544984681201048,0,11.0,10.0,2.9781011541439115,3.0,0.9927003847146372,0.8340870178006814,0.4640090792127797,1.0,0.0,2.3437074391220736,3.0,0.5286315528678722,0.0,0.0,0.0,NY,0.0,1,1,1,1,1,1,0,1,1,tp,0,683,684,683,694,677,177.14700317382812,0.0206447385271919,1.0,1.0,1.0,2026-10-05 13:45:00+00:00,279
USDJPY|H1|bear|2026-09-22T07:00:00+00:00,USDJPY,H1,bear,2026-09-22T07:00:00+00:00,2026-09-22T08:00:00+00:00,2026-09-22T16:00:00+00:00,reaction,157.60400390625,157.75900268554688,157.60400390625,157.7700266207476,157.27195847725483,0.220478704014199,4,bull,False,London,,2.277,0.0,closed,0.8975,time,h1,2026-09-22T16:00:00+00:00,1.0,-1.0,False,1,0,1,1,1,FOREX,0,,0,prod,1,1,1,1,1,0.703010206767602,0.8580429218350069,0.0,0.1419570781649931,0.703010206767602,0,0.7530102067676082,2.539916773810887,4.213562750406765,0.6027955258446529,1,2.539916773810887,2,3.574085066755195,1.41508660147442,1,0.2176577180827041,1.7462446876511255,11,1,0.0770972012540961,0,4.213562750406765,0,1,1,2.707745061998664,0,9.0,8.0,3.574085066755195,6.0,0.5956808444591991,0.7619750321432662,0.4036875896904334,0.0,0.0,1.1610949240933313,1.0,0.2358593015026568,0.0,0.0,0.0,off,1.0,1,1,1,1,1,1,1,1,0,tp,3,574,575,575,583,564,157.218994140625,0.1053416857330249,1.0,1.0,1.0,2026-09-22 16:00:00+00:00,142
AUDUSD|M15|bull|2026-10-05T00:15:00+00:00,AUDUSD,M15,bull,2026-10-05T00:15:00+00:00,2026-10-05T01:00:00+00:00,2026-10-05T01:45:00+00:00,echec,0.6952652335166931,0.695458710193634,0.695458710193634,0.6952525986828054,0.6958709332152913,0.0002526966777541,4,bull,False,,,0.234,3.048,closed,-1.0,sl,m15,2026-10-05T01:45:00+00:00,-1.0,-1.0,False,1,1,1,1,0,FOREX,0,,0,prod,1,1,1,1,1,0.7656478852844906,1.0,0.0,0.0,0.7656478852844906,0,0.8156478852844217,0.5741179768276186,0.7654120110129919,0.7500770416024654,1,0.7661196338274877,4,1.7232974275688502,0.1910581599138747,3,0.3830598169137438,1.3402376106551064,4,0,0.0,0,2.4889453128533408,0,3,8,4.021892203322812,0,6.0,3.0,1.7232974275688502,3.0,0.5744324758562834,0.7654120110129919,0.5738821025561199,1.0,0.0,0.7661196338274877,1.0,0.3825880683707466,0.0,0.0,0.0,off,0.0,0,0,1,1,1,1,1,1,2,sl,1,640,643,640,646,639,0.6957973837852478,0.0296367717892588,0.0,0.0,0.0,2026-10-05 01:45:00+00:00,259
NZDUSD|D|bear|2026-03-31T23:00:00+00:00,NZDUSD,D,bear,2026-03-31T23:00:00+00:00,2026-04-05T23:00:00+00:00,2026-06-10T23:00:00+00:00,echec,0.5731710195541382,0.5777808427810669,0.5753706693649292,0.578089833591914,0.5699323409109596,0.0061798162169417,4,bear,True,,,0.0,1.986,,,,,,-1.0,-1.0,True,1,1,1,1,0,FOREX,0,,0,prod,1,1,1,1,1,0.7459482717772499,0.0517326092578226,0.4771657615722782,0.4711016291698991,0.7459482717772499,0,0.4400072965811391,0.0048128806260259,0.899661455218083,0.0053496574718312,0,0.0256076113468916,0,0.7121616568815206,0.1409238453444194,3,0.2297740584244818,0.4986105748357475,5,0,0.0,1,1.4581099286587704,0,5,5,4.223336507017521,0,51.0,48.0,0.7121616568815206,48.0,0.0148367011850316,0.5857921940314361,0.0516396049533927,0.0,0.0,-1.009470364892042,0.0,-1.2264840203741745,1.0,0.0,1.0,off,2.0,0,0,1,1,1,1,0,1,3,sl,0,665,668,665,716,663,0.5700896978378296,0.4725934726540926,0.0,0.0,,2026-06-10 23:00:00+00:00,59
GBPUSD|M30|bear|2026-10-05T09:00:00+00:00,GBPUSD,M30,bear,2026-10-05T09:00:00+00:00,2026-10-05T12:30:00+00:00,2026-10-05T11:00:00+00:00,reaction,1.322856307029724,1.3239421844482422,1.3233992457389832,1.3239940771267007,1.322209582963548,0.0010378535691722,4,range,False,London,,2.265,0.0,closed,0.2947,time,m15,2026-10-06T07:30:00+00:00,-1.0,-1.0,True,1,0,1,1,1,FOREX,0,,0,prod,1,1,1,1,1,1.0462722784526597,0.6611044022395433,0.1128554177187397,0.2260401800417169,1.0462722784526597,1,0.573136139226231,0.8097727042585631,1.6690506617845646,0.4851696373270938,1,0.8097727042585631,1,0.8592779575260014,0.0167697609676241,7,0.2020411612469237,0.8592779575260014,6,1,0.0,2,2.157211511869514,1,3,9,5.421342108978712,0,,,,,,,,,,,,,,,,,,0,0,1,1,1,1,1,1,2,sl,2,737,744,738,741,738,1.3219645023345947,0.0449472364165804,0.0,1.0,1.0,2026-10-05 11:00:00+00:00,272
GBPUSD|M5|bear|2026-10-08T00:30:00+00:00,GBPUSD,M5,bear,2026-10-08T00:30:00+00:00,2026-10-08T00:40:00+00:00,2026-10-08T00:45:00+00:00,reaction,1.3210737705230713,1.3212658166885376,1.3211697936058044,1.3212745010856275,1.3209603786461583,0.0001736879417972,4,bear,False,,,3.082,0.417,closed,2.0,tp,m15,2026-10-08T00:45:00+00:00,-1.0,-1.0,True,1,1,1,1,0,FOREX,0,,0,prod,1,1,1,1,1,1.1056965928610507,0.2731222842954686,0.4543761638733706,0.2725015518311607,1.1056965928610507,1,0.6028482964307165,0.8043925554519872,0.8043925554519872,1.0,1,0.8043925554519872,2,1.1050102510901871,0.2010981388629968,2,0.1002058985460666,0.7035003151350571,5,0,0.0,0,2.210706843951238,0,4,4,5.2278652686670535,0,3.0,1.0,1.1050102510901871,1.0,1.1050102510901871,1.2065888331779808,0.8043925554519872,1.0,0.0,-0.9039121122271904,0.0,0.8037062136811237,0.0,0.0,0.0,off,3.0,0,0,1,1,1,1,1,1,2,tp,2,1188,1190,1188,1191,1185,1.3209515810012815,0.0079253613222021,1.0,1.0,1.0,2026-10-08 00:45:00+00:00,354
GBPAUD|H1|bull|2026-09-30T00:00:00+00:00,GBPAUD,H1,bull,2026-09-30T00:00:00+00:00,2026-09-30T06:00:00+00:00,2026-10-05T21:00:00+00:00,reaction,1.8923300504684448,1.8943099975585935,1.8927799463272093,1.8921943847667213,1.8939510694481856,0.0027133140344712,4,bull,False,,,7.804,0.0,unfilled,,,m15,,1.0,1.0,True,1,1,1,1,0,FOREX,1,reaction,3,prod,1,1,1,1,1,0.7297154199605042,0.1514841351074718,0.7727737973387923,0.0757420675537359,0.7297154199605042,0,0.2158104639009379,2.200261799724369,3.766586348885182,0.5841527568790752,1,2.200261799724369,1,2.447176163032096,1.0945950974108014,6,0.2690575731132595,2.447176163032096,5,1,0.5896947658925815,3,4.1388470962706565,1,9,17,4.555306393387016,0,92.0,86.0,6.353871035865381,68.0,0.0934392799391967,1.5184354644623388,0.8292280592651307,1.0,1.0,0.2248150884422843,1.0,0.6044129708228464,0.0,0.0,0.0,off,0.0,1,1,1,1,0,0,0,1,3,open,0,710,716,711,802,711,1.9009499549865725,0.0309365894130696,,1.0,,2026-10-05 21:00:00+00:00,285
NZDUSD|M15|bear|2026-10-07T08:45:00+00:00,NZDUSD,M15,bear,2026-10-07T08:45:00+00:00,2026-10-07T10:30:00+00:00,2026-10-07T10:00:00+00:00,reaction,0.5608839392662048,0.5610098242759705,0.5608839392662048,0.561023541921676,0.5606047339552624,0.0002743529141105,4,range,False,London,,2.252,0.225,closed,2.0,tp,m15,2026-10-07T10:00:00+00:00,-1.0,-1.0,True,1,0,1,1,1,FOREX,0,,0,prod,1,1,1,1,1,0.458843348443195,0.25,0.0,0.75,0.458843348443195,0,0.5088433484433487,0.3439152559590803,1.3765300453295852,0.2498421717171717,1,0.3439152559590803,1,1.6039964211913396,0.1144935817374828,7,0.2287699081016498,1.947477166403788,10,1,0.5737714409273097,1,3.2088618638759425,0,7,9,3.0948027928850914,0,,,,,,,,,,,,,,,,,,0,0,1,1,0,0,1,1,4,tp,0,866,873,867,871,863,0.5603496432304382,0.0248897580582951,1.0,1.0,1.0,2026-10-07 10:00:00+00:00,334
GBPAUD|D|bear|2026-02-10T00:00:00+00:00,GBPAUD,D,bear,2026-02-10T00:00:00+00:00,2026-02-20T00:00:00+00:00,2026-02-13T00:00:00+00:00,reaction,1.9290200471878047,1.9361300468444824,1.931120038032532,1.9368703215659224,1.9196194709657504,0.0148054944288008,4,bear,False,,,2.118,0.25,,,,,,,-1.0,,1,1,1,1,0,FOREX,0,,0,prod,1,1,1,1,1,0.4802271002072233,0.0379759569438157,0.2953573763895176,0.6666666666666666,0.4802271002072233,0,0.3883884838188691,0.0054026857173355,0.8483343813177281,0.006368580404514,1,0.0074317122460517,3,1.4190705577523277,0.480903442383462,8,0.0297187972916329,1.4190705577523277,6,3,0.0,3,1.8655208076104852,1,1,1,5.935635300519142,0,,,,,,,,,,,,,,,,,,0,1,1,0,1,1,0,1,3,tp,2,629,637,632,632,631,1.908010005950928,0.297769347329087,1.0,1.0,,2026-02-13 00:00:00+00:00,42
EURCHF|W|bear|2023-11-20T00:00:00+00:00,EURCHF,W,bear,2023-11-20T00:00:00+00:00,2023-12-25T00:00:00+00:00,2023-12-25T00:00:00+00:00,reaction,0.962000012397766,0.9684600234031676,0.9662500023841858,0.9691820168409186,0.96038597347072,0.014439868755018,4,bear,False,,,21.582,0.0,,,,,,,-1.0,,1,1,1,1,0,FOREX,0,,0,prod,1,1,1,1,1,0.4473732493695034,0.0077412092525442,0.6578920659525194,0.3343667247949364,0.4473732493695034,0,0.2030499380899104,1.3275775685979985,1.4383796476785162,0.9229674312624296,1,1.3275775685979985,1,1.502785445834211,0.7984865991690008,5,0.868427754328271,1.403062336326845,10,0,0.0,2,4.53536029389144,0,6,11,2.6773130763423003,0,,,,,,,,,,,,,,,,,,1,1,1,1,1,0,0,1,2,sl,0,649,654,649,654,644,0.9417399764060974,0.3034426338419891,0.0,1.0,,2023-12-25 00:00:00+00:00,14
USDJPY|H1|bear|2026-09-29T09:00:00+00:00,USDJPY,H1,bear,2026-09-29T09:00:00+00:00,2026-09-29T10:00:00+00:00,2026-09-29T12:00:00+00:00,reaction,157.35400390625,157.7030029296875,157.52850341796875,157.71638565140657,157.1527389510931,0.2676544343815478,4,range,False,London,,2.941,0.0,closed,0.8543,time,m15,2026-09-29T13:45:00+00:00,-1.0,-1.0,True,1,0,1,1,1,FOREX,0,,0,prod,1,1,1,1,1,1.303916463195949,0.9599073102483384,0.0171825813221406,0.0229101084295208,1.303916463195949,1,0.7019582315979414,1.8569065686961548,1.9689868313160928,0.9430771903410736,1,1.8569065686961548,2,1.412291122016144,0.1382475263750514,1,0.0037626130889704,0.5791003599660918,7,1,0.0485719144212551,0,1.9689868313160928,0,10,19,2.6676356707908377,0,3.0,2.0,0.8481271958274804,1.0,0.8481271958274804,1.4159967258158876,0.6799497926083458,1.0,0.0,-0.7472207538959996,0.0,0.7248161032298572,0.0,0.0,0.0,off,1.0,1,0,1,0,1,0,1,1,3,tp,11,695,696,696,698,689,157.19900512695312,0.1192687223970588,1.0,1.0,1.0,2026-09-29 12:00:00+00:00,178
AVAX|H1|bull|2026-09-26T09:00:00+00:00,AVAX,H1,bull,2026-09-26T09:00:00+00:00,2026-09-26T14:00:00+00:00,2026-09-26T20:00:00+00:00,reaction,10.511,10.691,10.601,10.502175775937031,10.798648448125933,0.1764844812593368,4,bull,False,London,,2.196,0.526,closed,0.3137,time,h1,2026-09-26T20:00:00+00:00,1.0,1.0,True,1,1,1,0,1,CRYPTO,0,,0,prod,1,1,1,1,1,1.0199197046424653,0.3055555555555613,0.072222222222221,0.6222222222222176,1.0199197046424653,1,0.5599598523212236,0.8499330872020494,0.99725482231707,0.8522727272727285,1,0.985922381154382,2,1.813190586031026,0.3513056760435094,5,0.3569718966248533,1.5808755421958076,12,0,0.0,1,3.2070808490423963,0,9,14,4.35732362705583,0,11.0,6.0,2.510135717536711,5.0,0.5020271435073422,1.1899063220828712,0.6629478080176019,1.0,0.0,1.648870189171974,3.0,0.3343070142994678,0.0,0.0,0.0,off,5.0,0,1,1,1,1,0,1,1,2,tp,1,574,579,574,585,567,10.97,0.9322160556831052,1.0,1.0,1.0,2026-09-26 20:00:00+00:00,168
XPDUSD|W|bull|2025-12-01T05:00:00+00:00,XPDUSD,W,bull,2025-12-01T05:00:00+00:00,2026-01-19T05:00:00+00:00,2026-03-16T04:00:00+00:00,echec,1444.800048828125,1479.0,1478.5,1438.0407496961395,1559.418500607721,135.18598263970875,4,bull,False,,,3.349,2.262,,,,,,,-1.0,False,1,1,1,1,0,METAUX,0,,0,prod,1,1,1,1,1,0.2529844478256527,0.1783621138896226,0.014619903914108,0.8070179821962693,0.2529844478256527,0,0.2992858395066783,0.1383275899374361,0.7190090960164686,0.1923864255734921,1,1.1554448776554864,5,3.7407720926188217,0.8418036145908668,7,0.1871499421323399,3.7407720926188217,4,4,0.0,1,2.990695047915184,1,6,6,4.238605133545039,0,15.0,8.0,5.110736252774842,7.0,0.7301051789678346,1.6791681768145266,1.1813351358883095,1.0,1.0,1.628127201416566,2.0,0.5555307889138948,0.0,0.0,1.0,off,0.0,1,1,1,1,1,0,0,1,2,sl,0,755,762,759,770,758,1984.699951171875,2.7365066150734174,0.0,0.0,,2026-03-16 04:00:00+00:00,45
GBPCAD|M30|bear|2026-10-05T06:00:00+00:00,GBPCAD,M30,bear,2026-10-05T06:00:00+00:00,2026-10-05T09:30:00+00:00,2026-10-05T07:30:00+00:00,reaction,1.885849952697754,1.887220025062561,1.8865349888801572,1.8872872585100595,1.8850304496203532,0.001344668949971,4,bear,True,London,London,2.905,0.153,closed,2.0,tp,m15,2026-10-05T08:00:00+00:00,1.0,1.0,False,1,1,1,0,1,FOREX,0,,0,prod,1,1,1,1,1,1.0188919472236042,0.1678412947011224,0.036543983294179,0.7956147220046985,1.0188919472236042,1,0.5594459736117499,0.3198609715115952,0.9891044509852738,0.3233844223357533,1,0.3198609715115952,2,1.0411439161397378,0.0371457170352988,7,0.1189726784280933,1.0039095458418248,13,0,0.0,2,2.8705926434438616,0,10,19,2.833358273145949,0,,,,,,,,,,,,,,,,,,0,0,1,1,1,0,0,1,4,tp,1,731,738,731,734,725,1.8845000267028809,0.0398757316634022,1.0,1.0,1.0,2026-10-05 07:30:00+00:00,270
NZDCHF|M30|bear|2026-10-02T11:00:00+00:00,NZDCHF,M30,bear,2026-10-02T11:00:00+00:00,2026-10-02T12:00:00+00:00,2026-10-02T12:30:00+00:00,echec,0.4643499851226806,0.4648999869823456,0.4644800126552582,0.4649427957671854,0.4635544464314037,0.0008561756967963,4,bear,False,,NY,5.532,2.42,closed,-1.0,sl,m15,2026-10-02T12:30:00+00:00,-1.0,-1.0,True,1,1,1,1,0,FOREX,0,,0,prod,1,1,1,1,1,0.6423936835896144,0.6727174207531834,0.2364128962340829,0.0908696830127336,0.6423936835896144,0,0.5405235323297028,0.8993163483728678,1.296483074450218,0.6936583794232938,1,0.8993163483728678,2,2.8381931064127004,0.0116608986183972,2,0.0701046263207522,0.642358874937022,4,1,0.0467480204313655,0,2.0089465757079923,0,9,12,2.4060436844801583,0,3.0,1.0,1.3198048716870123,1.0,1.3198048716870123,4.298207230741217,1.4366227097865385,1.0,1.0,-0.8643336525176761,0.0,0.7124635012577744,0.0,0.0,1.0,NY,4.0,0,0,1,0,1,0,1,1,4,sl,0,696,698,697,699,694,0.4638000130653381,0.099634666577288,0.0,0.0,0.0,2026-10-02 12:30:00+00:00,234
XPDUSD|D|bull|2025-06-16T04:00:00+00:00,XPDUSD,D,bull,2025-06-16T04:00:00+00:00,2025-07-16T04:00:00+00:00,2025-06-20T04:00:00+00:00,reaction,1032.0,1055.5,1055.5,1030.3914059309525,1105.717188138095,32.17188138095225,4,bull,False,,,3.258,0.378,,,,,,,1.0,,1,1,1,1,0,METAUX,0,,0,prod,1,1,1,1,1,0.7304515306933047,0.8000020777925532,0.0,0.1999979222074468,0.7304515306933047,0,0.7804515306933015,0.0,0.0,,0,0.1492001282513408,0,0.35745500438183,0.0466245657889343,20,0.1554152192964478,6.76056203939548,3,18,0.0,0,1.476444583316254,1,2,3,4.63759052323769,0,,,,,,,,,,,,,,,,,,0,0,0,1,1,1,1,1,3,tp,4,471,491,489,474,488,1273.0,2.378834113599954,1.0,1.0,,2025-06-20 04:00:00+00:00,25
AUDNZD|M30|bear|2026-10-01T13:00:00+00:00,AUDNZD,M30,bear,2026-10-01T13:00:00+00:00,2026-10-01T14:30:00+00:00,2026-10-02T00:00:00+00:00,reaction,1.2376500368118286,1.2385300397872925,1.2379800081253052,1.2386022083231505,1.236735607729615,0.0014433707171538,4,bull,False,NY,,2.138,0.0,closed,-1.0,sl,m15,2026-10-02T12:45:00+00:00,-1.0,1.0,False,1,0,1,1,1,FOREX,0,,0,prod,1,1,1,1,1,0.6096860390787968,0.2954483879707396,0.374966133839068,0.3295854781901923,0.6096860390787968,0,0.4310744221498295,0.5334546364684297,1.018428413421924,0.523801800340605,1,0.5334546364684297,1,2.203194903612298,0.0692937668365091,3,0.2702374315721787,1.5935088645335012,4,1,0.013792680645646,1,2.826673623336741,0,7,10,2.7505248116284435,0,22.0,19.0,3.872935170756166,4.0,0.9682337926890416,0.7274606654302415,0.422617645890843,1.0,0.0,0.5819354959833652,0.0,0.5889557226592929,0.0,0.0,0.0,off,4.0,0,0,1,1,1,0,1,1,3,sl,1,652,655,653,674,651,1.2353500127792358,0.0502593090164113,0.0,1.0,0.0,2026-10-02 00:00:00+00:00,221
GBPAUD|H4|bull|2026-09-29T00:00:00+00:00,GBPAUD,H4,bull,2026-09-29T00:00:00+00:00,2026-09-30T00:00:00+00:00,2026-09-29T20:00:00+00:00,reaction,1.8876399993896484,1.8903000354766848,1.889129996299744,1.887415894770116,1.8925581993589988,0.0044820923906452,4,bull,False,,,3.022,0.0,unfilled,,,m15,,1.0,-1.0,False,1,1,1,1,0,FOREX,0,,0,prod,1,1,1,1,1,0.5934808690218004,0.2969884377520839,0.4398583848704849,0.2631531773774312,0.5934808690218004,0,0.3824333325223642,1.142332317132129,2.7576354281073465,0.4142434150246424,1,1.142332317132129,1,1.2449427497164305,0.0423952901864636,6,0.3770627534338112,1.2449427497164305,5,1,0.9192118093691156,2,3.888797091614435,1,7,7,3.127995789366133,0,,,,,,,,,,,,,,,,,,1,0,1,1,0,0,1,1,3,open,0,764,770,765,769,765,1.895879983901977,0.0907349696942515,,1.0,,2026-09-29 20:00:00+00:00,182
USDCAD|W|bear|2026-01-12T00:00:00+00:00,USDCAD,W,bear,2026-01-12T00:00:00+00:00,2026-01-26T00:00:00+00:00,2026-03-23T00:00:00+00:00,reaction,1.3854899406433103,1.3923699855804443,1.3912400007247925,1.393147276064161,1.3874254500460554,0.0155458096743319,4,bear,False,,,12.714,0.0,,,,,,,1.0,False,1,1,1,1,0,FOREX,0,,0,prod,1,1,1,1,1,0.4425658798906815,0.0377897910385695,0.8357590879162768,0.1264511210451536,0.4425658798906815,0,0.1226874237703852,1.1636582505702415,1.1996837297213387,0.9699708529351606,1,1.1636582505702415,2,2.3858483194377,0.7500400470940751,2,0.1286503754188925,1.369497317588739,5,0,0.0,0,2.828414199328382,0,3,8,3.200217388370548,0,10.0,8.0,2.3858483194377,8.0,0.2982310399297125,1.4608492829201611,1.2099745328334657,1.0,0.0,0.5274765079537082,2.0,0.842020809635031,0.0,0.0,0.0,off,0.0,1,1,1,1,1,1,0,1,1,sl,0,761,763,761,771,758,1.364199995994568,0.1370917554393842,0.0,1.0,,2026-03-23 00:00:00+00:00,47
NZDUSD|M5|bull|2026-10-07T06:20:00+00:00,NZDUSD,M5,bull,2026-10-07T06:20:00+00:00,2026-10-07T06:55:00+00:00,2026-10-07T08:10:00+00:00,echec,0.5605067014694214,0.5605695247650146,0.5605695247650146,0.5605006081978019,0.5607073578994402,0.000121865432389,4,range,False,London,London,0.0,3.191,closed,-1.0,sl,m15,2026-10-07T08:15:00+00:00,-1.0,-1.0,False,1,0,1,1,1,FOREX,1,"contact,sl",2,prod,1,1,1,1,1,0.5155136642249427,1.0,0.0,0.0,0.5155136642249427,0,0.5655136642252259,0.7737595984856351,0.7737595984856351,1.0,1,2.580992036162261,2,3.612997568908588,1.0320055327463276,7,1.5499647077123753,3.612997568908588,5,2,0.0,3,4.130956743874636,1,4,5,4.126554824540647,0,22.0,15.0,5.162962276620964,15.0,0.3441974851080642,1.5465409926748284,1.0310273284498854,1.0,1.0,2.8392379704229533,2.0,0.7737595984856351,1.0,1.0,1.0,London,2.0,1,1,1,1,1,1,1,1,0,sl,0,970,977,972,992,972,0.5610098242759705,0.0122940267296265,0.0,0.0,0.0,2026-10-07 08:10:00+00:00,326
LINK|W|bear|2025-01-20T00:00:00+00:00,LINK,W,bear,2025-01-20T00:00:00+00:00,2025-03-03T00:00:00+00:00,2025-08-11T00:00:00+00:00,echec,23.4,27.21,24.34,27.437543313552577,18.144913372894845,4.550866271051502,4,bear,False,,,1.13,1.14,,,,,,,1.0,False,1,1,1,1,0,CRYPTO,0,,0,prod,1,1,1,1,1,0.8372032428717535,0.1417322834645666,0.246719160104987,0.6115485564304464,0.8372032428717535,0,0.6806491619532633,0.9712436570848156,1.5623399099260271,0.621659634317862,1,0.9712436570848156,2,1.757907071646725,0.2966468183403845,6,0.3493840304897866,1.757907071646725,4,2,0.0,1,1.9710533040838911,1,7,7,4.75953339648351,0,29.0,23.0,2.922520506612681,18.0,0.1623622503673711,1.2063637279175652,0.7844660307223513,1.0,0.0,0.6130700912367953,1.0,0.2944494345008265,0.0,0.0,0.0,off,0.0,0,1,1,1,1,0,0,1,3,sl,1,314,320,316,343,316,15.4,12.726143441054138,0.0,0.0,,2025-08-11 00:00:00+00:00,28
ETH|H4|bear|2026-09-01T04:00:00+00:00,ETH,H4,bear,2026-09-01T04:00:00+00:00,2026-09-02T08:00:00+00:00,2026-09-03T12:00:00+00:00,echec,2466.57,2485.5,2472.21,2487.316568506272,2441.996862987457,36.33137012543179,4,bear,False,,,4.443,2.976,closed,-1.0,sl,h1,2026-09-03T14:00:00+00:00,-1.0,1.0,False,1,1,1,1,0,CRYPTO,0,,0,prod,1,1,1,1,1,0.5210373276494994,0.026941362915994,0.2979397781299483,0.6751188589540577,0.5210373276494994,0,0.4157995818521915,0.3726806876056135,0.8306870865537211,0.4486414844267739,1,0.3726806876056135,5,2.290857727430968,0.1995520668493874,7,0.0401856576000155,2.290857727430968,4,3,0.0,1,2.5650009806475063,1,7,8,4.065357279124756,0,14.0,7.0,3.0320904391901484,7.0,0.433155777027164,3.0849373313764583,3.01062138923945,1.0,1.0,0.4205731836494604,1.0,1.6341249943238894,0.0,0.0,1.0,off,3.0,0,0,1,0,1,0,0,1,5,sl,0,586,593,589,600,589,2383.34,0.6110552301896579,0.0,0.0,0.0,2026-09-03 12:00:00+00:00,104
USDCHF|W|bear|2024-08-11T23:00:00+00:00,USDCHF,W,bear,2024-08-11T23:00:00+00:00,2024-09-01T23:00:00+00:00,2024-10-13T23:00:00+00:00,echec,0.8618999719619751,0.8747000098228455,0.8650400042533875,0.8755178007415189,0.8440844112771246,0.0163558183734674,4,bear,False,,,0.691,1.182,,,,,,,-1.0,,1,1,1,1,0,FOREX,0,,0,prod,1,1,1,1,1,0.7825984349174901,0.0625008731123311,0.2453142971562149,0.6921848297314539,0.7825984349174901,0,0.640615849900154,1.209966588713987,1.2601004969936993,0.9602143571887164,1,1.209966588713987,1,1.4398529885177818,0.6713177034186684,3,0.0332573996482266,1.1402667173933667,4,0,0.0,1,2.222451423435272,0,2,2,4.830085195459078,0,9.0,6.0,1.4398529885177818,6.0,0.2399754980862969,0.5588234376131559,0.3998577319310067,1.0,0.0,0.4202764488090491,0.0,0.3001985046485114,0.0,0.0,0.0,off,6.0,1,1,1,0,1,1,0,1,2,sl,3,687,690,687,696,686,0.8432499766349792,1.2112499348714807,0.0,0.0,,2024-10-13 23:00:00+00:00,19
EURCHF|M30|bull|2026-10-02T12:00:00+00:00,EURCHF,M30,bull,2026-10-02T12:00:00+00:00,2026-10-02T14:30:00+00:00,2026-10-05T02:30:00+00:00,reaction,0.92671000957489,0.9290199875831604,0.9278649985790252,0.9266058838484929,0.93038322804009,0.0020825145279447,4,bear,False,NY,,2.021,0.0,closed,0.2502,time,m15,2026-10-05T03:00:00+00:00,-1.0,-1.0,False,1,0,1,1,1,FOREX,0,,0,prod,1,1,1,1,1,1.1092253990420018,0.2381112114565862,0.2164365888272481,0.5454521997161657,1.1092253990420018,1,0.6046126995210246,1.4837660666168602,2.780290420924785,0.5336730492073296,1,1.4837660666168602,3,2.3001078762279032,0.3745406675748584,5,0.0480268409132364,2.535405050928569,16,1,0.4177591001010723,1,4.216058268106903,0,2,2,3.9903779101802814,0,26.0,21.0,2.775510634016257,20.0,0.1387755317008128,0.9988037350114498,0.8451350169761896,1.0,0.0,0.609837842275524,7.0,0.609837842275524,0.0,0.0,0.0,off,0.0,1,1,1,0,0,1,0,1,3,tp,16,698,703,699,724,687,0.9343000054359436,0.1357002077307241,1.0,1.0,1.0,2026-10-05 02:30:00+00:00,260
XAGUSD|D|bull|2026-08-18T04:00:00+00:00,XAGUSD,D,bull,2026-08-18T04:00:00+00:00,2026-08-20T04:00:00+00:00,2026-09-01T04:00:00+00:00,echec,63.60499954223633,65.25,65.25,63.51346710310547,68.72306579378906,1.8306487826171605,4,bull,False,,,0.844,1.088,closed,-0.0777,time,h1,2026-09-01T09:00:00+00:00,-1.0,1.0,False,1,1,1,1,0,METAUX,0,,0,prod,1,1,1,1,1,0.8985887808648477,0.7957433092083752,0.0,0.2042566907916248,0.8985887808648477,0,0.948588780864848,1.3814770766666309,2.037528759013943,0.6780159890038525,1,1.3814770766666309,3,2.512769526192115,0.8740062481202315,2,0.7516457901424521,0.7647570299516515,6,1,0.2649337300288635,0,3.184662220146155,0,6,6,5.634615738066128,0,10.0,8.0,3.2283656582450644,2.0,1.6141828291225322,1.5540924250573886,1.033516608087586,1.0,1.0,0.9663225459630718,0.0,0.5304134144172329,0.0,0.0,0.0,off,1.0,1,1,1,1,0,0,1,1,2,sl,1,765,767,766,775,761,66.6500015258789,2.661353098688936,0.0,0.0,0.0,2026-09-01 04:00:00+00:00,98
GBPNZD|W|bull|2025-09-07T23:00:00+00:00,GBPNZD,W,bull,2025-09-07T23:00:00+00:00,2025-10-05T23:00:00+00:00,2025-10-27T00:00:00+00:00,reaction,2.268699884414673,2.2921299934387207,2.291440010070801,2.267171590611276,2.339976848989851,0.0305658760679466,4,bull,False,,,2.185,0.44,,,,,,,1.0,,1,1,1,1,0,FOREX,0,,0,prod,1,1,1,1,1,0.7665446582314115,0.6803191110477954,0.0294485769234683,0.2902323120287363,0.7665446582314115,0,0.7939710088982037,0.8221597652617246,1.35281212800776,0.6077412733374079,1,0.8221597652617246,2,1.0829033554173078,0.1102551946526614,4,0.3880187235936784,0.9392790965464584,7,0,0.0,1,2.163856672018686,0,6,10,3.465296977459596,0,7.0,3.0,1.9557797302037303,2.0,0.9778898651018652,1.1705849007367677,0.3889937430016432,1.0,0.0,-0.1413388133785798,1.0,0.708636305553565,0.0,0.0,0.0,off,0.0,0,0,1,1,1,0,1,1,3,tp,1,743,747,743,750,740,2.3208398818969727,1.059090325422712,1.0,1.0,,2025-10-27 00:00:00+00:00,32
AVAX|M15|bear|2026-10-07T21:00:00+00:00,AVAX,M15,bear,2026-10-07T21:00:00+00:00,2026-10-07T21:30:00+00:00,2026-10-08T01:30:00+00:00,reaction,11.193,11.261,11.235,11.265600372232564,11.17379925553487,0.0920074446512964,4,bear,False,,,3.922,0.0,pending,,,h1,,1.0,1.0,False,1,1,1,1,0,CRYPTO,1,reaction,1,prod,1,1,1,1,1,0.7390706290965497,0.2794117647058858,0.6176470588235302,0.102941176470584,0.7390706290965497,0,0.3325858287722084,0.8260201148726246,0.96731302925871,0.8539325842696818,1,1.7063836583552792,3,2.6736966876140085,0.0326060571660256,2,1.3477170295289966,0.5216969146563915,6,0,0.0,0,2.717171430502036,0,9,16,2.836726973444137,0,18.0,16.0,2.6736966876140085,15.0,0.1782464458409339,0.9238382863706824,0.2499797716061839,0.0,0.0,1.0325251435907614,3.0,0.4782221717683636,0.0,0.0,0.0,off,3.0,1,0,1,1,1,0,1,1,2,open,0,915,917,915,933,911,11.145,0.2723664640192658,,1.0,,2026-10-08 01:30:00+00:00,359
SUI|M30|bear|2026-10-01T12:00:00+00:00,SUI,M30,bear,2026-10-01T12:00:00+00:00,2026-10-01T14:30:00+00:00,2026-10-01T16:30:00+00:00,reaction,1.1671,1.1787,1.1684,1.1794639334036636,1.146272133192673,0.0152786680732707,4,bear,True,NY,,2.115,0.045,closed,2.0,tp,m15,2026-10-01T16:30:00+00:00,1.0,1.0,False,1,1,1,0,1,CRYPTO,0,,0,prod,1,1,1,1,1,0.7592284840779866,0.1293103448275713,0.1120689655172476,0.758620689655181,0.7592284840779866,0,0.724142533276139,0.759228484077972,1.0144863364835015,0.7483870967741901,1,0.759228484077972,2,1.302469554582059,0.5301509242268673,5,0.117811316494861,1.8391655519475287,13,0,0.0,1,3.2987168618560645,0,3,13,3.246356276747244,0,9.0,4.0,2.618029255441323,3.0,0.8726764184804411,1.5642724801261914,0.9359454588202708,0.0,1.0,1.5577274069875888,3.0,0.399249461454801,0.0,0.0,0.0,off,3.0,0,1,1,1,1,1,0,1,2,sl,1,551,556,551,560,543,1.139,0.9469302810393286,0.0,1.0,1.0,2026-10-01 16:30:00+00:00,216
EURCAD|M15|bear|2026-10-06T20:30:00+00:00,EURCAD,M15,bear,2026-10-06T20:30:00+00:00,2026-10-06T21:00:00+00:00,2026-10-06T21:30:00+00:00,reaction,1.599370002746582,1.6002700328826904,1.5997300148010254,1.6003166598962315,1.5985567246106132,0.0009325402708209,4,bear,False,,,2.386,0.443,closed,2.0,tp,m15,2026-10-06T21:45:00+00:00,-1.0,-1.0,True,1,1,1,1,0,FOREX,1,"contact,reaction",2,prod,1,1,1,1,1,0.9651380903004828,0.4443708609271523,0.4,0.1556291390728476,0.9651380903004828,0,0.6290828541803245,0.8364104006405377,1.6942967217010068,0.493662290629244,1,0.8364104006405377,2,1.3832793741909306,0.0965138090300483,2,0.3645793157002619,0.2252414986899935,8,1,0.0965138090300483,0,2.444931273521462,0,10,17,3.034752087911717,0,4.0,2.0,1.3832793741909306,2.0,0.6916396870954653,1.0079620982807032,0.0965138090300483,1.0,0.0,-1.4262312150307932,1.0,0.6112967348101866,0.0,0.0,0.0,off,1.0,0,0,1,1,1,0,1,1,3,tp,1,817,819,818,821,811,1.5991599559783936,0.0366715064278571,1.0,1.0,1.0,2026-10-06 21:30:00+00:00,314
NZDCHF|M30|bull|2026-10-02T12:00:00+00:00,NZDCHF,M30,bull,2026-10-02T12:00:00+00:00,2026-10-02T12:30:00+00:00,2026-10-05T02:30:00+00:00,echec,0.4632200002670288,0.4643400013446808,0.4637800008058548,0.4631671063219248,0.4650057897737146,0.0010578789020791,4,bear,False,NY,,2.431,2.398,closed,0.4895,time,m15,2026-10-05T04:45:00+00:00,-1.0,-1.0,False,1,0,1,1,1,FOREX,0,,0,prod,1,1,1,1,1,1.0587233335032644,0.2589340358159708,0.2767888028525052,0.4642771613315239,1.0587233335032644,1,0.579361666751615,1.1627053410060064,3.4786784796656978,0.3342376559956592,1,1.1627053410060064,2,1.6637121200438727,0.2835770489088597,1,0.0567097754275317,1.0020135580757326,7,1,1.2288808315570603,0,3.4786784796656978,0,4,4,2.495568180065809,0,26.0,25.0,1.8527728765735128,21.0,0.0882272798368339,0.680601820443984,0.2552362470806943,1.0,0.0,0.3781215130592803,2.0,0.1417885244544298,0.0,0.0,0.0,off,0.0,1,1,1,0,0,1,1,1,2,sl,19,698,699,699,724,692,0.4654000103473663,0.1321519864731065,0.0,0.0,1.0,2026-10-05 02:30:00+00:00,262
TON|H1|bear|2026-06-19T06:00:00+00:00,TON,H1,bear,2026-06-19T06:00:00+00:00,2026-06-19T11:00:00+00:00,2026-06-20T15:00:00+00:00,reaction,1.638,1.65,1.643,1.6509890137791683,1.627021972441663,0.0197802755833717,4,range,False,London,NY,2.879,0.0,closed,-0.0,time,h1,2026-06-21T02:00:00+00:00,-1.0,-1.0,True,1,0,1,1,1,CRYPTO,0,,0,prod,1,1,1,1,1,0.6066649551681569,0.3333333333333333,0.4166666666666759,0.2499999999999907,0.6066649551681569,0,0.4038878905147532,0.8594420198215612,1.1627744974056395,0.73913043478261,1,0.8594420198215612,1,1.112219084474943,0.1011108258613594,5,0.3538878905147637,1.2133299103363024,7,0,0.0,1,2.274993581880582,0,7,14,4.246654686177098,0,33.0,28.0,3.842211382731649,13.0,0.2955547217485884,1.0111082586135836,0.252777064653393,1.0,0.0,1.364996149128347,4.0,0.7583311939601904,0.0,0.0,0.0,NY,5.0,0,0,1,1,1,0,1,1,3,sl,1,539,544,539,572,537,1.614,0.4862455130352098,0.0,1.0,0.0,2026-06-20 15:00:00+00:00,62
GBPJPY|H1|bear|2026-09-29T23:00:00+00:00,GBPJPY,H1,bear,2026-09-29T23:00:00+00:00,2026-09-30T00:00:00+00:00,2026-09-30T07:00:00+00:00,echec,208.11199951171875,208.29200744628903,208.13299560546875,208.3052674602115,207.7884518959833,0.2652002784485825,4,bear,False,,London,1.869,1.521,closed,0.4063,time,m15,2026-09-30T07:15:00+00:00,-1.0,-1.0,True,1,1,1,1,0,FOREX,0,,0,prod,1,1,1,1,1,0.6787622381973204,0.7444265491226583,0.1166398236839874,0.1389336271933542,0.6787622381973204,0,0.6495915304106535,1.5724246170801537,1.89664477578507,0.8290559398131295,1,1.8702928977572344,3,4.675732244393086,0.9011997064410128,1,0.0943028997546332,0.9087370339991928,7,0,0.0,0,1.9834103479815235,0,8,17,2.665912481532139,0,8.0,7.0,4.675732244393086,5.0,0.9351464488786172,1.5648297526703845,0.8257688940076242,1.0,1.0,1.5196057873213045,1.0,0.8672529640034086,0.0,0.0,0.0,London,2.0,1,1,1,0,1,0,1,1,2,sl,1,709,710,709,717,703,207.8710021972656,0.0827700837349691,0.0,0.0,1.0,2026-09-30 07:00:00+00:00,185
BTC|H1|bull|2026-09-21T10:00:00+00:00,BTC,H1,bull,2026-09-21T10:00:00+00:00,2026-09-21T19:00:00+00:00,2026-09-21T13:00:00+00:00,reaction,84130.21,84816.42,84473.315,84098.03008426195,85223.88483147611,643.598314761184,4,bull,False,,NY,3.656,0.0,unfilled,,,h1,,1.0,1.0,True,1,1,1,1,0,CRYPTO,0,,0,prod,1,1,1,1,1,1.066208509658108,0.3088413167980582,0.2371285758004154,0.4540301074015263,1.066208509658108,1,0.5831042548290539,0.6920776356682622,0.8156484999417486,0.8484998571292518,1,0.6920776356682622,6,1.598590264149114,0.0055624757211027,9,0.2259328476550779,2.3745867025259195,4,6,0.0,1,2.001683302228709,1,2,2,7.591489735042212,0,,,,,,,,,,,,,,,,,,0,0,1,1,1,1,1,1,2,sl,0,455,464,461,458,460,86344.7,0.4442644588270925,0.0,1.0,,2026-09-21 13:00:00+00:00,136
GBPUSD|W|bull|2024-08-04T23:00:00+00:00,GBPUSD,W,bull,2024-08-04T23:00:00+00:00,2024-08-18T23:00:00+00:00,2024-11-11T00:00:00+00:00,echec,1.2666244506835938,1.2816240787506104,1.278821349143982,1.2656902364408849,1.305083574550176,0.0186842848541801,4,bull,False,,,1.054,1.319,,,,,,,-1.0,False,1,1,1,1,0,FOREX,0,,0,prod,1,1,1,1,1,0.8027938015332088,0.1947133342870313,0.1868532735682609,0.6184333921447077,0.8027938015332088,0,0.7027891517164142,1.0442010549515168,1.0922375063347247,0.95602014112809,1,1.4486030252627475,2,2.388953725696469,0.6711130577295125,2,0.9333261111160288,1.2222657808983826,5,0,0.0,0,3.0170770624245136,0,8,14,3.978903482788622,0,14.0,12.0,3.3004978677565453,7.0,0.4714996953937921,1.6675839104233885,1.5881186425288665,1.0,1.0,0.6958171538585842,6.0,0.549953247427066,0.0,0.0,1.0,off,0.0,1,1,1,1,1,0,0,1,2,sl,0,686,688,686,700,683,1.3044612407684326,1.0268136915204606,0.0,0.0,,2024-11-11 00:00:00+00:00,20
BCH|H1|bear|2026-09-28T23:00:00+00:00,BCH,H1,bear,2026-09-28T23:00:00+00:00,2026-09-29T01:00:00+00:00,2026-09-29T06:00:00+00:00,echec,309.8,311.2,310.1,311.41492523906805,307.470149521864,4.298504781361636,4,bear,False,,London,2.358,1.065,closed,-1.0,sl,m15,2026-09-29T06:15:00+00:00,-1.0,1.0,False,1,1,1,1,0,CRYPTO,0,,0,prod,1,1,1,1,1,0.3256946476063939,0.2142857142856853,0.2142857142857258,0.5714285714285888,0.3256946476063939,0,0.3059029374050163,0.4652780680091417,0.6281253918123386,0.7407407407407438,1,0.744444908814624,3,1.6750010448329071,0.0697917102013739,2,0.1395834204027345,0.9538200394187456,6,0,0.0,0,2.0006956924393013,0,7,13,2.884724021656673,0,7.0,5.0,1.6750010448329071,5.0,0.3350002089665814,1.0468756530205687,0.8840283292173586,1.0,0.0,0.7909727156155488,3.0,0.6281253918123386,0.0,0.0,0.0,London,1.0,0,0,1,1,1,0,0,1,4,sl,0,636,638,636,643,632,305.7,0.4240326472325158,0.0,0.0,0.0,2026-09-29 06:00:00+00:00,176
GBPCAD|D|bear|2026-02-16T00:00:00+00:00,GBPCAD,D,bear,2026-02-16T00:00:00+00:00,2026-02-20T00:00:00+00:00,2026-04-07T23:00:00+00:00,echec,1.8558000326156616,1.859380006790161,1.858180046081543,1.859887238402092,1.8547656614404453,0.0101446322386089,4,bear,False,,,3.181,5.758,,,,,,,-1.0,,1,1,1,1,0,FOREX,0,,0,prod,1,1,1,1,1,0.3528934406192323,0.0167493589957044,0.6648130265392428,0.3184376144650527,0.3528934406192323,0,0.1682852843153247,0.0059107389241608,1.1523238178549884,0.005129407925598,1,0.0059107389241608,2,1.586063945945844,0.135053921382466,4,0.4317542138201137,0.9167403308737236,7,0,0.0,1,1.959662599257664,0,7,12,3.353492393990094,0,37.0,33.0,5.32301405876937,22.0,0.2419551844895168,1.5042536787688905,0.0078849022228865,1.0,1.0,-0.4642926553330388,0.0,1.4776377271521424,0.0,0.0,0.0,off,1.0,0,0,1,1,1,0,0,1,4,sl,0,633,637,633,670,630,1.846500039100647,0.091874429722178,0.0,0.0,,2026-04-07 23:00:00+00:00,50
EURCAD|M15|bear|2026-10-02T11:30:00+00:00,EURCAD,M15,bear,2026-10-02T11:30:00+00:00,2026-10-02T12:00:00+00:00,2026-10-02T12:30:00+00:00,reaction,1.600190043449402,1.601099967956543,1.6006900072097778,1.6011582383505658,1.599753544928202,0.0011654078804547,4,bear,False,,NY,6.492,0.0,closed,-1.0,sl,m15,2026-10-02T12:45:00+00:00,-1.0,1.0,False,1,1,1,1,0,FOREX,0,,0,prod,1,1,1,1,1,0.7807777194590729,0.1758155377964103,0.5494563081357264,0.2747281540678632,0.7807777194590729,0,0.4017744762505467,1.4244871637871153,1.8877574757784872,0.7545922514223787,1,1.4244871637871153,2,2.076584368235116,0.6950589026233985,2,0.0343693585403181,1.441569553299714,7,0,0.0,0,2.754356301830795,0,8,17,3.4322305251840346,0,4.0,2.0,2.076584368235116,1.0,2.076584368235116,2.205162593488628,0.5662760978547658,1.0,1.0,-1.9306168841963245,1.0,1.3643407863415584,0.0,0.0,0.0,NY,4.0,1,1,1,0,1,0,0,1,3,sl,0,594,596,594,598,589,1.5985100269317627,0.0292518313151819,0.0,1.0,0.0,2026-10-02 12:30:00+00:00,235
COPPER|H1|bear|2026-10-06T08:00:00+00:00,COPPER,H1,bear,2026-10-06T08:00:00+00:00,2026-10-06T12:00:00+00:00,2026-10-06T11:00:00+00:00,reaction,6.6545000076293945,6.672500133514404,6.6545000076293945,6.673673496334812,6.616153030218559,0.0234672564081673,4,bear,True,London,,2.034,0.287,closed,0.4955,time,m15,2026-10-06T11:15:00+00:00,1.0,1.0,False,1,1,1,0,1,METAUX,0,,0,prod,1,1,1,1,1,0.7670315426708846,0.4444356141884553,0.0,0.5555643858115447,0.7670315426708846,0,0.8170315426708703,0.809620700355543,1.0227087235611794,0.7916434872446952,1,0.809620700355543,2,0.9587843485249504,0.2556771808902948,4,0.2130677039510158,1.2144615294152454,5,0,0.0,1,2.428923058830491,0,7,8,3.6007547920518364,0,,,,,,,,,,,,,,,,,,0,1,1,1,1,0,1,1,2,tp,1,812,816,812,815,811,6.625999927520752,0.2881281641511062,1.0,1.0,1.0,2026-10-06 11:00:00+00:00,299
NZDJPY|D|bull|2026-01-19T00:00:00+00:00,NZDJPY,D,bull,2026-01-19T00:00:00+00:00,2026-01-21T00:00:00+00:00,2026-01-26T00:00:00+00:00,reaction,90.74700164794922,91.61000061035156,91.1785011291504,90.7080512348378,92.11940091777558,0.7790082622283705,4,bull,False,,,2.781,0.0,,,,,,,1.0,,1,1,1,1,0,FOREX,0,,0,prod,1,1,1,1,1,1.107817470297062,0.0405516509746717,0.9270034920213942,0.032444857003934,1.107817470297062,1,0.6039087351485357,0.015405533136872,1.2477404530856766,0.0123467449490588,0,0.015405533136872,0,2.397915794213617,0.535295756301344,2,0.4711174609129636,0.2195068113138668,6,0,0.0,1,2.480075373034481,0,6,12,2.8074111225790923,0,5.0,3.0,3.0834081533039432,1.0,3.0834081533039432,1.2143634302436803,0.0076978697047561,1.0,0.0,-2.758638360327584,0.0,2.758638360327584,0.0,0.0,0.0,off,0.0,0,1,1,1,1,0,0,1,3,sl,1,614,616,614,619,610,91.78099822998048,0.515965812649434,0.0,1.0,,2026-01-26 00:00:00+00:00,39
XAGUSD|M15|bull|2026-10-04T23:45:00+00:00,XAGUSD,M15,bull,2026-10-04T23:45:00+00:00,2026-10-05T00:15:00+00:00,2026-10-06T01:45:00+00:00,echec,60.92499923706055,61.04499816894531,61.04499816894531,60.9141095585214,61.306775389793145,0.2177935707829609,4,bull,False,,,0.764,2.903,closed,-1.0,sl,m15,2026-10-06T01:45:00+00:00,-1.0,-1.0,False,1,1,1,1,0,METAUX,0,,0,prod,1,1,1,1,1,0.5509755474111255,0.6249801316082271,0.0,0.3750198683917728,0.5509755474111255,0,0.6009755474111381,0.7805647477628765,1.2626530259503648,0.618194176642761,1,0.9412666788909904,5,2.066180196787787,0.5509930626079786,2,0.6887325706615468,0.8494345017896606,9,0,0.0,0,2.2498445509904466,0,6,10,3.742069262095709,0,100.0,98.0,6.221503013437907,53.0,0.1173868493101491,0.7576023246883308,0.7116774785392393,1.0,0.0,1.7218139114570137,0.0,0.4591608855066489,0.0,0.0,0.0,off,1.0,0,1,1,1,1,0,1,1,2,sl,3,643,645,643,743,636,61.22999954223633,0.214413325169861,0.0,0.0,0.0,2026-10-06 01:45:00+00:00,289
USDJPY|M5|bear|2026-10-07T20:50:00+00:00,USDJPY,M5,bear,2026-10-07T20:50:00+00:00,2026-10-07T21:55:00+00:00,2026-10-07T23:55:00+00:00,echec,158.07400512695312,158.093994140625,158.0800018310547,158.0955529459091,158.04889960134585,0.0311761056820198,4,bear,False,,,3.923,1.801,closed,-1.0,sl,m15,2026-10-08T00:00:00+00:00,1.0,-1.0,False,1,1,1,1,0,FOREX,1,reaction,1,prod,1,1,1,1,1,0.6411645468408586,0.250381679389313,0.3,0.449618320610687,0.6411645468408586,0,0.4988151827887405,0.9304227507973069,1.7644261002757975,0.5273231622746186,1,0.9304227507973069,5,2.1173113203309573,0.769886894794405,13,0.0318135080493555,2.1173113203309573,11,4,0.0,4,1.699820207006337,1,9,9,3.7525256340678337,0,37.0,24.0,4.362366111444711,3.0,1.454122037148237,2.854895268490632,1.9890784109627853,1.0,1.0,1.3474244255365524,2.0,1.6680066989569815,0.0,0.0,0.0,off,2.0,0,1,0,0,1,0,1,1,4,sl,0,1144,1157,1148,1181,1146,158.00799560546875,0.0098374966310019,0.0,0.0,0.0,2026-10-07 23:55:00+00:00,350
TRX|H4|bear|2026-09-14T16:00:00+00:00,TRX,H4,bear,2026-09-14T16:00:00+00:00,2026-09-15T12:00:00+00:00,2026-09-18T16:00:00+00:00,reaction,0.3397,0.3421,0.3409,0.3421872779147154,0.3383254441705691,0.0017455582943082,4,bear,True,,,2.253,0.0,unfilled,,,h1,,1.0,1.0,False,1,1,1,1,0,CRYPTO,0,,0,prod,1,1,1,1,1,1.374918275617426,0.1666666666666474,0.1250000000000086,0.7083333333333439,1.374918275617426,1,0.7374591378087278,1.3176300141333417,1.661359583037722,0.7931034482758476,1,1.3176300141333417,2,1.3176300141333734,0.8593239222608874,5,1.031188706713046,1.0884769681971305,9,0,0.0,1,3.551872212011687,0,9,15,5.213231795049377,0,24.0,19.0,4.468484395756627,18.0,0.2482491330975903,1.0884769681970985,0.458306091872486,0.0,0.0,1.8905126289739649,4.0,0.0572882614840528,0.0,0.0,0.0,off,4.0,1,1,1,1,1,0,0,1,2,sl,1,667,672,667,691,663,0.3378,0.3776115912922985,0.0,1.0,,2026-09-18 16:00:00+00:00,129
EURJPY|M30|bear|2026-10-02T07:00:00+00:00,EURJPY,M30,bear,2026-10-02T07:00:00+00:00,2026-10-02T08:00:00+00:00,2026-10-02T13:30:00+00:00,reaction,177.6060028076172,177.91000366210938,177.75800323486328,177.9200942253228,177.43382125394425,0.2018112642686848,4,range,True,London,NY,4.072,0.0,closed,-0.4195,time,m15,2026-10-02T14:00:00+00:00,-1.0,-1.0,True,1,0,1,1,1,FOREX,0,,0,prod,1,1,1,1,1,1.506362172566596,0.2697384931988154,0.2433870401044019,0.4868744666967826,1.506362172566596,1,0.8031810862832487,1.5756958126932623,1.620305243091008,0.97246850209986,1,1.5756958126932623,4,1.7838479514813883,0.4311236815727918,2,0.0595044435983492,1.2040765747188196,4,0,0.0,0,2.8739814556757963,0,9,19,2.710438747285416,1,13.0,11.0,5.009639033666866,2.0,2.504819516833433,2.522096219962051,2.1505525911916727,1.0,1.0,0.0793140550631109,2.0,2.3190098978462115,0.0,0.0,0.0,NY,4.0,1,1,1,0,1,0,1,1,2,tp,15,688,690,688,701,686,177.36300659179688,0.0911863249528938,1.0,1.0,0.0,2026-10-02 13:30:00+00:00,240
TON|H1|bear|2026-06-18T14:00:00+00:00,TON,H1,bear,2026-06-18T14:00:00+00:00,2026-06-18T15:00:00+00:00,2026-06-18T18:00:00+00:00,reaction,1.648,1.673,1.6605,1.6741529923962786,1.6331940152074425,0.0230598479255697,4,bear,False,NY,,2.6,0.0,closed,-0.2564,time,h1,2026-06-18T23:00:00+00:00,-1.0,-1.0,True,1,1,1,0,1,CRYPTO,0,,0,prod,1,1,1,1,1,1.0841355103768504,0.3999999999999982,0.1599999999999992,0.4400000000000025,1.0841355103768504,1,0.5920677551884318,2.1682710207536817,2.255001861583839,0.9615384615384572,1,2.1682710207536817,1,1.6045205553577269,0.563750465395955,1,0.7805775674713192,0.7805775674713289,4,0,0.0,0,2.6886560657345773,0,10,17,3.555964474036044,0,4.0,3.0,1.6045205553577269,3.0,0.5348401851192423,1.3443280328672838,0.9974046695466932,1.0,0.0,-1.3876934532823624,0.0,0.7805775674713289,0.0,0.0,0.0,off,3.0,1,1,1,1,1,0,1,1,1,sl,2,523,524,523,527,520,1.63,0.8222217643046497,0.0,1.0,0.0,2026-06-18 18:00:00+00:00,61
GBPJPY|D|bull|2026-05-27T23:00:00+00:00,GBPJPY,D,bull,2026-05-27T23:00:00+00:00,2026-06-01T23:00:00+00:00,2026-06-04T23:00:00+00:00,echec,213.3070068359375,214.10499572753903,214.06500244140625,213.24504420626616,215.70491891168643,1.2392525934267806,4,bull,True,,,1.862,1.376,,,,,,1.0,1.0,True,1,1,1,1,0,FOREX,0,,0,prod,1,1,1,1,1,0.6439275542647557,0.0025049238006004,0.0501175975677381,0.9473774786316614,0.6439275542647557,0,0.6616554522373392,0.0032259789130804,0.822267548833674,0.0039232715892244,1,0.0064519578261608,1,1.1353598839550807,0.0645565169514525,3,0.1662241042999445,0.4526959569401305,5,0,0.0,1,1.7792874382198365,0,8,17,4.893280556588539,0,6.0,3.0,1.1353598839550807,3.0,0.3784532946516936,1.2515566893090495,0.0121035773723589,1.0,0.0,-0.3268089019503059,0.0,0.5148268332584653,0.0,0.0,0.0,off,3.0,0,0,1,1,1,0,0,1,4,sl,1,707,710,707,713,705,214.6660003662109,0.3830417049907682,0.0,0.0,,2026-06-04 23:00:00+00:00,57
ADA|M5|bear|2026-10-07T12:35:00+00:00,ADA,M5,bear,2026-10-07T12:35:00+00:00,2026-10-07T13:20:00+00:00,2026-10-07T13:50:00+00:00,reaction,0.2552,0.2563,0.25575,0.2563410145866445,0.2545679708267109,0.0008202917328905,4,range,True,NY,NY,5.33,0.0,closed,-1.0,sl,m15,2026-10-07T15:45:00+00:00,-1.0,1.0,False,1,0,1,1,1,CRYPTO,0,,0,prod,1,1,1,1,1,1.3409863294901796,0.4545454545454591,0.0,0.5454545454545409,1.3409863294901796,1,0.7204931647450786,1.462894177625638,1.5848020257610966,0.9230769230769296,1,1.462894177625638,1,1.3409863294901796,0.3657235444063756,9,0.3657235444064433,2.316249114573916,17,0,0.0,2,4.022958988470538,0,3,6,3.6572354440640953,1,15.0,6.0,5.1201296216898005,1.0,5.1201296216898005,3.5353275959287043,3.1696040515222608,1.0,1.0,-0.7314470888128191,1.0,2.925788355251276,0.0,0.0,0.0,NY,2.0,1,1,1,1,1,1,1,1,0,sl,1,1045,1054,1045,1060,1037,0.2533,0.2310907474660847,0.0,1.0,0.0,2026-10-07 13:50:00+00:00,341
XPDUSD|D|bull|2026-06-08T04:00:00+00:00,XPDUSD,D,bull,2026-06-08T04:00:00+00:00,2026-08-28T04:00:00+00:00,2026-06-26T04:00:00+00:00,reaction,1200.9000244140625,1210.0,1202.5,1199.4262686046634,1208.6474627906732,29.47511618798273,4,bull,False,,,2.115,0.0,,,,,,-1.0,-1.0,False,1,1,1,1,0,METAUX,0,,0,prod,1,1,1,1,1,0.3087341718316157,0.1758219646665861,0.8241780353334138,0.0,0.3087341718316157,0,0.1042822486511451,0.0,0.0,,0,0.0,0,0.8346014797379196,0.7056816568752107,57,2.266315977578654,5.150108581760747,4,55,0.0,0,4.899048522595329,1,0,0,11.199276483955716,0,,,,,,,,,,,,,,,,,,0,1,0,1,1,1,0,1,3,tp,0,716,773,771,729,769,1361.800048828125,0.2556117584479508,1.0,1.0,,2026-06-26 04:00:00+00:00,64
CADJPY|H1|bear|2026-09-16T13:00:00+00:00,CADJPY,H1,bear,2026-09-16T13:00:00+00:00,2026-09-16T17:00:00+00:00,2026-09-16T16:00:00+00:00,reaction,111.31900024414062,111.44000244140624,111.35800170898438,111.447952412457,111.17810030203913,0.1589994210150745,4,range,False,NY,,3.291,0.823,closed,0.9672,time,h1,2026-09-16T16:00:00+00:00,-1.0,-1.0,True,1,0,1,1,1,FOREX,0,,0,prod,1,1,1,1,1,0.7610228797886811,0.3718789407313997,0.3223203026481715,0.3058007566204287,0.7610228797886811,0,0.5657297548529814,0.7610228797886811,1.1068900246510274,0.6875325125715277,1,0.7610228797886811,1,0.8302155022764035,0.1069078799602258,4,0.4402512561198707,0.8867883884851586,6,0,0.0,1,2.3774047668354346,0,8,17,2.9497074078972,0,,,,,,,,,,,,,,,,,,0,0,1,1,1,0,1,1,3,tp,1,485,489,485,488,483,111.1780014038086,0.0807761472836907,1.0,1.0,1.0,2026-09-16 16:00:00+00:00,120
GBPAUD|M15|bull|2026-10-01T13:30:00+00:00,GBPAUD,M15,bull,2026-10-01T13:30:00+00:00,2026-10-01T14:00:00+00:00,2026-10-01T20:45:00+00:00,echec,1.9023200273513796,1.9033600091934204,1.903130054473877,1.9022557408708405,1.9048786816799503,0.0012857296107837,4,range,False,NY,,1.899,2.596,closed,-1.0,sl,m15,2026-10-01T20:45:00+00:00,1.0,-1.0,False,1,0,1,1,1,FOREX,0,,0,prod,1,1,1,1,1,0.8088651247652536,0.1539431453461714,0.2211141678129298,0.6249426868408987,0.8088651247652536,0,0.6800135858298388,0.4277045874073951,1.539940492575206,0.2777409838039617,1,1.1121431879366366,8,2.092164321449788,0.0777897569553012,2,0.1322147716546597,1.205509439729233,9,0,0.0,0,2.271108577616333,0,8,12,3.0954574799877075,0,29.0,27.0,5.475508804233932,21.0,0.2607385144873301,1.0578108904684524,0.692226847947889,1.0,0.0,-0.2644295433093195,1.0,0.5832841013179976,0.0,0.0,0.0,off,3.0,1,0,1,1,1,0,0,1,3,sl,1,506,508,506,535,499,1.90490996837616,0.045940822645376,0.0,0.0,0.0,2026-10-01 20:45:00+00:00,220
EURUSD|M5|bear|2026-10-07T10:35:00+00:00,EURUSD,M5,bear,2026-10-07T10:35:00+00:00,2026-10-07T11:30:00+00:00,2026-10-07T10:50:00+00:00,reaction,1.119444727897644,1.1196954250335691,1.1195701360702517,1.1197115004381537,1.119287407334447,0.0003215080916857,4,bear,False,,,3.545,0.0,closed,-1.0,sl,m15,2026-10-07T14:45:00+00:00,-1.0,-1.0,True,1,1,1,1,0,FOREX,0,,0,prod,1,1,1,1,1,0.7797537368681854,0.4997622444127437,0.5002377555872562,0.0,0.7797537368681854,0,0.4396914776267317,1.9488281697475904,1.9488281697475904,1.0,1,1.9488281697475904,1,1.5583951288906244,0.3896914776264683,11,0.3893206960112195,1.5583951288906244,9,3,0.0,2,2.727098780154781,1,8,13,5.070809370142322,0,,,,,,,,,,,,,,,,,,1,1,0,1,1,0,1,1,2,tp,2,1021,1032,1024,1024,1023,1.118943691253662,0.0126266647660357,1.0,1.0,0.0,2026-10-07 10:50:00+00:00,338
AUDNZD|M15|bear|2026-10-01T13:30:00+00:00,AUDNZD,M15,bear,2026-10-01T13:30:00+00:00,2026-10-01T14:45:00+00:00,2026-10-02T12:45:00+00:00,reaction,1.2378400564193726,1.2385499477386477,1.2382299900054932,1.2386054494528904,1.2374790711106989,0.001110034284859,4,range,False,NY,NY,3.116,0.0,closed,-1.0,sl,m15,2026-10-02T13:00:00+00:00,-1.0,1.0,False,1,0,1,1,1,FOREX,0,,0,prod,1,1,1,1,1,0.6395219759946887,0.2394626364399664,0.5492863140218304,0.2112510495382032,0.6395219759946887,0,0.3382413070646123,0.819726489129716,1.234261304803855,0.6641433916296876,1,0.963954535101314,1,1.8197648838337528,0.2612858048018602,5,0.3513880613693739,2.2432132719692794,9,0,0.0,1,3.675506234830936,0,9,11,2.882735247963968,0,93.0,88.0,5.207137204039374,59.0,0.0882565627803283,0.9910174298033564,0.5946319363698727,1.0,0.0,0.927978067937885,1.0,0.4774667851003167,0.0,0.0,0.0,NY,4.0,0,1,1,1,1,0,0,1,3,sl,0,507,512,507,600,503,1.2353500127792358,0.0303222705335692,0.0,1.0,0.0,2026-10-02 12:45:00+00:00,237
EURCHF|W|bear|2023-09-24T23:00:00+00:00,EURCHF,W,bear,2023-09-24T23:00:00+00:00,2023-10-08T23:00:00+00:00,2023-10-30T00:00:00+00:00,reaction,0.9645000100135804,0.9693099856376648,0.9658799767494202,0.9698403853660597,0.9579591595161412,0.0106079945678979,4,bear,False,,,3.378,0.131,,,,,,,,,1,1,1,1,0,FOREX,0,,0,prod,1,1,1,1,1,0.453429306858854,0.3783860814394408,0.2868968252001289,0.3347170933604302,0.453429306858854,0,0.37334187826835,0.3271121212099668,0.6551625890238821,0.4992838826425159,1,1.2264358678863885,3,2.145554794716764,0.3063729756101251,2,0.3799067600764294,1.2320884228778384,7,0,0.0,0,2.12575399572087,0,5,9,3.08069303991754,0,5.0,3.0,2.145554794716764,2.0,1.0727773973583818,1.3103364157316435,1.2434047705446172,1.0,0.0,-1.036951661150148,1.0,1.1217961744412916,0.0,0.0,0.0,off,0.0,1,1,1,1,1,1,1,1,0,tp,4,641,643,641,646,636,0.9514300227165222,0.4100311334714565,1.0,1.0,,2023-10-30 00:00:00+00:00,9
TON|D|bull|2026-02-11T00:00:00+00:00,TON,D,bull,2026-02-11T00:00:00+00:00,2026-02-14T00:00:00+00:00,2026-02-20T00:00:00+00:00,echec,1.288,1.341,1.338,1.2834643325433588,1.4470713349132829,0.0907133491328265,4,bull,False,,,0.843,1.284,,,,,,,-1.0,False,1,1,1,1,0,CRYPTO,0,,0,prod,1,1,1,1,1,0.5842580006873629,0.4339622641509464,0.0566037735849036,0.5094339622641499,0.5842580006873629,0,0.6011867931012861,0.8378039255139561,0.9039463406861106,0.926829268292683,1,0.8378039255139561,3,1.9512012475785545,0.4740206420671055,3,0.4519731703430565,1.28977709585701,7,0,0.0,0,2.535459248265917,0,9,10,5.1260371758419625,0,9.0,6.0,1.9512012475785545,6.0,0.325200207929759,0.5952817365493874,0.3968544910329266,1.0,0.0,0.9149700765481352,5.0,0.2755933965506447,0.0,0.0,0.0,off,4.0,0,1,1,1,1,0,1,1,2,sl,5,552,555,552,561,548,1.458,4.075909376430589,0.0,0.0,,2026-02-20 00:00:00+00:00,43
XAGUSD|M30|bull|2026-10-05T05:30:00+00:00,XAGUSD,M30,bull,2026-10-05T05:30:00+00:00,2026-10-05T08:00:00+00:00,2026-10-05T13:30:00+00:00,reaction,61.13999938964844,61.369998931884766,61.275001525878906,61.12404840955457,61.57690775852758,0.3190196018774465,4,bull,False,London,NY,4.339,0.0,closed,2.0,tp,m15,2026-10-05T14:30:00+00:00,-1.0,-1.0,False,1,1,1,0,1,METAUX,0,,0,prod,1,1,1,1,1,0.7209573984882721,0.3260909226610054,0.4130330220755311,0.2608760552634634,0.7209573984882721,0,0.4731781854029386,1.582978177965484,1.802399475002616,0.8782615618345021,1,1.582978177965484,1,1.5516374030589817,0.64259948244008,5,0.2350976632723188,2.021820772039748,14,0,0.0,2,3.165956355930968,0,5,7,5.015361014511402,0,16.0,11.0,3.2286498633078446,4.0,0.8071624658269612,1.896433757285995,1.6299953191071737,1.0,1.0,0.4701953265446376,0.0,1.7397059676257396,0.0,0.0,0.0,NY,0.0,1,1,1,1,1,1,1,1,0,tp,0,733,738,733,749,724,62.01499938964844,0.2463535088784689,1.0,1.0,1.0,2026-10-05 13:30:00+00:00,276
LTC|M30|bear|2026-09-30T16:30:00+00:00,LTC,M30,bear,2026-09-30T16:30:00+00:00,2026-09-30T18:30:00+00:00,2026-09-30T22:00:00+00:00,reaction,67.17,67.56,67.31,67.58694026037634,66.75611947924733,0.5388052075267599,4,bear,False,,,2.708,0.0,closed,0.9749,time,m15,2026-09-30T22:30:00+00:00,-1.0,1.0,False,1,1,1,1,0,CRYPTO,0,,0,prod,1,1,1,1,1,0.7238237391768919,0.3076923076923189,0.3589743589743599,0.3333333333333212,0.7238237391768919,0,0.513989576395438,0.8166216544560017,1.1878133155723347,0.687500000000018,1,0.8166216544560017,4,1.410528312242156,0.3526320780605324,4,0.0927979152790833,1.7817199733585154,8,0,0.0,0,3.5819995297728315,0,7,13,3.841833692554281,0,11.0,7.0,2.8581757905959395,7.0,0.4083108272279913,1.3362899800188734,0.8908599866792577,1.0,0.0,0.259834162781449,2.0,0.7052641561210647,0.0,0.0,0.0,off,2.0,0,1,1,0,1,0,1,1,3,sl,5,512,516,512,523,508,66.21,0.4114399946164542,0.0,1.0,1.0,2026-09-30 22:00:00+00:00,200
AVAX|M30|bear|2026-09-26T15:00:00+00:00,AVAX,M30,bear,2026-09-26T15:00:00+00:00,2026-09-26T20:30:00+00:00,2026-09-26T16:30:00+00:00,reaction,11.016,11.134,11.034,11.139926147126197,10.822147705747607,0.1185229425239318,4,range,False,NY,,2.521,0.34,closed,1.4727,time,h1,2026-09-26T17:00:00+00:00,1.0,1.0,False,1,0,1,1,1,CRYPTO,0,,0,prod,1,1,1,1,1,0.9955878371495378,0.6610169491525355,0.1525423728813613,0.1864406779661032,0.9955878371495378,0,0.8937185060589218,1.096834057876613,1.383698349936639,0.7926829268292745,1,1.096834057876613,2,0.7340351002712652,0.1012462207270751,11,0.5821657691806674,2.6577132940856187,15,0,0.0,2,4.935753260444736,0,1,1,5.25636629274713,0,,,,,,,,,,,,,,,,,,1,0,0,1,1,1,1,1,2,tp,4,317,328,317,320,313,10.701,0.959997708230885,1.0,1.0,1.0,2026-09-26 16:30:00+00:00,167
USDCHF|H1|bear|2026-10-01T06:00:00+00:00,USDCHF,H1,bear,2026-10-01T06:00:00+00:00,2026-10-01T07:00:00+00:00,2026-10-01T09:00:00+00:00,reaction,0.8360999822616577,0.8382400274276733,0.8371700048446655,0.8383052873875252,0.8348994397589462,0.0013051991970363,4,bull,False,London,London,2.325,0.0,closed,1.3124,time,m15,2026-10-01T10:00:00+00:00,1.0,1.0,False,1,0,1,1,1,FOREX,0,,0,prod,1,1,1,1,1,1.6396310776737129,0.1214906417112299,0.2009525401069518,0.6775568181818182,1.6396310776737129,1,0.8698155388368792,2.122286516063125,3.095269463392563,0.685654848846988,1,2.122286516063125,1,2.152929131178964,0.2758292031291562,1,0.1302881981005766,1.4556840528054609,9,0,0.0,0,3.631629395636261,0,6,7,4.734946208152887,0,3.0,2.0,2.152929131178964,1.0,2.152929131178964,1.9230866842668703,1.2718283621104307,1.0,1.0,-0.9654022109520468,1.0,0.6359141810552154,0.0,0.0,0.0,London,3.0,1,1,1,1,1,0,0,1,2,tp,1,741,742,741,744,733,0.8342000246047974,0.1356095579499781,1.0,1.0,1.0,2026-10-01 09:00:00+00:00,210
CADCHF|D|bear|2026-05-19T23:00:00+00:00,CADCHF,D,bear,2026-05-19T23:00:00+00:00,2026-05-24T23:00:00+00:00,2026-06-07T23:00:00+00:00,reaction,0.5720000267028809,0.5745300054550171,0.573639988899231,0.5747078788854766,0.5715042089267397,0.0035574686091896,4,bear,False,,,3.502,0.0,,,,,,1.0,-1.0,False,1,1,1,1,0,FOREX,0,,0,prod,1,1,1,1,1,0.7111738795391828,0.0079159402534985,0.648211845639165,0.3438722141073363,0.7111738795391828,0,0.3001825465127284,0.0,0.7730158149248286,0.0,0,0.0084276601189325,0,2.0239117926969588,0.3092096769282292,3,0.0281145401184269,1.574162924759573,11,0,0.0,1,2.7350856722361416,0,4,12,3.5193607070415323,0,13.0,10.0,2.0239117926969588,10.0,0.2023911792696958,0.6858908991823852,0.0028148049701404,0.0,0.0,-0.1911554160972184,0.0,1.3071250580089842,0.0,0.0,0.0,off,6.0,0,1,1,0,1,1,0,1,3,tp,1,700,703,700,713,692,0.5663999915122986,0.1861603108065782,1.0,1.0,,2026-06-07 23:00:00+00:00,58
EURCHF|H4|bull|2026-09-01T08:00:00+00:00,EURCHF,H4,bull,2026-09-01T08:00:00+00:00,2026-09-02T04:00:00+00:00,2026-09-03T04:00:00+00:00,echec,0.9381800293922424,0.9397000074386596,0.9393200278282166,0.9380979135288808,0.9417642564268882,0.001642317267234,4,bull,False,,,1.874,1.121,closed,0.4582,time,h1,2026-09-03T06:00:00+00:00,1.0,1.0,True,1,1,1,1,0,FOREX,0,,0,prod,1,1,1,1,1,0.9255081686969752,0.0855652719501196,0.2499901964628838,0.6644445315869966,0.9255081686969752,0,0.7441401997764177,1.0229549132541056,2.106773212214843,0.48555530672363,1,1.0229549132541056,1,1.2786754950602657,0.1826627431493618,5,0.2861704211668425,1.2786754950602657,4,1,0.0,1,2.4660377650532164,1,7,9,2.971417995205186,0,11.0,6.0,2.3198857947248874,5.0,0.4639771589449775,2.076323372854161,1.6135511419983068,1.0,1.0,0.5419272959877351,4.0,1.1325235247319363,0.0,0.0,0.0,off,3.0,1,0,1,1,1,0,0,1,3,sl,1,642,647,643,653,643,0.9417999982833862,0.1301062750851226,0.0,0.0,1.0,2026-09-03 04:00:00+00:00,103
NZDUSD|M15|bull|2026-10-05T07:15:00+00:00,NZDUSD,M15,bull,2026-10-05T07:15:00+00:00,2026-10-05T08:00:00+00:00,2026-10-05T10:30:00+00:00,echec,0.559033989906311,0.5593153834342957,0.5592840909957886,0.5590180628809571,0.5598161472254515,0.000318540507078,4,bull,False,London,,1.765,1.293,closed,1.1767,time,m15,2026-10-05T10:30:00+00:00,-1.0,-1.0,False,1,1,1,0,1,FOREX,0,,0,prod,1,1,1,1,1,0.8833838137754692,0.2221986867189155,0.111205253124338,0.6665960601567464,0.8833838137754692,0,0.8351468931586489,1.768077453159163,1.8665014917200395,0.9472681704260651,1,1.768077453159163,1,2.7541890182082462,1.1794044012342262,3,1.476547696357176,1.2776413218510705,7,0,0.0,1,3.637572831983716,0,7,16,6.588984163201778,0,13.0,10.0,2.951224213274031,9.0,0.3279138014748923,0.6874713263738771,0.3929476824673766,0.0,0.0,0.2947107618505325,1.0,0.2947107618505325,0.0,0.0,0.0,off,0.0,1,1,1,1,1,0,0,1,2,sl,8,668,671,668,681,664,0.559722363948822,0.0475658290865732,0.0,0.0,1.0,2026-10-05 10:30:00+00:00,271
EURUSD|M15|bear|2026-10-01T16:15:00+00:00,EURUSD,M15,bear,2026-10-01T16:15:00+00:00,2026-10-01T16:45:00+00:00,2026-10-01T17:30:00+00:00,reaction,1.1241008043289185,1.1247328519821167,1.1242270469665527,1.1247829310589328,1.1231152787817926,0.0010015815363229,4,bear,False,,,2.725,0.0,closed,2.0,tp,m15,2026-10-01T17:30:00+00:00,-1.0,-1.0,True,1,1,1,1,0,FOREX,0,,0,prod,1,1,1,1,1,0.6310496252942717,0.4000377216144851,0.1997359486986043,0.4002263296869106,0.6310496252942717,0,0.5550063297101652,1.134389660256451,1.3863572303711196,0.8182520604395604,1,1.134389660256451,3,2.140712667020515,1.2603139347870695,2,0.1258052534771869,1.7635349486958172,4,0,0.0,0,2.7717622923147864,0,3,3,9.00096716576373,0,5.0,3.0,2.140712667020515,3.0,0.7135708890068383,1.008584406779264,0.8826601322486455,0.0,0.0,0.1259242745306185,1.0,1.0084653857258326,1.0,1.0,0.0,off,3.0,1,1,1,1,1,1,1,1,0,tp,1,518,520,518,523,516,1.1223344802856443,0.0494458920802492,1.0,1.0,1.0,2026-10-01 17:30:00+00:00,217
ADA|M30|bear|2026-09-30T05:30:00+00:00,ADA,M30,bear,2026-09-30T05:30:00+00:00,2026-09-30T06:30:00+00:00,2026-09-30T07:30:00+00:00,echec,0.2451,0.2469,0.2451,0.2470092297971462,0.2412815404057075,0.0021845959429252,4,bull,True,London,London,0.995,1.1,closed,0.3666,time,m15,2026-09-30T07:30:00+00:00,-1.0,1.0,False,1,0,1,1,1,CRYPTO,0,,0,prod,1,1,1,1,1,0.8239509946126298,0.4444444444444427,0.0,0.5555555555555572,0.8239509946126298,0,0.8739509946126254,1.0070512156376517,1.739452099737777,0.5789473684210477,1,1.0070512156376517,2,1.464801768200238,0.5035256078188385,2,0.274650331537539,0.8239509946126425,7,0,0.0,0,2.151427597044098,0,9,17,2.2429777075566157,1,4.0,2.0,1.464801768200238,1.0,1.464801768200238,0.869726049868882,0.2746503315375517,1.0,0.0,-0.8697260498688948,1.0,0.5035256078188385,0.0,0.0,0.0,London,2.0,1,1,1,1,1,0,1,1,1,sl,3,490,492,490,494,485,0.2433,0.7789595255594656,0.0,0.0,1.0,2026-09-30 07:30:00+00:00,188
AUDJPY|M15|bear|2026-10-05T00:45:00+00:00,AUDJPY,M15,bear,2026-10-05T00:45:00+00:00,2026-10-05T01:15:00+00:00,2026-10-05T03:30:00+00:00,reaction,109.63600158691406,109.7490005493164,109.69250106811523,109.75334381688828,109.57081557056917,0.0868653514374479,4,bear,False,,,2.868,0.501,closed,0.4027,time,m15,2026-10-05T03:45:00+00:00,-1.0,-1.0,True,1,1,1,1,0,FOREX,0,,0,prod,1,1,1,1,1,1.3008519568785113,0.3805279859563837,0.0885152926878671,0.5309567213557491,1.3008519568785113,1,0.7004259784392176,1.0706492035884851,1.7268280551069075,0.6200091551803062,1,1.0706492035884851,2,1.7153223089485738,0.4489875905450645,2,0.6446731053600887,0.6907839201167707,5,0,0.0,0,2.9586455350354157,0,7,12,3.2003540344837758,0,11.0,9.0,1.83046760065526,6.0,0.3050779334425433,0.8978873509667828,0.7943356355417768,1.0,0.0,0.3568537911550463,2.0,0.2302905834133722,0.0,0.0,0.0,off,0.0,1,1,1,1,1,0,1,1,1,tp,8,642,644,642,653,639,109.57599639892578,0.0554666437364389,1.0,1.0,1.0,2026-10-05 03:30:00+00:00,263
XPTUSD|D|bear|2026-03-19T04:00:00+00:00,XPTUSD,D,bear,2026-03-19T04:00:00+00:00,2026-03-26T04:00:00+00:00,2026-03-25T04:00:00+00:00,reaction,1910.0,1939.199951171875,1910.0,1942.905426909134,1844.189146181732,74.10951474517707,4,bear,False,,,2.179,0.462,,,,,,,-1.0,,1,1,1,1,0,METAUX,0,,0,prod,1,1,1,1,1,0.3940108267106861,1.0,0.0,0.0,0.3940108267106861,0,0.4440108267106867,0.0,0.0,,0,0.0,0,0.6706284792548772,0.6706284792548772,5,0.29685796858401,0.6706284792548772,3,4,0.0,0,1.1725876581779306,1,0,0,6.147659976223225,0,,,,,,,,,,,,,,,,,,0,1,1,1,1,1,1,1,1,tp,1,661,666,665,665,663,1860.300048828125,1.7227972203735022,1.0,1.0,,2026-03-25 04:00:00+00:00,48
XAGUSD|D|bear|2026-06-17T04:00:00+00:00,XAGUSD,D,bear,2026-06-17T04:00:00+00:00,2026-06-23T04:00:00+00:00,2026-08-20T04:00:00+00:00,reaction,68.76000213623047,70.94999694824219,70.30999755859375,71.07625718870517,68.77747829837091,2.525204809259604,4,bear,False,,,4.515,0.0,unfilled,,,h1,,1.0,1.0,False,1,1,1,1,0,METAUX,0,,0,prod,1,1,1,1,1,0.8672543327896759,0.1762568499235317,0.7077621434817295,0.1159810065947388,0.8672543327896759,0,0.3034445472706389,0.0,0.0,,0,0.0,0,2.6968115015144942,1.280292868574212,3,0.6831123035231614,1.9859787950491483,8,0,0.0,1,3.56406583430417,0,5,5,5.829229119170653,0,44.0,41.0,5.443123938375556,24.0,0.2267968307656481,0.8316151095628628,0.4657057907260254,1.0,0.0,0.2954224522819416,1.0,1.198319029595754,0.0,0.0,0.0,off,3.0,0,1,1,1,1,1,0,1,2,sl,0,723,726,723,767,718,63.744998931884766,1.089830261297973,0.0,1.0,,2026-08-20 04:00:00+00:00,90
BCH|H1|bull|2026-09-23T04:00:00+00:00,BCH,H1,bull,2026-09-23T04:00:00+00:00,2026-09-23T06:00:00+00:00,2026-09-23T12:00:00+00:00,reaction,335.7,341.4,340.4,335.20076640549337,350.7984671890132,9.984671890132734,4,bull,False,,,3.693,0.442,closed,2.0,tp,h1,2026-09-23T12:00:00+00:00,1.0,1.0,True,1,1,1,1,0,CRYPTO,0,,0,prod,1,1,1,1,1,0.5708750435387832,0.3157894736842032,0.1754385964912284,0.5087719298245684,0.5708750435387832,0,0.5207215271284684,0.480736878769498,0.7110899665132248,0.6760563380281605,1,0.9915198124620968,2,2.123254547898641,0.1101688680513466,2,0.3505373074360956,0.8513048894876607,6,0,0.0,0,2.694129591437424,0,10,11,8.533079598158668,0,8.0,6.0,2.503837910257826,2.0,1.251918955128913,2.15330060282173,1.141750087077572,0.0,1.0,0.7411360214363142,2.0,0.6109364501029118,0.0,0.0,0.0,off,2.0,0,0,1,1,1,0,1,1,3,tp,0,497,499,497,505,493,349.9,1.527389422593011,1.0,1.0,1.0,2026-09-23 12:00:00+00:00,143
EURAUD|D|bear|2026-04-12T23:00:00+00:00,EURAUD,D,bear,2026-04-12T23:00:00+00:00,2026-04-15T23:00:00+00:00,2026-06-28T23:00:00+00:00,reaction,1.656499981880188,1.6636099815368652,1.662919998168945,1.664204234816424,1.6603515248739882,0.0118850655911721,4,bear,False,,,9.025,0.0,,,,,,1.0,1.0,False,1,1,1,1,0,FOREX,0,,0,prod,1,1,1,1,1,0.5982297364819175,0.0196837851885384,0.902955921063662,0.0773602937477994,0.5982297364819175,0,0.1080546537692186,0.0252359206778415,0.8262457081708571,0.03054287656599,1,0.0252359206778415,1,1.3462300483062557,0.0984461690989725,3,0.4105952499475843,0.5326023004743191,6,0,0.0,1,1.9444597847881728,0,3,7,5.319282727042273,0,55.0,52.0,3.8165518558678295,33.0,0.1156530865414493,0.7437876382612643,0.0336512376288388,0.0,0.0,1.0769900567500943,1.0,0.8455939160355457,0.0,0.0,0.0,off,6.0,0,0,1,1,1,1,0,1,3,open,0,673,676,673,728,670,1.6501699686050415,0.0772278070437933,,1.0,,2026-06-28 23:00:00+00:00,66
NZDJPY|M15|bull|2026-10-05T11:00:00+00:00,NZDJPY,M15,bull,2026-10-05T11:00:00+00:00,2026-10-05T11:15:00+00:00,2026-10-05T13:15:00+00:00,reaction,88.2750015258789,88.34500122070312,88.31300354003906,88.27134058485457,88.39632945040805,0.0732188204867222,4,bull,False,,NY,2.136,0.0,closed,-1.0,sl,m15,2026-10-05T13:30:00+00:00,-1.0,-1.0,False,1,1,1,1,0,FOREX,0,,0,prod,1,1,1,1,1,0.9560341775365356,0.3571662125340599,0.4571117166212534,0.1857220708446866,0.9560341775365356,0,0.5690197534942172,2.2398812730599857,2.3354325908584603,0.9590862445901932,1,2.2398812730599857,2,2.048674437552678,1.3111474720373,1,0.4644190004665219,0.9969847423073104,8,0,0.0,0,2.485688861594993,0,10,14,3.67388043940961,0,9.0,8.0,2.048674437552678,7.0,0.2926677767932398,0.7921277185430783,0.5599703182649964,1.0,0.0,0.669276024230754,4.0,0.6418714478065459,0.0,0.0,0.0,NY,0.0,1,1,1,1,1,0,1,1,1,sl,1,683,684,683,692,676,88.41799926757812,0.0471764672408667,0.0,1.0,0.0,2026-10-05 13:15:00+00:00,277
AUDUSD|M15|bull|2026-10-07T08:00:00+00:00,AUDUSD,M15,bull,2026-10-07T08:00:00+00:00,2026-10-07T08:45:00+00:00,2026-10-07T09:30:00+00:00,echec,0.6967670321464539,0.6971070170402527,0.6969370245933533,0.6967543409530844,0.697302391873891,0.0002538238673886,4,bear,False,London,,0.931,2.524,closed,-1.0,sl,m15,2026-10-07T09:30:00+00:00,-1.0,-1.0,False,1,0,1,1,1,FOREX,1,"contact,sl",2,prod,1,1,1,1,1,1.3394520274891248,0.4284712482468443,0.2859396914446003,0.2855890603085554,1.3394520274891248,1,0.7197260137445991,1.339686854282163,1.5313055174012242,0.8748658181260542,1,1.339686854282163,3,1.9157169776045373,0.3830024994450846,3,0.3834721530311607,1.3408609882473532,5,0,0.0,0,3.2551690050936624,0,6,7,3.830494648036922,0,6.0,3.0,2.299189130635698,2.0,1.149594565317849,0.9569191816301164,0.3830024994450846,1.0,0.0,0.1916186631190613,2.0,0.7660049988901693,0.0,1.0,0.0,off,2.0,1,1,1,1,1,0,1,1,1,sl,3,863,866,863,869,861,0.6974473595619202,0.0262123597717378,0.0,0.0,0.0,2026-10-07 09:30:00+00:00,333
EURUSD|D|bear|2026-03-10T00:00:00+00:00,EURUSD,D,bear,2026-03-10T00:00:00+00:00,2026-03-16T00:00:00+00:00,2026-03-23T00:00:00+00:00,reaction,1.1608469486236572,1.1663848161697388,1.1616694927215576,1.1668471119574424,1.151314254249788,0.0092459157540715,4,bear,True,,,2.543,0.41,,,,,,,-1.0,,1,1,1,1,0,FOREX,0,,0,prod,1,1,1,1,1,0.598952845059491,0.0097513722957701,0.1485308362931869,0.841717791411043,0.598952845059491,0,0.5599898780826262,0.0204228028538205,0.8332348846155347,0.0245102590288738,1,0.0204228028538205,1,1.877853514678284,0.4444022530085144,4,0.7899266808365049,1.085103226629035,5,0,0.0,1,2.6843479364662786,0,4,4,4.546175223905106,0,9.0,5.0,2.085395091406788,5.0,0.4170790182813575,1.6537957697327703,0.039040560000864,0.0,1.0,0.8438072951838004,4.0,0.3343331444459727,0.0,0.0,0.0,off,0.0,0,1,1,1,1,1,0,1,2,tp,4,649,653,649,658,648,1.150814175605774,0.4457050192266528,1.0,1.0,,2026-03-23 00:00:00+00:00,46
CHFJPY|M15|bear|2026-10-01T05:45:00+00:00,CHFJPY,M15,bear,2026-10-01T05:45:00+00:00,2026-10-01T06:30:00+00:00,2026-10-01T07:15:00+00:00,reaction,189.22000122070312,189.33999633789065,189.28900146484372,189.3475922217717,189.17181995098792,0.1519176776208611,4,range,False,London,London,4.147,0.785,closed,-1.0,sl,m15,2026-10-01T07:15:00+00:00,-1.0,-1.0,True,1,0,1,1,1,FOREX,0,,0,prod,1,1,1,1,1,0.7898693494181117,0.1833672431332655,0.5750254323499492,0.2416073245167853,0.7898693494181117,0,0.3856743852689552,1.079541679494642,1.527207967688503,0.7068727392305163,1,1.079541679494642,3,3.0740019632427917,0.3554612954718588,3,1.2440643135672345,1.4547898851693706,17,1,0.0197869102028697,0,3.883658222863773,0,7,10,2.639593909296538,0,6.0,3.0,3.0740019632427917,3.0,1.0246673210809305,1.9023557321946891,1.079541679494642,1.0,1.0,-0.0328442621133929,2.0,1.059754769291772,0.0,0.0,0.0,London,3.0,1,1,1,1,1,0,0,1,2,sl,1,476,479,477,482,462,188.99899291992188,0.030953069895503,0.0,1.0,0.0,2026-10-01 07:15:00+00:00,208
EURJPY|D|bull|2026-01-19T00:00:00+00:00,EURJPY,D,bull,2026-01-19T00:00:00+00:00,2026-01-23T00:00:00+00:00,2026-01-26T00:00:00+00:00,echec,183.01400756835935,184.1309967041016,183.1490020751953,182.94892985880543,183.54914650797505,1.3015541910781536,4,bull,False,,,4.428,6.693,,,,,,,1.0,,1,1,1,1,0,FOREX,0,,0,prod,1,1,1,1,1,0.8581964111820192,0.023277734519077,0.8791442973648621,0.0975779681160608,0.8581964111820192,0,0.1537179302723648,0.0046073410870392,1.2669484578504928,0.0036365655275796,0,0.0215126485870661,0,1.435204333884048,0.5286015325025759,4,0.561626672050132,1.0971568014545914,7,0,0.0,2,2.9518519210293217,0,8,17,2.497788491914521,0,5.0,1.0,2.093655509847302,1.0,2.093655509847302,1.7094993960048042,0.0122979664129876,1.0,1.0,-1.6802961220917896,0.0,1.658783473504723,0.0,1.0,0.0,off,0.0,0,1,1,1,1,0,0,1,3,sl,0,614,618,614,619,611,185.5590057373047,0.1092401346023782,0.0,0.0,,2026-01-26 00:00:00+00:00,40
XAGUSD|M15|bull|2026-10-05T05:45:00+00:00,XAGUSD,M15,bull,2026-10-05T05:45:00+00:00,2026-10-05T06:00:00+00:00,2026-10-05T13:45:00+00:00,reaction,61.13999938964844,61.369998931884766,61.2549991607666,61.12935563911633,61.50628620406714,0.2128750106420757,4,bear,False,London,NY,3.104,0.0,closed,2.0,tp,m15,2026-10-05T15:15:00+00:00,-1.0,-1.0,False,1,0,1,1,1,METAUX,0,,0,prod,1,1,1,1,1,1.0804440668850757,0.5869503922511734,0.1521735524853631,0.2608760552634634,1.0804440668850757,1,0.5902220334425388,1.9729980629279305,2.2313491503225227,0.8842175428452111,1,1.9729980629279305,2,2.137413074847566,1.1509230033297542,1,0.2348760284720064,1.2213840198821255,9,0,0.0,0,2.748087164896321,0,7,9,4.110393217883189,1,32.0,31.0,4.838532202006409,9.0,0.5376146891118232,1.5032280860916103,0.5871990311261699,1.0,1.0,1.315320095357082,1.0,0.6811530264934339,0.0,0.0,0.0,NY,0.0,1,1,1,1,1,0,1,1,1,tp,0,667,668,667,699,659,61.630001068115234,0.2051155389301545,1.0,1.0,1.0,2026-10-05 13:45:00+00:00,276
USDCAD|W|bull|2023-09-17T23:00:00+00:00,USDCAD,W,bull,2023-09-17T23:00:00+00:00,2023-10-22T23:00:00+00:00,2023-11-27T00:00:00+00:00,echec,1.3387600183486938,1.3526999950408936,1.352190017700195,1.337823519629025,1.380923013842536,0.01872997439338,4,bull,False,,,0.965,1.169,,,,,,,-1.0,False,1,1,1,1,0,FOREX,0,,0,prod,1,1,1,1,1,0.7442603176823728,0.2360159744135731,0.0365838015341594,0.7274002240522675,0.7442603176823728,0,0.7670324459305273,0.5926358228847709,0.9113763131447676,0.6502646758942414,1,0.5926358228847709,5,1.3715960837160557,0.1868654311907648,5,0.5077444359221543,1.3715960837160557,3,2,0.0,0,1.692475088447445,1,6,12,3.2642832249212623,0,10.0,5.0,1.946079992099598,4.0,0.4865199980248995,0.8889473697007534,0.7234416247183063,1.0,0.0,0.138812501848453,2.0,0.619329066018765,0.0,0.0,0.0,off,0.0,0,0,1,1,1,0,0,1,4,sl,2,640,645,642,650,642,1.3783899545669556,1.0624614797559997,0.0,0.0,,2023-11-27 00:00:00+00:00,11
NZDUSD|H4|bear|2026-09-25T16:00:00+00:00,NZDUSD,H4,bear,2026-09-25T16:00:00+00:00,2026-09-27T20:00:00+00:00,2026-09-28T00:00:00+00:00,reaction,0.5662513971328735,0.5678269267082214,0.5670391619205475,0.5679041656767665,0.5653091544081095,0.0015447793709013,4,bear,False,,,2.132,0.352,closed,-0.166,time,m15,2026-09-28T02:45:00+00:00,-1.0,-1.0,True,1,1,1,1,0,FOREX,0,,0,prod,1,1,1,1,1,1.019905887549896,0.0203911776945484,0.3259183596262248,0.6536904626792267,1.019905887549896,1,0.5599529437749414,0.5605566047866261,0.6645420157103566,0.8435231957266446,1,0.5605566047866261,2,0.7043612899490542,0.5181521644878581,2,0.0206813284805638,0.6629986329879265,6,0,0.0,0,1.7242671774989502,0,10,13,6.332846571243403,0,3.0,1.0,0.7043612899490542,1.0,0.7043612899490542,1.390780755749858,1.245085426752453,1.0,0.0,-0.6422015508031804,0.0,0.6836799614684903,0.0,0.0,0.0,off,0.0,0,1,1,0,1,0,0,1,4,sl,4,755,757,755,758,751,0.565227210521698,0.1525474454514325,0.0,1.0,0.0,2026-09-28 00:00:00+00:00,171
XAGUSD|H4|bull|2026-07-20T20:00:00+00:00,XAGUSD,H4,bull,2026-07-20T20:00:00+00:00,2026-07-21T00:00:00+00:00,2026-08-03T12:00:00+00:00,reaction,56.380001068115234,56.75,56.68000030517578,56.33574225733029,57.36851640086677,0.8851762156988583,4,bull,False,,,4.531,0.0,,,,,,-1.0,-1.0,False,1,1,1,1,0,METAUX,0,,0,prod,1,1,1,1,1,0.4179946606367485,0.0810780159392945,0.1891889105399358,0.7297330735207695,0.4179946606367485,0,0.3889147061793753,1.677632751552339,1.886632236637865,0.889220866140833,1,1.677632751552339,2,3.163211106897976,1.434743088709167,1,0.3953997722868834,1.1353683597584836,4,0,0.0,0,1.9939525693818456,0,7,10,4.230794801606864,0,60.0,59.0,5.1063284096433526,50.0,0.102126568192867,1.7341178176598506,0.6213443462512322,1.0,1.0,0.3728091934713211,1.0,1.6267931753815668,0.0,0.0,0.0,off,0.0,1,1,1,1,1,0,0,1,2,open,0,461,462,461,521,458,57.755001068115234,0.607371287918036,,1.0,,2026-08-03 12:00:00+00:00,83
BNB|M30|bull|2026-10-06T07:00:00+00:00,BNB,M30,bull,2026-10-06T07:00:00+00:00,2026-10-06T09:30:00+00:00,2026-10-06T17:00:00+00:00,reaction,778.06,779.41,779.14,777.9551779029215,781.509644194157,2.096441941568167,4,bear,False,London,,3.19,0.0,closed,-0.2785,time,m15,2026-10-06T19:15:00+00:00,1.0,1.0,True,1,0,1,1,1,CRYPTO,0,,0,prod,1,1,1,1,1,0.6439481929989458,0.6148148148148348,0.1999999999999831,0.185185185185182,0.6439481929989458,0,0.5651585543991894,0.6773380993026182,1.0637070151019532,0.636771300448458,1,0.9492273363465826,3,1.7410451144045171,0.0953997322961602,5,0.0572398393776852,1.7410451144045171,8,0,0.0,1,2.957391701180316,0,2,2,5.447324714109544,0,20.0,15.0,3.5584100146459843,4.0,0.8896025036614961,1.6885752616416343,1.3260562789163124,1.0,1.0,1.3260562789163666,1.0,1.550245649812251,0.0,0.0,0.0,off,1.0,0,0,1,0,1,1,1,1,3,sl,10,781,786,781,801,778,783.06,0.1520679335008464,0.0,1.0,0.0,2026-10-06 17:00:00+00:00,311
GBPUSD|M30|bull|2026-09-30T06:30:00+00:00,GBPUSD,M30,bull,2026-09-30T06:30:00+00:00,2026-09-30T09:30:00+00:00,2026-09-30T08:00:00+00:00,reaction,1.3247665166854858,1.3260489702224731,1.3254077434539795,1.3247182353993046,1.3267867595633294,0.0009656257236252,4,range,False,London,London,2.282,0.0,closed,0.6494,time,m15,2026-10-01T03:00:00+00:00,-1.0,-1.0,False,1,0,1,1,1,FOREX,0,,0,prod,1,1,1,1,1,1.328106227506633,0.0959286112660345,0.3153002416806097,0.5887711470533556,1.328106227506633,1,0.7140531137533387,1.5299517082626608,2.460663071822106,0.6217639975918121,1,1.5299517082626608,1,1.8599412923977443,0.1092558106844553,6,0.2008578576085975,1.8599412923977443,5,1,0.0,2,2.8989208434942144,1,1,1,3.867902604016576,0,,,,,,,,,,,,,,,,,,1,0,1,1,1,1,0,1,2,sl,4,591,597,592,594,592,1.3278449773788452,0.0520223348686718,0.0,1.0,1.0,2026-09-30 08:00:00+00:00,189
NZDCAD|M5|bull|2026-10-07T14:45:00+00:00,NZDCAD,M5,bull,2026-10-07T14:45:00+00:00,2026-10-07T14:55:00+00:00,2026-10-07T18:00:00+00:00,reaction,0.7964699864387512,0.7967000007629395,0.7965599894523621,0.7964470352863173,0.7967858977844515,0.0004590230486783,4,range,False,NY,,18.769,0.708,closed,2.0,tp,m15,2026-10-07T18:00:00+00:00,-1.0,-1.0,False,1,0,1,1,1,FOREX,1,reaction,1,prod,1,1,1,1,1,0.5010953695037742,0.0435345944545218,0.6087069188909043,0.3477584866545737,0.5010953695037742,0,0.246075151062576,0.9585607716187772,1.1111358063860577,0.8626855206263877,1,0.9585607716187772,2,1.5031562574179036,0.4792803858093886,2,0.108945067378509,1.3507110737440422,4,0,0.0,0,2.0042516269216777,0,3,4,3.943058302760199,0,39.0,37.0,4.50959862334713,3.0,1.50319954111571,4.792803858093886,1.0021907390075484,0.0,1.0,0.4792803858093886,2.0,3.681668051707829,0.0,0.0,0.0,off,2.0,0,1,1,1,1,1,0,1,2,tp,0,1071,1073,1071,1110,1069,0.7973200082778931,0.0141802460003531,1.0,1.0,1.0,2026-10-07 18:00:00+00:00,348
BNB|M5|bear|2026-10-07T06:40:00+00:00,BNB,M5,bear,2026-10-07T06:40:00+00:00,2026-10-07T07:00:00+00:00,2026-10-07T06:55:00+00:00,reaction,769.0,769.82,769.4100000000001,769.8557844495133,768.5184311009737,0.715688990264963,4,bull,False,London,London,3.522,0.292,closed,-1.0,sl,m15,2026-10-07T07:30:00+00:00,-1.0,1.0,False,1,0,1,1,1,CRYPTO,0,,0,prod,1,1,1,1,1,1.1457490769789107,0.2682926829267075,0.1097560975610077,0.6219512195122847,1.1457490769789107,1,0.6228745384893701,0.6706823865240661,1.0758863283825446,0.6233766233765141,1,0.6706823865240661,4,0.572874538489376,0.1397254971925733,4,0.9221882814707298,0.6986274859627079,8,0,0.0,0,2.7665648444123483,0,10,12,4.778612003984865,0,,,,,,,,,,,,,,,,,,0,0,1,1,1,0,1,1,3,tp,1,974,978,974,977,970,768.5,0.0579384787711638,1.0,1.0,0.0,2026-10-07 06:55:00+00:00,327
EURUSD|W|bear|2022-08-07T23:00:00+00:00,EURUSD,W,bear,2022-08-07T23:00:00+00:00,2022-09-18T23:00:00+00:00,2022-09-11T23:00:00+00:00,reaction,1.0160020589828491,1.0369141101837158,1.0170871019363403,1.0380187570239958,0.9752237917610294,0.0220929368055985,4,bear,False,,,2.293,0.124,,,,,,,,,1,1,1,1,0,FOREX,0,,0,prod,1,1,1,1,1,0.9465491792638188,0.4447820411234559,0.051886012666526,0.5033319462100181,0.9465491792638188,0,0.9474365165590496,0.9696864125837557,1.0452223569041366,0.9277321769655672,1,0.9696864125837557,2,1.1626972345219075,0.3247576170305573,6,1.189317463202856,0.9342548261575978,10,0,0.0,2,3.0701214686242726,0,5,6,5.564852643190376,0,,,,,,,,,,,,,,,,,,0,1,1,1,1,1,1,1,1,tp,1,582,588,582,587,578,0.995361626148224,2.0580002487304774,1.0,1.0,,2022-09-11 23:00:00+00:00,0
COPPER|M30|bear|2026-10-01T05:30:00+00:00,COPPER,M30,bear,2026-10-01T05:30:00+00:00,2026-10-01T07:00:00+00:00,2026-10-01T07:00:00+00:00,reaction,6.623000144958496,6.645999908447266,6.634500026702881,6.647023100359921,6.6094538793888,0.0204638382531121,4,bear,True,London,London,5.031,0.0,unfilled,,,m15,,-1.0,1.0,False,1,1,1,0,1,METAUX,0,,0,prod,1,1,1,1,1,1.1239222673816671,0.0434755566612762,0.1739022266451051,0.7826222166936186,1.1239222673816671,1,0.6119611336908303,0.8307433900711365,1.5393172638698909,0.5396830202388702,1,0.8307433900711365,3,2.5166500925962927,0.0977495938894989,3,0.4397916174184514,1.7592130725791166,7,0,0.0,0,3.64057235997796,0,1,11,3.3229502588318907,0,,,,,,,,,,,,,,,,,,0,0,1,1,1,1,0,1,3,tp,2,641,644,641,644,637,6.586999893188477,0.1887568559294112,1.0,1.0,,2026-10-01 07:00:00+00:00,207
CHFJPY|M30|bear|2026-09-29T04:30:00+00:00,CHFJPY,M30,bear,2026-09-29T04:30:00+00:00,2026-09-29T05:30:00+00:00,2026-09-29T06:30:00+00:00,reaction,188.968994140625,189.10400390625,188.9850006103516,189.1129933263294,188.7290151783959,0.179788401587475,4,bear,False,,London,2.156,0.117,closed,1.375,time,m15,2026-09-29T06:30:00+00:00,-1.0,-1.0,True,1,1,1,1,0,FOREX,0,,0,prod,1,1,1,1,1,0.7509370150293692,0.2221971066907775,0.1185578661844484,0.659245027124774,0.7509370150293692,0,0.7119075248886465,0.8175606087000354,0.9621804859163606,0.8496956866896004,1,0.8175606087000354,1,1.3682024886175927,0.5895127154604428,2,0.0333542322453144,0.5951141895779766,5,0,0.0,1,2.119139503646962,0,10,15,3.965758804393912,0,4.0,2.0,1.3682024886175927,2.0,0.6841012443087964,0.8621177891804173,0.0167195515326385,1.0,0.0,-0.5673614314501959,1.0,0.3114759092628599,0.0,0.0,0.0,London,1.0,0,1,1,0,1,0,0,1,4,tp,2,539,541,539,543,536,188.86199951171875,0.0677263886363765,1.0,1.0,1.0,2026-09-29 06:30:00+00:00,177
NZDUSD|W|bull|2024-09-08T23:00:00+00:00,NZDUSD,W,bull,2024-09-08T23:00:00+00:00,2024-09-22T23:00:00+00:00,2024-09-29T23:00:00+00:00,reaction,0.6107802987098694,0.6194289922714233,0.6171315908432007,0.6101984839170432,0.6309978046955156,0.0116362958565224,4,bull,False,,,2.961,0.329,,,,,,,1.0,,1,1,1,1,0,FOREX,0,,0,prod,1,1,1,1,1,0.743251432259361,0.1308536812289371,0.2656356606777348,0.603510658093328,0.743251432259361,0,0.5958173470014756,0.6609821077645773,0.9769667967275444,0.6765655803028396,1,0.9263738001498109,2,1.5668718142306424,0.2767632072584305,2,0.3893155929830977,0.8972483796232346,4,0,0.0,0,2.2316136931289705,0,4,11,3.792348987171284,0,3.0,1.0,1.4883622608696097,1.0,1.4883622608696097,1.9602852504112889,1.6054017848955924,1.0,1.0,-1.435156889253439,0.0,1.2865639726063325,0.0,0.0,0.0,off,6.0,0,1,1,1,1,1,0,1,2,sl,1,691,693,691,694,689,0.6298696398735046,1.123440612833414,0.0,1.0,,2024-09-29 23:00:00+00:00,18
EURUSD|M30|bear|2026-10-01T23:30:00+00:00,EURUSD,M30,bear,2026-10-01T23:30:00+00:00,2026-10-02T00:30:00+00:00,2026-10-02T02:30:00+00:00,echec,1.1247328519821167,1.125112533569336,1.1248594522476196,1.125157283175792,1.1242637903912749,0.0008949921291217,4,bear,False,,,1.274,1.7,closed,-1.0,sl,m15,2026-10-02T03:00:00+00:00,-1.0,-1.0,True,1,1,1,1,0,FOREX,0,,0,prod,1,1,1,1,1,0.4242289679036595,0.6665620094191522,0.3334379905808477,0.0,0.4242289679036595,0,0.33277491329977,1.1308332613821253,1.1308332613821253,1.0,1,1.1308332613821253,3,1.1297676941158052,0.7062047057535958,2,0.2822421296665163,0.847525564449289,6,1,0.1414540546039831,0,1.695450716623448,0,8,10,8.92385946361362,0,6.0,4.0,1.4118766278740316,2.0,0.7059383139370158,0.2826417173913863,0.2826417173913863,1.0,0.0,0.847125976724419,2.0,0.2826417173913863,0.0,0.0,0.0,off,4.0,1,1,1,1,0,0,1,1,2,sl,0,673,675,674,679,669,1.123974323272705,0.0264771681099693,0.0,0.0,0.0,2026-10-02 02:30:00+00:00,223
USDJPY|H1|bull|2026-09-22T00:00:00+00:00,USDJPY,H1,bull,2026-09-22T00:00:00+00:00,2026-09-22T06:00:00+00:00,2026-09-22T03:00:00+00:00,reaction,157.25799560546875,157.40499877929688,157.37399291992188,157.2496545315359,157.62266969669383,0.166821478657,4,bull,False,,,2.525,0.0,closed,-1.0,sl,h1,2026-09-22T08:00:00+00:00,1.0,-1.0,False,1,1,1,1,0,FOREX,0,,0,prod,1,1,1,1,1,0.8812005205299536,0.1836205106913016,0.2109196595391322,0.6054598297695661,0.8812005205299536,0,0.7453380067540949,1.025079326715714,1.3368014954894407,0.7668149161820048,1,1.025079326715714,1,0.9891324921124058,0.071985136979144,6,0.2037901971912743,0.9891324921124058,5,1,0.0,3,2.044121780444613,1,8,15,3.536784360320917,0,,,,,,,,,,,,,,,,,,1,0,1,1,1,0,0,1,3,sl,0,567,573,568,570,568,157.57000732421875,0.0790082186255816,0.0,1.0,0.0,2026-09-22 03:00:00+00:00,139
GBPAUD|M5|bear|2026-10-06T12:40:00+00:00,GBPAUD,M5,bear,2026-10-06T12:40:00+00:00,2026-10-06T13:10:00+00:00,2026-10-06T14:25:00+00:00,reaction,1.9016499519348145,1.9021300077438357,1.9017900228500368,1.902162084594761,1.901045899360588,0.0006415370185131,4,bull,False,NY,NY,2.016,0.0,closed,-1.0,sl,m15,2026-10-06T14:30:00+00:00,1.0,1.0,False,1,0,1,1,1,FOREX,0,,0,prod,1,1,1,1,1,0.7482901144716012,0.2915321579339459,0.2917804817481996,0.4166873603178544,0.7482901144716012,0,0.5799536643836563,0.7482901144716012,0.9196145459448608,0.8136997373206708,1,0.7482901144716012,3,1.2780579605998692,0.1713244314732596,6,0.1715102497286535,2.2757161738102063,8,0,0.0,0,3.398058436389911,0,7,8,3.382449702936816,0,21.0,15.0,3.99026121633056,12.0,0.3325217680275467,0.9508320128510512,0.2805855656449262,1.0,0.0,0.732681381018506,3.0,0.592202779940649,0.0,0.0,0.0,NY,1.0,0,0,1,1,1,0,1,1,3,sl,2,758,764,758,779,756,1.900189995765686,0.0195637657288215,0.0,1.0,0.0,2026-10-06 14:25:00+00:00,304
AUDJPY|M30|bull|2026-10-02T06:00:00+00:00,AUDJPY,M30,bull,2026-10-02T06:00:00+00:00,2026-10-02T07:00:00+00:00,2026-10-02T07:30:00+00:00,reaction,109.29199981689452,109.43800354003906,109.3650016784668,109.2855509980275,109.52390303934538,0.1289763773406628,4,range,True,London,London,2.404,0.0,closed,-0.0378,time,m15,2026-10-02T08:00:00+00:00,-1.0,-1.0,False,1,0,1,1,1,FOREX,0,,0,prod,1,1,1,1,1,1.1320191042340602,0.198620473428437,0.2397449966034383,0.5616345299681246,1.1320191042340602,1,0.6160095521169917,0.7443275533561781,1.1242700054905443,0.6620540881826792,1,0.7443275533561781,2,1.4033558671081592,0.2092848195004496,2,0.23259126915652,0.6202236666088792,7,0,0.0,0,2.53537497134222,0,9,15,3.11685314423352,0,3.0,1.0,1.4033558671081592,1.0,1.4033558671081592,1.3490530224780255,1.2095692450947413,1.0,0.0,-1.1087126545779895,0.0,0.8528149357653992,0.0,0.0,0.0,London,4.0,0,0,1,1,1,0,0,1,4,sl,4,685,687,685,688,680,109.51799774169922,0.0726472630365598,0.0,1.0,0.0,2026-10-02 07:30:00+00:00,227
AVAX|H1|bull|2026-09-24T12:00:00+00:00,AVAX,H1,bull,2026-09-24T12:00:00+00:00,2026-09-24T16:00:00+00:00,2026-09-24T23:00:00+00:00,reaction,9.966,10.151,10.124,9.956515572384411,10.458968855231175,0.1896885523117358,4,bear,True,NY,,2.573,0.251,closed,0.4956,time,h1,2026-09-24T23:00:00+00:00,1.0,1.0,True,1,0,1,1,1,CRYPTO,0,,0,prod,1,1,1,1,1,0.9752828926437792,0.2270270270270254,0.1459459459459414,0.6270270270270331,0.9752828926437792,0,0.8829443083119851,1.0280008868407295,1.1176214769755697,0.9198113207547112,1,1.0280008868407295,1,1.8714887939921137,0.0158153982590888,4,0.1423385843317904,1.365396049701289,11,0,0.0,1,3.031284666325257,0,5,6,2.4672021284177696,0,11.0,7.0,3.1578078523979585,2.0,1.5789039261989792,0.732780119337753,0.1001641889742263,0.0,0.0,1.4392012415770308,1.0,0.1950565785287595,0.0,0.0,0.0,off,3.0,1,0,1,1,1,1,0,1,2,tp,10,529,533,529,540,522,10.41,1.65433057700106,1.0,1.0,1.0,2026-09-24 23:00:00+00:00,159
GBPJPY|D|bull|2026-07-06T23:00:00+00:00,GBPJPY,D,bull,2026-07-06T23:00:00+00:00,2026-07-15T23:00:00+00:00,2026-07-09T23:00:00+00:00,reaction,216.44400024414065,217.19200134277344,217.1100006103516,216.37629187091488,218.5774180892249,1.354167464514875,4,bull,False,,,2.32,0.886,,,,,,1.0,1.0,True,1,1,1,1,0,FOREX,0,,0,prod,1,1,1,1,1,0.5523697166219991,0.0106892964239815,0.1096264866077803,0.8796842169682381,0.5523697166219991,0,0.5418153652801925,0.0177245989320169,0.6852873065788156,0.0258644786819474,1,0.0450382847624106,4,0.5981516908500888,0.1572903219911157,7,1.0227645716861955,0.5981516908500888,5,3,0.0,2,2.256736951625237,1,1,1,3.4943939748260515,0,,,,,,,,,,,,,,,,,,0,0,1,1,1,1,0,1,3,tp,3,735,742,738,738,737,218.0019989013672,0.3379433178453487,1.0,1.0,,2026-07-09 23:00:00+00:00,72
EURJPY|H1|bear|2026-09-29T23:00:00+00:00,EURJPY,H1,bear,2026-09-29T23:00:00+00:00,2026-09-30T01:00:00+00:00,2026-09-30T11:00:00+00:00,reaction,178.41200256347656,178.55499267578125,178.41600036621094,178.56789294360706,178.1122152114187,0.2580053565161541,4,bear,False,,,2.647,0.158,closed,1.3102,time,m15,2026-09-30T11:00:00+00:00,-1.0,-1.0,True,1,1,1,1,0,FOREX,0,,0,prod,1,1,1,1,1,0.5542137350769872,0.7972468253121332,0.0279585956674847,0.174794579020382,0.5542137350769872,0,0.5887186973446246,1.441807346861794,1.740293817989054,0.8284850132535853,1,1.8487590821157425,3,4.201461738726311,0.8836902816690154,2,1.6860020445603194,1.1782734226804843,8,0,0.0,0,3.631693824551548,0,7,13,3.476684305862317,0,12.0,10.0,4.201461738726311,9.0,0.4668290820807012,0.8643510551862308,0.655049763068265,0.0,0.0,1.4921957901747376,0.0,0.1007768866258869,0.0,0.0,0.0,off,2.0,1,1,1,1,1,0,1,1,1,tp,2,709,711,709,721,703,178.10800170898438,0.0851339437518809,1.0,1.0,1.0,2026-09-30 11:00:00+00:00,191
AUDNZD|H4|bull|2026-09-07T20:00:00+00:00,AUDNZD,H4,bull,2026-09-07T20:00:00+00:00,2026-09-08T00:00:00+00:00,2026-09-11T00:00:00+00:00,reaction,1.223580002784729,1.2282600402832031,1.225920021533966,1.2234293096536646,1.230901445294569,0.0030138626212865,4,bull,False,,,2.887,0.0,unfilled,,,h1,,1.0,1.0,True,1,1,1,1,0,FOREX,0,,0,prod,1,1,1,1,1,1.5528370355767114,0.1388726151965154,0.0342087164726559,0.8269186683308286,1.5528370355767114,1,0.8264185177883847,1.466570508803416,1.8215645839021448,0.8051158447875274,1,1.466570508803416,3,2.3026952724259253,0.627083684302534,1,0.856059806948388,0.3549940750987286,5,0,0.0,0,2.813649418623739,0,10,20,2.939746478391399,0,19.0,18.0,2.8833429629495284,10.0,0.2883342962949528,1.692145016913505,1.3637309995826143,1.0,1.0,0.2886625916513115,1.0,1.4001994716986064,0.0,0.0,0.0,off,4.0,1,1,1,1,1,0,0,1,2,open,0,670,671,670,689,666,1.2293299436569214,0.2031708297891167,,1.0,,2026-09-11 00:00:00+00:00,110
TON|M15|bull|2026-06-26T13:30:00+00:00,TON,M15,bull,2026-06-26T13:30:00+00:00,2026-06-26T13:45:00+00:00,2026-06-26T14:30:00+00:00,reaction,1.534,1.553,1.5435,1.5334031216578092,1.5636937566843812,0.0119375668438176,4,bear,True,NY,NY,2.03,0.0,unfilled,,,m15,,-1.0,-1.0,False,1,0,1,1,1,CRYPTO,0,,0,prod,1,1,1,1,1,1.591614124434396,0.1578947368421003,0.3157894736842124,0.5263157894736873,1.591614124434396,1,0.8458070622171816,1.507844959990489,1.9266907822100787,0.7826086956521702,1,1.507844959990489,1,1.759152453322247,0.1675383288878321,1,0.418845822219571,0.4188458222195896,5,0,0.0,0,2.680613262205314,0,9,9,4.355996551083635,1,4.0,3.0,1.759152453322247,2.0,0.8795762266611233,0.921460808883086,0.8376916444391607,1.0,0.0,-1.675383288878321,0.0,0.921460808883086,0.0,0.0,0.0,NY,4.0,1,0,1,1,1,0,0,1,3,tp,8,458,459,458,462,454,1.558,0.6541547354836826,1.0,1.0,,2026-06-26 14:30:00+00:00,65
XPTUSD|M15|bull|2026-10-02T20:45:00+00:00,XPTUSD,M15,bull,2026-10-02T20:45:00+00:00,2026-10-04T22:00:00+00:00,2026-10-06T06:00:00+00:00,reaction,1700.0,1708.5,1704.25,1699.6807772464358,1713.3884455071284,6.384455071282983,4,bull,False,,London,2.615,0.0,closed,-1.0,sl,m15,2026-10-06T13:45:00+00:00,-1.0,-1.0,False,1,1,1,1,0,METAUX,0,,0,prod,1,1,1,1,1,1.3313587307133934,1.0,0.0,0.0,1.3313587307133934,1,0.7156793653567032,0.0,0.0,,0,0.1409712190020371,0,1.6602788284337304,1.1747282918059354,2,0.5325473162706823,0.7831521945372902,6,0,0.0,0,2.991637559147124,0,8,14,3.853104973138143,0,126.0,124.0,7.079688190646454,70.0,0.1011384027235207,1.237365171427619,0.4698913167223741,1.0,0.0,0.2662640981720289,1.0,1.0650946325413646,0.0,0.0,0.0,London,1.0,0,1,1,1,1,0,1,1,2,sl,1,634,636,634,760,630,1713.5,0.2681075401827308,0.0,1.0,0.0,2026-10-06 06:00:00+00:00,291
BTC|M30|bear|2026-10-01T06:00:00+00:00,BTC,M30,bear,2026-10-01T06:00:00+00:00,2026-10-01T07:00:00+00:00,2026-10-01T14:30:00+00:00,reaction,84240.35,84419.69,84291.49,84434.60616780321,84005.25766439359,298.32335606415137,4,range,True,London,NY,3.619,0.283,closed,2.0,tp,m15,2026-10-01T14:30:00+00:00,1.0,1.0,False,1,0,1,1,1,CRYPTO,0,,0,prod,1,1,1,1,1,0.6011597696072823,0.3114754098360749,0.285156685625072,0.4033679045388531,0.6011597696072823,0,0.4797350421749479,0.7571985076201144,0.8496150061596331,0.8912254399115983,1,2.5380513614132982,2,3.079343207048312,0.0877236041632128,2,0.1545303076775942,2.782081868982233,9,0,0.0,0,3.6805029766555935,0,2,2,3.3832416385895154,0,17.0,15.0,3.534252275484856,12.0,0.2945210229570713,1.871962046042108,0.2324658749987138,0.0,1.0,1.2871268447295994,2.0,0.4034213129934278,0.0,0.0,0.0,NY,3.0,1,0,1,1,1,1,1,1,1,sl,1,539,541,539,556,532,83410.39,0.1697872084159476,0.0,1.0,1.0,2026-10-01 14:30:00+00:00,215
BCH|M30|bull|2026-09-30T12:00:00+00:00,BCH,M30,bull,2026-09-30T12:00:00+00:00,2026-09-30T12:30:00+00:00,2026-09-30T13:30:00+00:00,echec,309.1,311.4,310.25,308.9917557718338,312.76648845633235,2.164884563323566,4,range,False,NY,NY,5.285,1.947,closed,-1.0,sl,m15,2026-09-30T13:30:00+00:00,-1.0,1.0,False,1,0,1,1,1,CRYPTO,0,,0,prod,1,1,1,1,1,1.062412305471363,0.4347826086956607,0.1304347826086784,0.4347826086956607,1.062412305471363,1,0.5812061527356914,2.3095919684160524,3.0486613983091733,0.7575757575757615,1,2.3095919684160524,2,3.3720042738874416,1.1547959842080262,1,1.3857551810496314,0.2771510362099367,4,0,0.0,0,3.14104507704581,0,7,7,3.32581243451911,0,3.0,2.0,3.3720042738874416,1.0,3.3720042738874416,4.2034573825172,2.863894040835926,1.0,1.0,-2.263400129047721,0.0,2.1248246109427784,0.0,0.0,0.0,NY,2.0,1,1,1,1,1,0,1,1,1,sl,0,503,504,503,506,500,312.0,0.4055581718505002,0.0,0.0,0.0,2026-09-30 13:30:00+00:00,193
AUDCHF|D|bull|2026-04-13T23:00:00+00:00,AUDCHF,D,bull,2026-04-13T23:00:00+00:00,2026-04-15T23:00:00+00:00,2026-04-19T23:00:00+00:00,reaction,0.5532000064849854,0.5571699738502502,0.5558599829673767,0.5529602240861065,0.5616595007299172,0.0047956479775773,4,bull,False,,,2.084,0.0,,,,,,,1.0,,1,1,1,1,0,FOREX,0,,0,prod,1,1,1,1,1,0.827827101536019,0.1158621725095713,0.3299752270850536,0.554162600405375,0.827827101536019,0,0.6046646657195158,0.108429752027629,0.8103147768447159,0.1338118903000184,1,0.108429752027629,2,1.0467870902419727,0.556765150370205,2,0.1557590156362043,0.5651049444566951,4,0,0.0,0,1.8591899228341255,0,6,11,3.137838203364432,0,4.0,2.0,1.0467870902419727,1.0,1.0467870902419727,0.6055485956600313,0.0415001079803133,1.0,0.0,-1.0863980049269857,1.0,0.7173217226642115,0.0,0.0,0.0,off,6.0,0,1,1,1,1,0,0,1,3,tp,9,674,676,674,678,672,0.5598800182342529,0.5216707390574002,1.0,1.0,,2026-04-19 23:00:00+00:00,54
EURUSD|M15|bear|2026-10-02T11:30:00+00:00,EURUSD,M15,bear,2026-10-02T11:30:00+00:00,2026-10-02T12:00:00+00:00,2026-10-02T12:30:00+00:00,echec,1.123974323272705,1.12447988986969,1.1241008043289185,1.124512242842577,1.1232779273016016,0.0006470594577388,4,bear,False,,NY,0.0,3.998,closed,-1.0,sl,m15,2026-10-02T12:30:00+00:00,-1.0,-1.0,True,1,1,1,1,0,FOREX,0,,0,prod,1,1,1,1,1,0.7813294295265878,0.7498231549162934,0.2501768450837067,0.0,0.7813294295265878,0,0.6358588978765883,0.9760630317453106,1.1715335633953246,0.8331498663311842,1,1.5597111413280105,2,2.3397509443498383,0.3903883662265596,2,0.584569271371814,1.3655302361827562,4,0,0.0,0,2.7314289370811577,0,5,5,6.260399751177312,0,4.0,2.0,2.3397509443498383,1.0,2.3397509443498383,2.54222230559712,2.347120238662751,0.0,1.0,-1.9519418311327985,1.0,1.1706124016062105,1.0,0.0,0.0,NY,4.0,1,1,1,1,1,1,1,1,0,sl,0,595,597,595,599,593,1.123090744018555,0.0366015674105012,0.0,0.0,0.0,2026-10-02 12:30:00+00:00,236
USDCAD|D|bear|2025-12-09T00:00:00+00:00,USDCAD,D,bear,2025-12-09T00:00:00+00:00,2025-12-11T00:00:00+00:00,2026-01-07T00:00:00+00:00,reaction,1.382349967956543,1.385699987411499,1.3848299980163574,1.386040820612317,1.3824083528244384,0.0068166640163601,4,bear,False,,,4.831,0.0,,,,,,,-1.0,,1,1,1,1,0,FOREX,0,,0,prod,1,1,1,1,1,0.4914455878881411,0.0208881930111735,0.7403031812682371,0.2388086257205892,0.4914455878881411,0,0.1776268557542957,0.0,0.5031799836419287,0.0,0,0.0014689854594905,0,1.0268907878724518,0.0293272454234009,2,0.1555026036403583,0.3447394090825893,3,1,0.1819093660669149,1,1.647432216974395,0,2,2,4.833749118220114,0,19.0,17.0,2.662588609093059,7.0,0.3803698012990084,0.6117275163449994,0.0,0.0,0.0,1.1413142624134849,2.0,0.7481682848562541,0.0,0.0,0.0,off,2.0,0,0,1,1,0,1,0,1,4,sl,0,586,588,587,605,585,1.3799999952316284,0.0874347463366548,0.0,1.0,,2026-01-07 00:00:00+00:00,36
EURNZD|H1|bear|2026-09-27T23:00:00+00:00,EURNZD,H1,bear,2026-09-27T23:00:00+00:00,2026-09-28T02:00:00+00:00,2026-09-29T15:00:00+00:00,reaction,2.0123000144958496,2.0136499404907227,2.0126500129699707,2.0137743783120534,2.0104012822858053,0.0024887564266112,4,bear,False,,NY,2.49,0.205,closed,0.5515,time,m15,2026-09-29T15:15:00+00:00,1.0,1.0,False,1,1,1,1,0,FOREX,0,,0,prod,1,1,1,1,1,0.5424098479219823,0.5407983044860474,0.2592723419286471,0.1999293535853055,0.5424098479219823,0,0.4517779763661679,1.2495927333617691,1.5068111087892722,0.8292962044630936,1,1.2495927333617691,5,1.6112312314022996,0.1004923932303354,3,0.1205142332543012,1.4304598815208476,5,1,0.1728200928384415,0,2.3264611721627237,0,5,6,2.977410468635678,0,40.0,37.0,4.351540962912067,23.0,0.1891974331700898,0.8358399722923517,0.3214990197149722,1.0,0.0,1.615254759062618,1.0,0.4420132529692734,0.0,0.0,0.0,NY,1.0,1,0,1,1,0,1,1,1,2,tp,1,661,664,662,701,659,2.008739948272705,0.0558649211157949,1.0,1.0,1.0,2026-09-29 15:00:00+00:00,181
NZDJPY|M15|bull|2026-10-06T16:45:00+00:00,NZDJPY,M15,bull,2026-10-06T16:45:00+00:00,2026-10-06T17:30:00+00:00,2026-10-06T17:45:00+00:00,reaction,88.89600372314453,88.9219970703125,88.91799926757812,88.89332638889603,88.96734502494232,0.0535466849699402,4,bull,False,,,2.351,0.0,closed,-1.0,sl,m15,2026-10-06T18:00:00+00:00,1.0,-1.0,False,1,1,1,1,0,FOREX,0,,0,prod,1,1,1,1,1,0.485433359367826,0.577047255650132,0.1538009979454065,0.2691517464044614,0.485433359367826,0,0.4607732242611735,0.4295807392116217,0.8030238959193036,0.5349538679914834,1,0.4295807392116217,3,1.0832843649173998,0.0561375825039399,3,0.1119902026601441,0.8404964446465529,7,0,0.0,0,1.568717724285226,0,6,7,4.463507733758698,0,4.0,1.0,1.0832843649173998,1.0,1.0832843649173998,1.0458118161901506,0.5229059080950753,1.0,0.0,-1.3072647702376885,0.0,0.9524866473066972,0.0,0.0,0.0,off,1.0,0,0,1,1,1,0,1,1,3,sl,1,802,805,802,806,798,88.96700286865234,0.0277479013083159,0.0,1.0,0.0,2026-10-06 17:45:00+00:00,313
ETH|H1|bull|2026-09-25T07:00:00+00:00,ETH,H1,bull,2026-09-25T07:00:00+00:00,2026-09-25T09:00:00+00:00,2026-09-25T13:00:00+00:00,reaction,2667.33,2680.8,2674.52,2666.35211800492,2690.85576399016,19.55763990159242,4,bear,False,London,NY,5.858,0.0,closed,2.0,tp,h1,2026-09-25T14:00:00+00:00,1.0,1.0,True,1,0,1,1,1,CRYPTO,0,,0,prod,1,1,1,1,1,0.6887334089275006,0.1841128433556029,0.4662212323682317,0.3496659242761653,0.6887334089275006,0,0.4176312702441556,0.964329034326072,1.2752049902488178,0.7562149157979002,1,0.964329034326072,5,1.9675175631425192,0.5082412832025948,2,0.2306004212518786,0.9924510369177753,7,0,0.0,0,2.590803402402067,0,6,12,3.406852786699226,0,6.0,4.0,3.1803428385515664,2.0,1.5901714192757832,2.166416817836494,1.1458437783270152,1.0,1.0,-0.66470187944004,0.0,1.887753337609694,0.0,0.0,0.0,NY,4.0,0,1,1,1,1,0,0,1,3,tp,0,548,550,548,554,543,2700.21,0.3053961830563923,1.0,1.0,1.0,2026-09-25 13:00:00+00:00,164
XPTUSD|D|bear|2026-03-16T04:00:00+00:00,XPTUSD,D,bear,2026-03-16T04:00:00+00:00,2026-03-19T04:00:00+00:00,2026-04-08T04:00:00+00:00,reaction,2070.699951171875,2105.800048828125,2070.699951171875,2109.8394153021154,1992.4210229113944,80.78732947980555,4,bear,False,,,2.706,0.11,,,,,,,-1.0,,1,1,1,1,0,METAUX,0,,0,prod,1,1,1,1,1,0.4344752807434239,0.5356124365305697,0.0,0.4643875634694303,0.4344752807434239,0,0.4844752807434255,0.0,0.0,,0,0.0,0,1.9891727107039137,0.2314713370560099,3,1.2056349063798382,0.422095591047622,4,1,0.3218326458791936,1,2.7454806373265312,0,1,2,4.370736103419715,0,16.0,13.0,3.0722633458742767,6.0,0.5120438909790461,1.3640746869770184,0.9456946649470916,1.0,0.0,-0.4976036898488684,0.0,1.7527497999712112,0.0,0.0,0.0,off,2.0,0,0,1,1,0,1,1,1,3,sl,5,658,661,659,674,657,2036.5999755859373,1.8901562299303745,0.0,1.0,,2026-04-08 04:00:00+00:00,51
XPTUSD|H4|bear|2026-09-01T04:00:00+00:00,XPTUSD,H4,bear,2026-09-01T04:00:00+00:00,2026-09-01T08:00:00+00:00,2026-09-03T12:00:00+00:00,echec,1802.0999755859373,1820.199951171875,1806.5999755859373,1821.4643430530264,1776.8712406517593,25.28783762303101,4,bear,False,,,2.308,2.597,closed,-0.3498,time,h1,2026-09-03T12:00:00+00:00,-1.0,1.0,False,1,1,1,1,0,METAUX,0,,0,prod,1,1,1,1,1,0.7157581385864669,0.2430955993930197,0.2486191198786039,0.5082852807283763,0.7157581385864669,0,0.5878069801251534,1.5580622195303386,1.9614210750497896,0.7943537669446058,1,1.5580622195303386,1,2.178912108157281,0.6841204461885866,1,0.3598558216638364,0.8541645951674898,4,0,0.0,0,2.333137410937244,0,7,7,5.148718253920407,0,14.0,13.0,3.3296619674269627,7.0,0.4756659953467089,2.8828049052860134,2.5783174589355258,1.0,1.0,0.2293563745652254,0.0,1.0835257969668315,0.0,0.0,1.0,off,3.0,1,1,1,1,1,0,0,1,2,sl,0,649,650,649,663,646,1780.5,0.8227813388665696,0.0,0.0,0.0,2026-09-03 12:00:00+00:00,105
USDJPY|M30|bull|2026-09-30T21:30:00+00:00,USDJPY,M30,bull,2026-09-30T21:30:00+00:00,2026-09-30T23:30:00+00:00,2026-09-30T23:00:00+00:00,reaction,157.30999755859375,157.3769989013672,157.32899475097656,157.30319358031625,157.3805970922972,0.1360795655499068,4,bull,False,,,4.108,0.0,closed,-1.0,sl,m15,2026-10-01T14:30:00+00:00,1.0,-1.0,False,1,1,1,1,0,FOREX,0,,0,prod,1,1,1,1,1,0.492368876272352,0.0298337508540195,0.7164654976087451,0.2537007515372352,0.492368876272352,0,0.1896035643268798,0.918580240132796,1.043606725453605,0.8801977006554207,1,0.918580240132796,2,0.529147967918294,0.0587568415319317,4,0.1836711954757715,1.2051880396664174,7,1,0.0514683020289249,1,2.0797006486502645,0,7,8,6.591755126519354,0,,,,,,,,,,,,,,,,,,0,0,1,1,1,0,0,1,4,sl,0,621,625,622,624,618,157.54100036621094,0.016399501376815,0.0,1.0,0.0,2026-09-30 23:00:00+00:00,201
BCH|M30|bear|2026-09-30T13:00:00+00:00,BCH,M30,bear,2026-09-30T13:00:00+00:00,2026-09-30T14:00:00+00:00,2026-10-02T04:00:00+00:00,reaction,313.9,318.7,316.29999999999995,318.85198344361555,311.1960331127688,3.0396688723111764,4,range,True,NY,,2.704,0.0,closed,1.0188,time,m15,2026-10-02T04:30:00+00:00,-1.0,1.0,False,1,0,1,1,1,CRYPTO,0,,0,prod,1,1,1,1,1,1.579119371759197,0.1874999999999948,0.2500000000000089,0.5624999999999963,1.579119371759197,1,0.8395596858796093,2.039695855188973,2.993747142293459,0.6813186813186889,1,2.039695855188973,2,3.5201202662131976,1.1843395288193836,2,0.0328983202449906,2.993747142293459,16,0,0.0,0,4.638663154542619,0,1,1,4.572866514052656,0,78.0,76.0,4.013595069887946,23.0,0.1745041334733889,1.4804244110242435,1.3159328097993277,1.0,0.0,0.4605764834297572,1.0,1.3817294502892905,0.0,0.0,0.0,off,4.0,1,1,1,0,1,1,0,1,2,tp,20,505,507,505,583,491,304.8,0.8068237254554529,1.0,1.0,1.0,2026-10-02 04:00:00+00:00,224
CHFJPY|H1|bear|2026-09-24T06:00:00+00:00,CHFJPY,H1,bear,2026-09-24T06:00:00+00:00,2026-09-24T07:00:00+00:00,2026-09-24T09:00:00+00:00,reaction,191.8029937744141,192.34800720214844,192.07550048828125,192.36715169611952,191.4921980726047,0.3828898794219195,4,range,False,London,London,2.268,0.0,closed,1.5241,time,m15,2026-09-24T21:00:00+00:00,1.0,-1.0,False,1,0,1,1,1,FOREX,0,,0,prod,1,1,1,1,1,1.4234208241733282,0.6678705414636877,0.0238535192339996,0.3082759393023125,1.4234208241733282,1,0.7617104120866314,2.588244366078312,3.755658264486215,0.6891586464489978,1,2.588244366078312,1,1.995331688379371,0.5066737319709865,1,0.19850101140062,1.3998685058160172,5,1,0.3369057519335158,0,3.755658264486215,0,6,16,2.8232893299893456,0,3.0,2.0,1.995331688379371,2.0,0.9976658441896856,1.3476230077340632,1.271904894571811,1.0,0.0,-1.021158385089237,1.0,0.9872047890817428,0.0,0.0,0.0,London,3.0,1,1,1,1,0,0,1,1,2,tp,4,621,622,622,624,617,191.2669982910156,0.1518419616748909,1.0,1.0,1.0,2026-09-24 09:00:00+00:00,148
EURCAD|H1|bull|2026-09-11T11:00:00+00:00,EURCAD,H1,bull,2026-09-11T11:00:00+00:00,2026-09-11T12:00:00+00:00,2026-09-11T18:00:00+00:00,reaction,1.6059199571609497,1.6069999933242798,1.60657000541687,1.6058431246920009,1.6080237668666086,0.0015366493789756,4,bull,False,,,2.105,0.0,closed,0.2752,time,h1,2026-09-14T00:00:00+00:00,1.0,-1.0,False,1,1,1,1,0,FOREX,0,,0,prod,1,1,1,1,1,0.7028513974020631,0.1759381898454746,0.3981236203090508,0.4259381898454746,0.7028513974020631,0,0.4730296545291215,1.288560895237116,2.908920402691519,0.4429687708350001,1,1.288560895237116,3,3.123654692758728,0.3774141333731829,1,0.7940048622969224,0.0910758874779274,6,1,1.184374424297715,0,2.908920402691519,0,10,19,1.965268703133164,1,7.0,6.0,3.123654692758728,4.0,0.780913673189682,0.8069602909245321,0.234283799134021,1.0,0.0,2.1149931178115287,3.0,0.5857094978350527,0.0,0.0,0.0,off,4.0,1,1,1,1,0,0,0,1,3,sl,2,412,413,413,419,407,1.6071399450302124,0.045244260904812,0.0,1.0,1.0,2026-09-11 18:00:00+00:00,112
NZDJPY|D|bull|2026-04-19T23:00:00+00:00,NZDJPY,D,bull,2026-04-19T23:00:00+00:00,2026-04-21T23:00:00+00:00,2026-04-23T23:00:00+00:00,reaction,93.197998046875,93.48600006103516,93.33399963378906,93.1609991766971,93.68000054797298,0.7399774035580076,4,bull,False,,,5.462,0.081,,,,,,-1.0,1.0,False,1,1,1,1,0,FOREX,0,,0,prod,1,1,1,1,1,0.3892037956501998,0.0208217436223476,0.5277755702137805,0.4514026861638719,0.3892037956501998,0,0.2337915404715426,0.0405504391716929,0.5694382800540554,0.0712112982074959,0,0.0405504391716929,0,1.1148947849966546,0.6783976091073102,2,0.0229713649820828,0.6405587807930175,5,0,0.0,2,1.5040985806468543,0,5,5,4.425606676963295,0,4.0,2.0,1.1148947849966546,2.0,0.5574473924983273,0.4810995658859738,0.0459530402716082,1.0,0.0,-1.1162454352716331,0.0,0.9027292784431084,0.0,0.0,0.0,off,3.0,0,1,1,0,1,1,0,1,3,tp,1,679,681,679,683,676,93.95999908447266,0.1853563093521697,1.0,1.0,,2026-04-23 23:00:00+00:00,55
GBPAUD|H1|bear|2026-09-17T10:00:00+00:00,GBPAUD,H1,bear,2026-09-17T10:00:00+00:00,2026-09-17T11:00:00+00:00,2026-09-23T14:00:00+00:00,reaction,1.883679986000061,1.885949969291687,1.883780002593994,1.886069896530502,1.8792002147209783,0.0023985447762991,4,bear,False,,NY,2.646,0.144,closed,0.6725,time,h1,2026-09-23T14:00:00+00:00,-1.0,-1.0,True,1,1,1,1,0,FOREX,0,,0,prod,1,1,1,1,1,0.9464002148537944,0.6519798340510451,0.0440604978468648,0.3039596681020901,0.9464002148537944,0,0.9547013502249918,2.113769621769346,2.9768218080384425,0.7100759662743134,1,2.113769621769346,5,2.313914231853172,1.1090208168389648,1,0.1876200404932819,1.267416861620975,5,0,0.0,0,3.2603144467069667,0,5,11,4.0316191906580245,0,99.0,98.0,4.6694776276622045,17.0,0.274675154568365,1.0756219645975118,0.4127143884122418,0.0,0.0,2.0971198963215976,4.0,0.2126194790013933,0.0,0.0,0.0,NY,2.0,1,1,1,1,1,1,1,1,0,tp,7,506,507,506,605,502,1.8806400299072263,0.1215584587029639,1.0,1.0,1.0,2026-09-23 14:00:00+00:00,144
NZDJPY|M5|bear|2026-10-06T13:05:00+00:00,NZDJPY,M5,bear,2026-10-06T13:05:00+00:00,2026-10-06T13:35:00+00:00,2026-10-06T15:00:00+00:00,echec,88.86799621582031,88.90399932861328,88.87100219726562,88.90647263162882,88.80006132853924,0.0494660603106647,4,bull,False,NY,NY,1.156,1.579,closed,-1.0,sl,m15,2026-10-06T15:00:00+00:00,-1.0,-1.0,True,1,0,1,1,1,FOREX,0,,0,prod,1,1,1,1,1,0.7278346520191051,0.3333333333333333,0.0834922653104471,0.5831744013562196,0.7278346520191051,0,0.7170660881506168,0.8288585335771712,1.819355277647248,0.4555781620888436,1,0.8288585335771712,2,1.4959246217277602,0.0808191052464528,6,0.1415876691149689,1.9405839355169276,10,0,0.0,2,3.2142560178169424,0,3,3,4.103883115262629,0,23.0,17.0,2.6886233638476456,15.0,0.179241557589843,1.0309062966933034,0.2830211032962614,1.0,0.0,0.7074756407738154,4.0,0.3436354322311011,0.0,0.0,0.0,NY,1.0,0,0,1,1,1,1,1,1,2,sl,2,763,769,763,786,759,88.77200317382812,0.0399122700163295,0.0,0.0,0.0,2026-10-06 15:00:00+00:00,307
BTC|M30|bull|2026-10-01T21:30:00+00:00,BTC,M30,bull,2026-10-01T21:30:00+00:00,2026-10-02T03:00:00+00:00,2026-10-02T01:00:00+00:00,reaction,84493.35,84614.01,84591.34,84478.82469988827,84816.37060022345,290.50600223486555,4,bull,False,,,3.511,0.634,closed,2.0,tp,m15,2026-10-02T01:15:00+00:00,1.0,1.0,True,1,1,1,1,0,CRYPTO,0,,0,prod,1,1,1,1,1,0.4153442581969059,0.3841372451516286,0.1878833084700839,0.4279794463782873,0.4153442581969059,0,0.3873080048128004,0.5416411323328818,0.8636310371210928,0.6271672844672631,1,0.5416411323328818,2,0.5989549223128482,0.0305329319593154,11,0.0250597231864186,2.2706587641060163,17,0,0.0,4,3.503025728113026,0,6,7,6.449608564318762,0,,,,,,,,,,,,,,,,,,0,0,0,0,1,0,1,1,5,tp,1,570,581,570,577,564,85273.65,0.1330104241305655,1.0,1.0,1.0,2026-10-02 01:00:00+00:00,222
XAGUSD|M15|bull|2026-10-06T10:00:00+00:00,XAGUSD,M15,bull,2026-10-06T10:00:00+00:00,2026-10-06T11:15:00+00:00,2026-10-06T10:45:00+00:00,reaction,61.23500061035156,61.380001068115234,61.375,61.227428786049735,61.67014242790053,0.1514364860364984,4,bull,True,,,2.609,0.474,closed,2.0,tp,m15,2026-10-06T10:45:00+00:00,-1.0,-1.0,False,1,1,1,1,0,METAUX,0,,0,prod,1,1,1,1,1,0.9575001478093242,0.3793112520059982,0.0344900160479861,0.5861987319460156,0.9575001478093242,0,0.9744759523454468,0.5612853724839484,1.0565475441205567,0.5312447845886084,1,0.5612853724839484,2,0.5612853724839484,0.1980947926224652,5,1.0895465495040042,1.188619135895682,7,0,0.0,1,3.466784821295368,0,7,8,6.537405247426252,0,,,,,,,,,,,,,,,,,,0,0,1,1,1,0,1,1,3,tp,2,776,781,776,779,774,61.560001373291016,0.2404418964566431,1.0,1.0,1.0,2026-10-06 10:45:00+00:00,298
SOL|M5|bear|2026-10-07T12:35:00+00:00,SOL,M5,bear,2026-10-07T12:35:00+00:00,2026-10-07T13:00:00+00:00,2026-10-07T15:55:00+00:00,echec,116.79,117.13,116.96,117.145011260508,116.589977478984,0.300225210160229,4,range,False,NY,,1.892,1.459,closed,-1.0,sl,m15,2026-10-07T16:00:00+00:00,-1.0,1.0,False,1,0,1,1,1,CRYPTO,1,"contact,sl",2,prod,1,1,1,1,1,1.132483177607012,0.4117647058823677,0.1176470588235097,0.4705882352941226,1.132483177607012,1,0.6162415888035048,1.5654914513979743,1.665416437657424,0.9399999999999976,1,1.5654914513979743,2,2.098424711448386,0.5329332600504115,5,0.1332333150126147,1.4988747938916909,7,0,0.0,1,3.397449532821131,0,6,8,4.863015997959657,0,40.0,35.0,4.23015775164989,26.0,0.1626983750634573,0.3663916162846313,0.1665416437657802,1.0,0.0,0.7993998900755463,10.0,0.1332333150126147,0.0,0.0,0.0,off,2.0,1,1,1,1,1,0,1,1,1,sl,1,1045,1050,1045,1085,1043,116.34,0.1581833622674466,0.0,0.0,0.0,2026-10-07 15:55:00+00:00,344
USDCHF|M5|bear|2026-10-06T11:00:00+00:00,USDCHF,M5,bear,2026-10-06T11:00:00+00:00,2026-10-06T11:10:00+00:00,2026-10-06T13:15:00+00:00,echec,0.8312199711799622,0.8315200209617615,0.831309974193573,0.8315355739753479,0.8308587746300231,0.0003110602717286,4,bear,False,,NY,1.95,1.153,closed,-1.0,sl,m15,2026-10-06T13:15:00+00:00,1.0,1.0,False,1,1,1,1,0,FOREX,0,,0,prod,1,1,1,1,1,0.9646033552657116,0.2999602701628923,0.2999602701628923,0.4000794596742153,0.9646033552657116,0,0.7252606722202872,0.9002198178463079,1.1893708832209522,0.7568873852102465,1,1.253754420640356,4,2.507508841280712,0.1927673769164294,2,1.0609870437239266,0.4499182912522628,4,0,0.0,0,2.604084147409818,0,10,19,2.025398781318747,0,27.0,25.0,4.661291462096485,19.0,0.2453311295840255,1.4145216465179746,0.7716443606783912,1.0,0.0,0.3213428340843461,1.0,0.9644117375948208,0.0,0.0,0.0,NY,1.0,1,0,1,1,1,0,1,1,2,sl,5,738,740,738,765,736,0.8310800194740295,0.027137865390559,0.0,0.0,0.0,2026-10-06 13:15:00+00:00,302
SUI|H1|bull|2026-09-24T22:00:00+00:00,SUI,H1,bull,2026-09-24T22:00:00+00:00,2026-09-25T00:00:00+00:00,2026-09-25T02:00:00+00:00,reaction,1.0,1.013,1.013,0.9989890946607471,1.0410218106785054,0.0202181067850567,4,bull,True,,,2.298,0.571,closed,-0.3926,time,h1,2026-09-25T02:00:00+00:00,1.0,1.0,True,1,1,1,1,0,CRYPTO,0,,0,prod,1,1,1,1,1,0.6429879977490378,0.6076923076922967,0.0,0.3923076923077033,0.6429879977490378,0,0.6929879977490385,0.4451455369031783,0.4698758445089189,0.9473684210526144,1,2.042723408233492,2,2.314756791896562,0.0098921230423028,2,1.177162642032854,0.9150213814121084,4,0,0.0,0,2.750010205757449,0,7,7,4.738326937258336,0,4.0,2.0,2.314756791896562,1.0,2.314756791896562,1.4393039026536325,0.9892123042292972,1.0,0.0,-1.102971719215665,1.0,0.7122328590451028,0.0,0.0,0.0,off,4.0,1,0,1,1,1,0,1,1,2,tp,7,539,541,539,543,537,1.0315,1.3831101025915848,1.0,1.0,0.0,2026-09-25 02:00:00+00:00,160
GBPCAD|H1|bull|2026-09-11T11:00:00+00:00,GBPCAD,H1,bull,2026-09-11T11:00:00+00:00,2026-09-11T12:00:00+00:00,2026-09-14T06:00:00+00:00,reaction,1.8710500001907349,1.8723700046539309,1.8716399669647217,1.8709564145321989,1.8730070718297676,0.0018717131707185,4,bull,False,,London,2.794,0.41,closed,0.9803,time,h1,2026-09-14T06:00:00+00:00,1.0,-1.0,False,1,1,1,1,0,FOREX,0,,0,prod,1,1,1,1,1,0.7052386465224612,0.2651494626569132,0.5530569854601283,0.1817935518829585,0.7052386465224612,0,0.3652014866468128,1.72567877969169,3.413971567736249,0.5054754398074734,1,1.72567877969169,3,2.9010765238957923,0.5556309899992731,1,1.5066490943859243,-0.3045652675580609,6,1,1.3997773840215526,0,3.413971567736249,0,3,3,3.3445495389536712,0,18.0,17.0,2.9010765238957923,15.0,0.1934051015930528,1.17011147962708,0.609066845181459,1.0,0.0,0.4274231515228246,0.0,0.5876670271347195,0.0,0.0,0.0,London,0.0,1,1,1,1,0,1,1,1,1,tp,1,412,413,413,430,407,1.8717999458312988,0.0365215770440806,1.0,1.0,1.0,2026-09-14 06:00:00+00:00,114
LINK|M5|bear|2026-10-08T02:45:00+00:00,LINK,M5,bear,2026-10-08T02:45:00+00:00,2026-10-08T03:00:00+00:00,2026-10-08T03:00:00+00:00,reaction,13.29,13.329,13.3095,13.330653855453946,13.267192289092108,0.0330771090789196,4,bear,False,,,4.278,0.0,pending,,,h1,,-1.0,1.0,False,1,1,1,1,0,CRYPTO,0,,0,prod,1,1,1,1,1,1.1790631371970932,0.589743589743605,0.0,0.4102564102563951,1.1790631371970932,1,0.6395315685985211,1.330225077863351,1.330225077863351,1.0,1,1.330225077863351,6,2.146499557461285,0.5139505982653638,3,0.5139505982654174,1.6325489591958675,10,0,0.0,0,3.3255626946583785,0,5,12,4.172069562389553,0,,,,,,,,,,,,,,,,,,1,1,1,1,1,1,1,1,0,open,0,1215,1218,1215,1218,1208,13.236,0.1589380176110739,,1.0,,2026-10-08 03:00:00+00:00,361
XPTUSD|H4|bull|2026-09-08T20:00:00+00:00,XPTUSD,H4,bull,2026-09-08T20:00:00+00:00,2026-09-09T04:00:00+00:00,2026-09-10T12:00:00+00:00,echec,1819.9000244140625,1829.199951171875,1827.5,1818.6925031901735,1845.1149936196523,24.150424477776724,4,bull,True,,,0.988,2.521,closed,-1.0,sl,h1,2026-09-10T12:00:00+00:00,-1.0,1.0,False,1,1,1,1,0,METAUX,0,,0,prod,1,1,1,1,1,0.3850833663967403,0.1397912974995077,0.182791888166962,0.6774168143335302,0.3850833663967403,0,0.364693250751387,0.6749333442487411,0.87783439424412,0.7688618134288396,1,1.1055736625564063,2,1.67698915757229,0.1821924255663254,2,0.2857102747991829,1.275341924381796,4,0,0.0,0,2.0620725239690305,0,10,13,5.883953539479118,0,10.0,8.0,4.455412274648168,6.0,0.7425687124413614,1.2794765728521318,0.9233761824075988,1.0,0.0,2.910923942260943,5.0,0.1407852858731824,0.0,0.0,1.0,off,3.0,1,0,1,1,1,0,0,1,3,sl,0,676,678,676,686,674,1860.0,0.4819423698947339,0.0,0.0,0.0,2026-09-10 12:00:00+00:00,109
XAGUSD|H4|bear|2026-08-31T08:00:00+00:00,XAGUSD,H4,bear,2026-08-31T08:00:00+00:00,2026-09-01T08:00:00+00:00,2026-09-01T00:00:00+00:00,reaction,67.55999755859375,68.1500015258789,67.65499877929688,68.20748002894281,66.550036280005,1.1495700612779571,4,bear,False,,,4.679,0.118,closed,0.543,time,h1,2026-09-01T05:00:00+00:00,-1.0,1.0,False,1,1,1,1,0,METAUX,0,,0,prod,1,1,1,1,1,0.5132388074105366,0.5677912404794848,0.1610179354221354,0.2711908240983797,0.5132388074105366,0,0.4805981542627792,0.9960216272451748,1.2613384752124208,0.7896545192418997,1,0.9960216272451748,1,0.72200401664729,0.1957240203967793,6,0.8524889091575838,1.0395188036610472,8,1,0.0260956511545941,3,2.7053597819816466,0,3,6,4.945331632652611,0,,,,,,,,,,,,,,,,,,0,0,1,1,1,1,1,1,2,tp,1,644,650,645,648,642,66.36499786376953,0.8166155636898794,1.0,1.0,1.0,2026-09-01 00:00:00+00:00,97
XPTUSD|H1|bear|2026-09-28T13:00:00+00:00,XPTUSD,H1,bear,2026-09-28T13:00:00+00:00,2026-09-29T01:00:00+00:00,2026-09-28T16:00:00+00:00,reaction,1739.699951171875,1757.4000244140625,1748.5499877929688,1757.987858449501,1729.674246479905,11.756680708762085,4,bear,False,NY,,3.205,0.577,closed,-0.4503,time,m15,2026-09-28T16:15:00+00:00,-1.0,-1.0,True,1,1,1,0,1,METAUX,0,,0,prod,1,1,1,1,1,1.505533209641042,0.4858723163608024,0.4406789012338016,0.0734487824053959,1.505533209641042,1,0.802766604820526,2.2965665793643004,2.59426965446708,0.8852459016393442,1,2.2965665793643004,1,1.1142580044871233,0.1701160429158741,11,0.1956272195176992,1.1142580044871233,10,1,0.0,4,3.3002450027324017,1,10,12,6.013597963852446,0,,,,,,,,,,,,,,,,,,1,0,0,1,1,0,1,1,3,tp,8,678,689,679,681,679,1726.5999755859375,0.5397541232689868,1.0,1.0,0.0,2026-09-28 16:00:00+00:00,175
USDCHF|D|bull|2026-06-15T23:00:00+00:00,USDCHF,D,bull,2026-06-15T23:00:00+00:00,2026-06-18T23:00:00+00:00,2026-08-19T23:00:00+00:00,reaction,0.7924000024795532,0.7958999872207642,0.79448002576828,0.792112092800866,0.799215891703108,0.0057581935737432,4,bull,False,,,2.555,0.0,unfilled,,,h1,,-1.0,1.0,False,1,1,1,1,0,FOREX,0,,0,prod,1,1,1,1,1,0.6078268638224532,0.0142881471389645,0.4057050408719346,0.5800068119891009,0.6078268638224532,0,0.4112284411923106,0.0017390141880478,0.4880005052460105,0.003563549974546,1,0.0850978311901292,3,2.2819696118912005,0.3820655576240931,3,0.729392236586944,0.8335985212957422,6,1,0.2605001848596025,0,3.150296660573256,0,5,5,3.6174600493874784,0,47.0,44.0,4.266961146073508,17.0,0.2509977144749122,0.99510946401069,0.0034780283760957,0.0,0.0,0.3264895625310626,2.0,2.837698508996719,0.0,0.0,0.0,off,2.0,0,1,1,1,0,1,0,1,3,open,0,719,722,720,766,716,0.8007000088691711,0.2980481435167806,,1.0,,2026-08-19 23:00:00+00:00,89
USDCHF|M5|bull|2026-10-05T12:40:00+00:00,USDCHF,M5,bull,2026-10-05T12:40:00+00:00,2026-10-05T13:15:00+00:00,2026-10-05T12:55:00+00:00,reaction,0.8305400013923645,0.830839991569519,0.8306499719619751,0.8305201971580056,0.830909521569914,0.0003960846871771,4,bear,False,NY,NY,3.314,0.154,closed,-1.0,sl,m15,2026-10-05T19:00:00+00:00,1.0,1.0,True,1,0,1,1,1,FOREX,0,,0,prod,1,1,1,1,1,0.757388979848068,0.0999403934035366,0.633419431750447,0.2666401748460163,0.757388979848068,0,0.3276440826187055,1.26241528947853,1.6410345371037514,0.7692801467216873,1,1.26241528947853,1,0.8583641448546353,0.0756937526055192,7,0.6060014746370296,0.8583641448546353,6,1,0.0252814124010481,2,2.3227297643463003,1,7,13,4.393096858474994,0,,,,,,,,,,,,,,,,,,1,0,1,1,1,0,0,1,3,tp,1,470,477,471,473,471,0.8311799764633179,0.015623283976396,1.0,1.0,0.0,2026-10-05 12:55:00+00:00,274
NZDUSD|M30|bull|2026-09-30T04:30:00+00:00,NZDUSD,M30,bull,2026-09-30T04:30:00+00:00,2026-09-30T06:00:00+00:00,2026-09-30T14:00:00+00:00,reaction,0.5638886094093323,0.5642385482788086,0.5642067193984985,0.5638620766880719,0.5648960048193519,0.0005306544252087,4,bull,False,,NY,2.22,0.646,closed,2.0,tp,m15,2026-09-30T14:15:00+00:00,-1.0,-1.0,False,1,1,1,1,0,FOREX,0,,0,prod,1,1,1,1,1,0.6594477551725613,0.1819110884006131,0.0909555442003065,0.7271333673990802,0.6594477551725613,0,0.6494673257291121,0.7204390907301665,1.0802093444889322,0.6669439534158261,1,0.7204390907301665,3,3.430790705840693,0.9608101001100474,3,1.506699401785852,1.6222796675110376,5,0,0.0,0,4.090238461013255,0,8,17,2.820765027363061,0,19.0,16.0,4.216264756585323,3.0,1.405421585528441,1.440541212755595,0.7197651533206902,1.0,0.0,0.18039057993649,2.0,0.9007173477650772,0.0,0.0,0.0,NY,2.0,0,1,1,1,1,0,0,1,3,tp,1,586,589,586,605,584,0.5650994181632996,0.061084474639737,1.0,1.0,1.0,2026-09-30 14:00:00+00:00,196
GBPUSD|M5|bear|2026-10-07T09:55:00+00:00,GBPUSD,M5,bear,2026-10-07T09:55:00+00:00,2026-10-07T10:20:00+00:00,2026-10-07T10:40:00+00:00,reaction,1.3229788541793823,1.323276400566101,1.3231364488601685,1.3232936457123334,1.3228220551558385,0.0003449029246456,4,bear,False,,,5.899,0.0,closed,2.0,tp,m15,2026-10-07T21:00:00+00:00,-1.0,-1.0,True,1,1,1,1,0,FOREX,1,"contact,reaction",2,prod,1,1,1,1,1,0.8626960383837491,0.4703525641025641,0.5296474358974359,0.0,0.8626960383837491,0,0.4557712936951447,0.2028856468474602,0.7102725796789281,0.2856447688564477,1,0.2028856468474602,5,1.521815167068769,0.3045012859840076,5,0.811542587389841,1.065236053805575,8,0,0.0,0,2.739474679579165,0,6,6,5.891978912791575,0,9.0,4.0,1.876778641195416,4.0,0.4691946602988539,2.2317421153220627,2.2317421153220627,0.0,1.0,1.6738929943479557,3.0,0.2028856468474602,0.0,1.0,0.0,off,2.0,0,1,1,1,1,0,1,1,2,tp,0,1013,1018,1013,1022,1010,1.3226114511489868,0.0118806229168877,1.0,1.0,1.0,2026-10-07 10:40:00+00:00,337
GBPUSD|M15|bull|2026-10-01T05:45:00+00:00,GBPUSD,M15,bull,2026-10-01T05:45:00+00:00,2026-10-01T06:45:00+00:00,2026-10-01T06:30:00+00:00,reaction,1.3245558738708496,1.32501220703125,1.324959635734558,1.324529584173593,1.3258197388564883,0.0005257939451351,4,bear,False,London,London,3.555,0.0,closed,2.0,tp,m15,2026-10-01T06:30:00+00:00,-1.0,-1.0,False,1,0,1,1,1,FOREX,0,,0,prod,1,1,1,1,1,0.8678935248733175,0.8847962382445141,0.1152037617554859,0.0,0.8678935248733175,0,0.8179089260045919,1.302973899542047,1.4031852208570956,0.9285829697851026,1,1.302973899542047,1,1.5036232646185583,0.1335395209379268,4,0.7692692606831678,2.00513331608663,11,0,0.0,1,3.675851023712408,0,3,3,5.216203324650056,0,,,,,,,,,,,,,,,,,,1,0,1,1,1,1,1,1,1,tp,1,476,480,476,479,469,1.326066493988037,0.0324577103608733,1.0,1.0,1.0,2026-10-01 06:30:00+00:00,206
LTC|M30|bear|2026-09-28T12:00:00+00:00,LTC,M30,bear,2026-09-28T12:00:00+00:00,2026-09-28T14:00:00+00:00,2026-10-02T13:30:00+00:00,reaction,71.06,72.5,71.78,72.54478777773102,70.25042444453797,0.8957555546202359,4,range,False,NY,NY,2.301,0.0,unfilled,,,m15,,1.0,1.0,False,1,0,1,1,1,CRYPTO,0,,0,prod,1,1,1,1,1,1.6075814351053612,0.6180555555555569,0.1874999999999975,0.1944444444444455,1.6075814351053612,1,0.8537907175526863,1.5182713553772875,1.730382794731465,0.8774193548387109,1,1.5182713553772875,4,1.1833585563970064,0.2232751993201926,4,0.6028430381645026,1.8420203943915687,10,0,0.0,0,4.26455630701561,0,4,10,3.44960182949693,0,195.0,191.0,6.061921661543151,86.0,0.0704874611807343,1.2280135962610514,0.960083357076814,1.0,0.0,0.4688779185723997,1.0,0.9042645572467696,0.0,0.0,0.0,NY,4.0,1,0,1,1,1,1,1,1,1,tp,14,407,411,407,602,401,69.41,1.0654608215812422,1.0,1.0,,2026-10-02 13:30:00+00:00,239
USDCHF|M5|bear|2026-10-05T18:20:00+00:00,USDCHF,M5,bear,2026-10-05T18:20:00+00:00,2026-10-05T18:50:00+00:00,2026-10-05T21:00:00+00:00,echec,0.831279993057251,0.8315200209617615,0.8313300013542175,0.8315338432048857,0.8309223176528813,0.0002764448624826,4,bear,False,,,4.17,1.374,closed,-1.0,sl,m15,2026-10-05T21:00:00+00:00,1.0,1.0,False,1,1,1,1,0,FOREX,0,,0,prod,1,1,1,1,1,0.8682668303359107,0.5415942388875093,0.2083436801589272,0.2500620809535634,0.8682668303359107,0,0.7373689235439784,0.9767193298787372,1.7363180493407224,0.5625232832484788,1,0.9767193298787372,3,1.157617236670848,0.1084524995428267,6,0.0362227036246419,1.4469676430057852,9,1,0.1084524995428267,1,2.640591971970176,0,3,3,5.2813995552714506,0,32.0,26.0,3.653534005473555,1.0,3.653534005473555,4.08777522630706,2.821489878762286,0.0,1.0,-1.7000953457160803,0.0,3.653534005473555,1.0,0.0,0.0,off,0.0,0,0,1,0,0,1,1,1,4,sl,0,538,544,539,570,535,0.8308799862861633,0.0245199680435056,0.0,0.0,0.0,2026-10-05 21:00:00+00:00,286
EURAUD|M15|bear|2026-10-02T11:30:00+00:00,EURAUD,M15,bear,2026-10-02T11:30:00+00:00,2026-10-02T11:45:00+00:00,2026-10-02T14:00:00+00:00,reaction,1.6190099716186523,1.6203099489212036,1.6195800304412842,1.6203763321632352,1.6179874269973822,0.0013276648406324,4,bear,False,,NY,4.144,0.0,closed,2.0,tp,m15,2026-10-02T14:15:00+00:00,-1.0,1.0,False,1,1,1,1,0,FOREX,0,,0,prod,1,1,1,1,1,0.9791456870485572,0.1614855570839064,0.4385144429160935,0.4,0.9791456870485572,0,0.59977616155872,1.2202283252627135,1.8303424878940704,0.6666666666666666,1,1.2202283252627135,3,2.9374370611456717,0.4443642370658697,1,0.3314100624389018,0.338952312572976,5,0,0.0,0,2.1842895120431223,0,9,11,3.5777202243133246,0,10.0,9.0,4.22545584892298,2.0,2.11272792446149,2.3575816877426834,2.0186293751697075,1.0,1.0,0.5724927006530582,2.0,1.935664623694892,0.0,0.0,0.0,NY,4.0,1,1,1,1,1,0,0,1,2,tp,1,594,595,594,604,590,1.618559956550598,0.0491671734019856,1.0,1.0,1.0,2026-10-02 14:00:00+00:00,242
XAGUSD|H1|bull|2026-09-17T02:00:00+00:00,XAGUSD,H1,bull,2026-09-17T02:00:00+00:00,2026-09-17T11:00:00+00:00,2026-09-17T05:00:00+00:00,reaction,63.494998931884766,64.00499725341797,63.74999809265137,63.47062303520045,64.3087482075532,0.4875179336861835,4,range,False,London,,2.201,0.0,unfilled,,,h1,,-1.0,-1.0,False,1,0,1,1,1,METAUX,0,,0,prod,1,1,1,1,1,1.0461119197750175,0.6078478304772875,0.1372472754744078,0.2549048940483047,1.0461119197750175,1,0.5730559598875139,1.189695755337624,1.189695755337624,1.0,1,1.189695755337624,5,0.5025512492013064,0.0717997425134865,9,0.7076531291886115,1.8563551126181972,4,5,0.0,1,2.092239489014401,1,7,7,5.569018389461493,0,,,,,,,,,,,,,,,,,,1,0,1,1,1,0,1,1,2,tp,3,506,515,511,509,511,64.91000366210938,0.4382353973483767,1.0,1.0,,2026-09-17 05:00:00+00:00,122
GBPNZD|H1|bull|2026-09-28T04:00:00+00:00,GBPNZD,H1,bull,2026-09-28T04:00:00+00:00,2026-09-28T08:00:00+00:00,2026-09-28T16:00:00+00:00,echec,2.334089994430542,2.3355300426483154,2.3354299068450928,2.3339338112847385,2.338422097965801,0.0031236629160651,4,bull,False,,,2.754,1.136,closed,-1.0,sl,m15,2026-09-28T16:15:00+00:00,1.0,1.0,True,1,1,1,1,0,FOREX,0,,0,prod,1,1,1,1,1,0.4610126817356565,0.7013245033112583,0.0695364238410596,0.2291390728476821,0.4610126817356565,0,0.4789555085024455,0.5346678535692507,0.848370191637719,0.6302294197031039,1,0.5346678535692507,4,1.9624332880969315,0.0064114346466548,4,0.6946484133238758,1.981667592036896,8,0,0.0,0,3.17259157765303,0,3,10,3.249452466809952,1,12.0,8.0,2.7883634584713586,7.0,0.3983376369244798,1.8632087042796543,0.441778377795692,1.0,1.0,-0.4162089658120091,1.0,1.1172688137825395,0.0,0.0,0.0,off,0.0,0,0,1,1,1,1,1,1,2,sl,0,666,670,666,678,662,2.3417201042175293,0.0640608204925874,0.0,0.0,0.0,2026-09-28 16:00:00+00:00,174
NZDCAD|H1|bear|2026-09-10T06:00:00+00:00,NZDCAD,H1,bear,2026-09-10T06:00:00+00:00,2026-09-10T12:00:00+00:00,2026-09-11T12:00:00+00:00,reaction,0.8077200055122375,0.8085500001907349,0.8079299926757812,0.8086126889965395,0.8065646000342648,0.0012537761160921,4,range,False,London,,5.449,0.0,closed,1.0693,time,h1,2026-09-11T13:00:00+00:00,-1.0,-1.0,True,1,0,1,1,1,FOREX,0,,0,prod,1,1,1,1,1,0.6619959240285063,0.5301256732495512,0.2529982046678635,0.2168761220825852,0.6619959240285063,0,0.5445121437518617,0.5902103696096161,0.7895935585055268,0.7474863026070203,1,0.5902103696096161,2,1.1405821335218616,0.0318994086192551,6,1.4915231684359322,2.799541542132185,15,0,0.0,1,5.559196938464735,0,5,5,3.964036347092922,1,30.0,24.0,5.918124710559185,20.0,0.2959062355279592,2.927139176609206,0.7497549528081561,1.0,1.0,0.4945121437518508,2.0,0.7018820698281413,0.0,0.0,0.0,off,4.0,0,0,1,1,1,1,1,1,2,tp,1,383,389,383,413,374,0.8042100071907043,0.0844994401677323,1.0,1.0,1.0,2026-09-11 12:00:00+00:00,111
EURNZD|M30|bear|2026-09-27T23:30:00+00:00,EURNZD,M30,bear,2026-09-27T23:30:00+00:00,2026-09-28T02:30:00+00:00,2026-09-29T15:00:00+00:00,reaction,2.01242995262146,2.0136499404907227,2.0126099586486816,2.0137407346080165,2.010348406730012,0.0018158823458726,4,bear,False,,NY,2.441,0.239,closed,0.513,time,m15,2026-09-29T15:15:00+00:00,1.0,1.0,False,1,1,1,1,0,FOREX,0,,0,prod,1,1,1,1,1,0.6718430145188972,0.6312292358803987,0.147547391049443,0.2212233730701583,0.6718430145188972,0,0.62271433053196,1.305084925604424,1.8117572322349544,0.7203420537720124,1,1.305084925604424,3,1.762258538376517,0.0991286839870563,6,0.1651707078883667,2.0320723735995645,9,1,0.2368584714074829,1,3.188529921358495,0,2,8,3.392301732680232,0,79.0,73.0,6.035558243974826,46.0,0.1312077879124962,0.991155543600382,0.4846145332400331,1.0,0.0,1.150943104411306,2.0,0.6773574578665215,0.0,0.0,0.0,NY,1.0,1,0,1,1,0,1,1,1,2,tp,3,481,487,482,560,478,2.008739948272705,0.0561845555059309,1.0,1.0,1.0,2026-09-29 15:00:00+00:00,181
EURGBP|D|bull|2025-11-10T00:00:00+00:00,EURGBP,D,bull,2025-11-10T00:00:00+00:00,2025-11-13T00:00:00+00:00,2025-11-17T00:00:00+00:00,reaction,0.8773999810218811,0.8794999718666077,0.8785899877548218,0.87720061994356,0.8813687233773453,0.0039872215664206,4,bull,False,,,3.052,0.0,,,,,,,1.0,,1,1,1,1,0,FOREX,0,,0,prod,1,1,1,1,1,0.5266802483243281,0.1190395095367847,0.4333276566757493,0.4476328337874659,0.5266802483243281,0,0.348455130500557,0.0075193053163924,1.0032068796774902,0.0074952688909088,1,0.0075193053163924,4,1.1787669624522663,0.225728648663072,3,0.0200614467884664,0.8427003564526291,6,1,0.0300921701826996,0,1.7355393809592945,0,8,8,4.118157588807975,0,5.0,2.0,1.763135081981283,1.0,1.763135081981283,0.9003882276573175,0.025084282944148,1.0,0.0,-1.7330429117985833,0.0,1.183789798607948,0.0,0.0,0.0,off,0.0,0,0,1,0,1,0,0,1,5,tp,0,565,568,566,570,562,0.882860004901886,0.158136085162112,1.0,1.0,,2025-11-17 00:00:00+00:00,34
SOL|H1|bear|2026-10-05T07:00:00+00:00,SOL,H1,bear,2026-10-05T07:00:00+00:00,2026-10-05T14:00:00+00:00,2026-10-05T22:00:00+00:00,reaction,121.4,121.87,121.6,121.90839287098493,120.98321425803012,0.7678574196982969,4,bear,False,London,,2.659,0.0,closed,-1.0,sl,m15,2026-10-06T14:30:00+00:00,1.0,1.0,False,1,1,1,0,1,CRYPTO,0,,0,prod,1,1,1,1,1,0.6120928025735157,0.1914893617021353,0.4255319148935939,0.3829787234042707,0.6120928025735157,0,0.4016277802018297,0.7944183182337131,1.5888366364674262,0.5,1,0.7944183182337131,2,1.1981391029098658,0.3776742824389869,7,0.6381393048106815,1.8232551566019737,9,1,0.2734882734902867,3,3.6855800665596874,0,7,17,2.982324506156081,0,15.0,8.0,3.2167430262906103,6.0,0.5361238377151017,1.0548833406054263,0.299534775727471,1.0,0.0,0.8986043271824131,6.0,0.7944183182337131,0.0,0.0,0.0,off,0.0,0,1,1,1,0,0,0,1,4,sl,1,788,795,789,803,786,120.0,0.2536125583757662,0.0,1.0,0.0,2026-10-05 22:00:00+00:00,288
CADJPY|H4|bull|2026-08-09T20:00:00+00:00,CADJPY,H4,bull,2026-08-09T20:00:00+00:00,2026-08-11T12:00:00+00:00,2026-09-03T04:00:00+00:00,echec,113.13899993896484,113.25299835205078,113.23699951171876,113.1241324603088,113.46273361453868,0.2973495731212218,4,bull,False,,,8.196,1.081,closed,-1.0,sl,h1,2026-09-03T07:00:00+00:00,-1.0,1.0,False,1,1,1,1,0,FOREX,0,,0,prod,1,1,1,1,1,0.3833817950008061,0.5263016999063044,0.1403426582786775,0.3333556418150181,0.3833817950008061,0,0.3795769747547304,0.4405478128874208,1.1501710429996743,0.3830280857518906,1,1.2342523000079495,5,2.374314092088716,0.1143576937704854,10,0.1008872452110273,3.669093607623831,5,5,0.0,2,1.119894606237464,1,2,2,5.125287583897138,0,113.0,103.0,7.832539848381147,54.0,0.1450470342292805,3.5211239374478405,1.4259431975083523,1.0,1.0,1.8362145736335629,1.0,2.824971155895045,0.0,0.0,0.0,off,3.0,1,0,1,1,1,1,1,1,1,sl,0,540,550,545,653,545,114.34400177001952,0.0996732975058063,0.0,0.0,0.0,2026-09-03 04:00:00+00:00,100
NZDUSD|M5|bull|2026-10-06T12:30:00+00:00,NZDUSD,M5,bull,2026-10-06T12:30:00+00:00,2026-10-06T13:00:00+00:00,2026-10-06T12:45:00+00:00,reaction,0.561703085899353,0.5617662072181702,0.5617662072181702,0.5616935934972319,0.5619114346600467,0.0001898480424231,4,range,False,NY,NY,3.043,0.869,closed,2.0,tp,m15,2026-10-06T12:45:00+00:00,-1.0,-1.0,False,1,0,1,1,1,FOREX,0,,0,prod,1,1,1,1,1,0.3324833799256954,1.0,0.0,0.0,0.3324833799256954,0,0.3824833799254561,0.0,0.0,,0,0.3324833799256954,0,0.4985680900113355,0.1660847100856401,6,1.497901988314913,1.496960109051667,8,0,0.0,2,3.327345477292276,0,1,3,9.627261909387652,0,,,,,,,,,,,,,,,,,,0,0,1,1,1,1,1,1,2,tp,2,756,762,756,759,754,0.5620504021644592,0.012925968135006,1.0,1.0,1.0,2026-10-06 12:45:00+00:00,300
ADA|H1|bull|2026-09-20T21:00:00+00:00,ADA,H1,bull,2026-09-20T21:00:00+00:00,2026-09-21T08:00:00+00:00,2026-09-21T01:00:00+00:00,reaction,0.2238,0.2272,0.2271,0.2236178235609592,0.2340643528780815,0.0036435287808158,4,bull,True,,,2.068,0.144,closed,0.0287,time,h1,2026-09-21T01:00:00+00:00,1.0,1.0,True,1,1,1,1,0,CRYPTO,0,,0,prod,1,1,1,1,1,0.933161285263322,0.0294117647058789,0.0294117647058871,0.9411764705882338,0.933161285263322,0,0.9557153651085112,0.4391347224768529,0.9606072054181224,0.4571428571428539,1,0.4391347224768529,1,1.4271878480497755,0.0823377604644089,11,1.1801745666565489,1.5918633689786013,15,0,0.0,4,3.8973206619820906,0,6,8,4.034550262756116,0,,,,,,,,,,,,,,,,,,0,0,0,1,1,0,0,1,5,tp,2,442,453,442,446,438,0.233,1.5333229586264991,1.0,1.0,1.0,2026-09-21 01:00:00+00:00,134
BNB|D|bear|2026-06-22T00:00:00+00:00,BNB,D,bear,2026-06-22T00:00:00+00:00,2026-06-24T00:00:00+00:00,2026-07-05T00:00:00+00:00,echec,584.07,602.31,584.23,603.4353885305892,545.8192229388217,22.507770611784544,4,bear,False,,,1.491,1.108,,,,,,1.0,-1.0,False,1,1,1,1,0,CRYPTO,0,,0,prod,1,1,1,1,1,0.8103867910600554,0.3245614035087715,0.0087719298245597,0.6666666666666687,0.8103867910600554,0,0.8532781349981273,0.5358149506679978,0.9889917746160596,0.5417789757412377,1,0.5962385271944114,3,1.9313329938257036,0.0826381267199409,2,0.2732389673804519,0.5886855801286072,5,0,0.0,0,2.4751451825633706,0,7,15,6.177866408821344,0,13.0,11.0,2.080170480122371,4.0,0.5200426200305928,1.1231676577849945,0.6437776646085678,1.0,0.0,1.1076174726495205,4.0,0.3865331733674648,0.0,0.0,0.0,off,6.0,0,0,1,1,1,0,1,1,3,sl,31,693,695,693,706,690,570.82,3.287299270935963,0.0,0.0,,2026-07-05 00:00:00+00:00,70
GBPCHF|D|bear|2026-02-26T00:00:00+00:00,GBPCHF,D,bear,2026-02-26T00:00:00+00:00,2026-03-02T00:00:00+00:00,2026-03-03T00:00:00+00:00,reaction,1.044700026512146,1.049630045890808,1.0465999841690063,1.049985525039785,1.0398289024274492,0.0071095829795369,4,bear,False,,,2.009,0.148,,,,,,,-1.0,,1,1,1,1,0,FOREX,0,,0,prod,1,1,1,1,1,0.6934329893682757,0.0365122352258438,0.3853854337943708,0.5781023309797853,0.6934329893682757,0,0.476194015953252,0.0140678566128248,1.4993920642295997,0.0093823736622569,1,0.0140678566128248,1,2.0957585197103388,0.0211101686240124,2,1.4332781683721878,0.407900772133718,7,0,0.0,1,2.7891915090786146,0,9,12,3.361664405949967,0,3.0,1.0,2.0957585197103388,1.0,2.0957585197103388,0.6793651327554509,0.0070255446016371,1.0,0.0,-1.7708396574417815,0.0,1.8411789405059056,0.0,0.0,0.0,off,1.0,0,0,1,1,1,0,0,1,4,tp,1,642,644,642,645,637,1.041800022125244,0.3234799275739219,1.0,1.0,,2026-03-03 00:00:00+00:00,44
EURUSD|D|bear|2026-01-07T00:00:00+00:00,EURUSD,D,bear,2026-01-07T00:00:00+00:00,2026-01-16T00:00:00+00:00,2026-01-12T00:00:00+00:00,reaction,1.167446851730347,1.170548915863037,1.1687841415405271,1.1708194775046723,1.1647134696122374,0.0054112328327055,4,bear,True,,,3.184,0.531,,,,,,,-1.0,,1,1,1,1,0,FOREX,0,,0,prod,1,1,1,1,1,0.5732638436737633,0.0132195834294058,0.4310967642763815,0.5556836522942126,0.5732638436737633,0,0.376131655589347,0.0126011420560061,0.593861864342235,0.0212189783729643,1,0.0126011420560061,5,1.0202519071639122,0.2590944610501549,7,0.1894577302126802,1.0202519071639122,5,3,0.0,1,2.0914150718303253,1,2,5,3.551825752209278,0,,,,,,,,,,,,,,,,,,0,1,1,1,1,1,0,1,2,tp,0,605,612,608,608,607,1.161926031112671,0.1741413056359802,1.0,1.0,,2026-01-12 00:00:00+00:00,37
EURJPY|D|bear|2026-06-16T23:00:00+00:00,EURJPY,D,bear,2026-06-16T23:00:00+00:00,2026-06-23T23:00:00+00:00,2026-06-29T23:00:00+00:00,reaction,185.7100067138672,186.30499267578125,186.2239990234375,186.35365984734617,185.96467737562017,0.9733434312985264,4,bear,False,,,11.908,0.0,,,,,,1.0,-1.0,False,1,1,1,1,0,FOREX,0,,0,prod,1,1,1,1,1,0.6112806053669038,0.0285692303746826,0.8638730028466648,0.1075577667786525,0.6112806053669038,0,0.133211793226658,0.0030883050613515,0.9010169208181672,0.0034275772074815,1,0.0041072889648431,1,1.45890276964211,0.7736282562062763,5,0.1623162974884959,1.7157494200237515,12,0,0.0,3,3.2177630471212764,0,5,9,2.3270300253906555,0,9.0,4.0,2.6064824417543724,4.0,0.6516206104385931,1.178415692699463,0.0020536444824215,0.0,0.0,0.3164336937227439,1.0,1.5616320237895036,0.0,0.0,0.0,off,0.0,0,1,1,1,1,1,0,1,2,sl,0,721,726,721,730,714,184.0399932861328,0.0696262697550311,0.0,1.0,,2026-06-29 23:00:00+00:00,67
USDCHF|D|bull|2026-03-10T00:00:00+00:00,USDCHF,D,bull,2026-03-10T00:00:00+00:00,2026-03-16T00:00:00+00:00,2026-04-16T23:00:00+00:00,reaction,0.7746000289916992,0.778219997882843,0.7779600024223328,0.7742630794909878,0.7853538482850226,0.0067389900142278,4,bull,False,,,2.161,0.151,,,,,,,-1.0,False,1,1,1,1,0,FOREX,0,,0,prod,1,1,1,1,1,0.5371678669208702,0.0220967184232624,0.0718225676320945,0.906080713944643,0.5371678669208702,0,0.5485870914691582,0.0130548428626151,0.5980108642460256,0.0218304442998284,1,0.0178044706520624,1,1.7287495336805143,0.2789720858602599,4,0.3145810271643849,1.4215804023961236,9,0,0.0,1,2.611667307337487,0,7,10,3.694918543621989,0,28.0,24.0,3.840334987730563,13.0,0.2954103836715818,0.957116335157297,0.0163185535782689,1.0,0.0,1.676804349309147,0.0,0.458529243688139,0.0,0.0,0.0,off,3.0,0,1,1,1,1,0,0,1,3,tp,4,649,653,649,677,644,0.7878000140190125,0.475207326833492,1.0,1.0,,2026-04-16 23:00:00+00:00,53
LINK|D|bear|2026-03-25T00:00:00+00:00,LINK,D,bear,2026-03-25T00:00:00+00:00,2026-03-28T00:00:00+00:00,2026-04-01T00:00:00+00:00,reaction,9.17,9.5,9.25,9.523746979977648,8.702506040044707,0.4749395995529169,4,bear,False,,,3.032,0.0,,,,,,,-1.0,,1,1,1,1,0,CRYPTO,0,,0,prod,1,1,1,1,1,0.6948251952682923,0.3636363636363612,0.2424242424242426,0.3939393939393962,0.6948251952682923,0,0.5763827236881018,0.9685442115861024,1.2212079189563925,0.7931034482758604,1,0.9685442115861024,4,1.684424715801922,0.4000508700029551,3,0.2737190163178137,1.2633185368514397,6,0,0.0,0,2.379249911070214,0,8,14,3.537291903184032,0,7.0,4.0,2.0423649679098297,3.0,0.6807883226366099,0.9685442115861024,0.3368849431603843,1.0,0.0,0.715880504215816,2.0,0.8211570489534374,0.0,0.0,0.0,off,2.0,0,1,1,1,1,0,1,1,2,tp,2,604,607,604,611,601,8.57,2.959426810569153,1.0,1.0,,2026-04-01 00:00:00+00:00,49
BCH|M30|bull|2026-10-03T14:00:00+00:00,BCH,M30,bull,2026-10-03T14:00:00+00:00,2026-10-03T21:00:00+00:00,2026-10-06T22:00:00+00:00,echec,311.3,312.2,312.1,311.2233242995694,313.85335140086124,1.5335140086116816,4,bull,False,NY,,3.65,4.677,closed,-1.0,sl,m15,2026-10-06T22:00:00+00:00,1.0,1.0,True,1,1,1,0,1,CRYPTO,0,,0,prod,1,1,1,1,1,0.5868873678009396,0.4444444444444935,0.111111111111076,0.4444444444444304,0.5868873678009396,0,0.571677660267532,0.8477261979347194,1.369403858202242,0.6190476190476177,1,0.8477261979347194,3,2.608388301337575,0.0652097075334542,14,0.3912582452006511,2.608388301337575,11,3,0.0,4,2.608388301337575,1,9,14,2.869227131471318,0,160.0,146.0,6.847019291011135,141.0,0.048560420503625,4.7603086499410825,2.8040174239379008,1.0,1.0,0.1956291226003255,1.0,1.6302426883359846,0.0,0.0,1.0,off,1.0,0,0,0,1,1,0,1,1,4,sl,0,651,665,654,811,654,316.2,0.2808957707243223,0.0,0.0,0.0,2026-10-06 22:00:00+00:00,316
DOGE|M30|bear|2026-09-30T05:30:00+00:00,DOGE,M30,bear,2026-09-30T05:30:00+00:00,2026-09-30T06:30:00+00:00,2026-09-30T07:00:00+00:00,echec,0.09372,0.09417,0.09375,0.0942014401697802,0.0928471196604395,0.0006288033956043,4,bear,False,London,London,1.839,1.041,closed,0.8418,time,m15,2026-09-30T07:15:00+00:00,-1.0,1.0,False,1,1,1,0,1,CRYPTO,0,,0,prod,1,1,1,1,1,0.7156449903828711,0.4666666666666646,0.0666666666666707,0.4666666666666646,0.7156449903828711,0,0.7179353243573542,0.7792578784169006,1.3517738707231666,0.5764705882353062,1,0.7792578784169006,2,1.3517738707231888,0.3498708841871736,2,0.0795161100425314,1.017806208544517,7,0,0.0,0,2.06741886110606,0,10,20,2.2423543031996465,0,3.0,1.0,1.3517738707231888,1.0,1.3517738707231888,1.7016447549103624,1.160935206621078,1.0,1.0,-1.145031984612576,0.0,1.0973223185870484,0.0,0.0,0.0,London,2.0,0,1,1,0,1,0,1,1,3,sl,4,490,492,490,493,485,0.09308,0.4815361810989109,0.0,0.0,1.0,2026-09-30 07:00:00+00:00,186
EURCAD|M30|bear|2026-09-24T07:30:00+00:00,EURCAD,M30,bear,2026-09-24T07:30:00+00:00,2026-09-24T09:30:00+00:00,2026-09-24T13:00:00+00:00,reaction,1.606320023536682,1.6073999404907229,1.6068599820137024,1.6074537924079315,1.6056723612252437,0.0010770383441836,4,bull,False,London,NY,3.031,0.0,closed,-1.0,sl,m15,2026-09-24T13:45:00+00:00,-1.0,1.0,False,1,0,1,1,1,FOREX,0,,0,prod,1,1,1,1,1,1.0026727087966614,0.0370901865548073,0.2962799425985208,0.6666298708466718,1.0026727087966614,1,0.551336354398234,0.622146296075288,1.5505510517201049,0.401242058676565,1,0.8170581671638101,5,1.894109511605836,0.1021599415188562,4,0.2692905067338864,1.8198415584539915,8,0,0.0,0,3.416768574958929,0,1,1,3.138180738769372,0,11.0,7.0,2.94326886768085,6.0,0.4905448112801416,1.4299071337834277,0.7241955551006244,0.0,0.0,0.8170581671638101,1.0,0.2971824951008981,0.0,0.0,0.0,NY,3.0,0,0,1,1,1,1,0,1,3,sl,0,402,406,402,413,398,1.6043599843978882,0.0369547067495691,0.0,1.0,0.0,2026-09-24 13:00:00+00:00,152
BNB|H4|bear|2026-08-30T16:00:00+00:00,BNB,H4,bear,2026-08-30T16:00:00+00:00,2026-08-30T20:00:00+00:00,2026-09-03T04:00:00+00:00,echec,698.19,704.04,699.42,704.42779723963,689.4044055207399,7.755944792598978,4,bear,True,,,1.927,3.225,closed,0.2915,time,h1,2026-09-03T07:00:00+00:00,1.0,1.0,False,1,1,1,1,0,CRYPTO,0,,0,prod,1,1,1,1,1,0.7542601393426891,0.0273504273504417,0.2102564102563972,0.762393162393161,0.7542601393426891,0,0.6456721100450125,1.9146603537160896,2.7411231730642416,0.6984948259642535,1,1.9146603537160896,1,2.462627121614633,1.249364230808686,1,0.083806682149186,1.6503469715532688,13,0,0.0,0,3.2168872609573222,0,1,3,4.461094157479908,0,21.0,20.0,3.0415378952298013,9.0,0.3379486550255335,1.2480748972371611,0.6910827943379294,1.0,0.0,0.6433774521914674,2.0,0.7207374664830294,0.0,0.0,0.0,off,3.0,1,1,1,0,1,1,0,1,2,sl,1,577,578,577,598,565,685.39,0.7159928568857065,0.0,0.0,1.0,2026-09-03 04:00:00+00:00,101
LINK|M5|bull|2026-10-07T22:50:00+00:00,LINK,M5,bull,2026-10-07T22:50:00+00:00,2026-10-07T23:30:00+00:00,2026-10-08T00:05:00+00:00,reaction,13.29,13.305,13.298,13.288863610354625,13.316272779290754,0.0227277929075091,4,bull,False,,,2.189,0.766,closed,2.0,tp,m15,2026-10-08T01:15:00+00:00,-1.0,1.0,False,1,1,1,1,0,CRYPTO,1,"contact,reaction",2,prod,1,1,1,1,1,0.6599848943116969,0.2666666666666272,0.4666666666666272,0.2666666666667456,0.6599848943116969,0,0.4019919436329642,0.9679778449904628,1.319969788623394,0.7333333333333136,1,0.9679778449904628,3,1.5399647533939074,0.5279879154493575,8,1.1439738168068891,1.9359556899809252,12,0,0.0,2,3.739914401099512,0,7,12,4.311901309502956,0,15.0,7.0,3.123928499741902,6.0,0.5206547499569837,0.8799798590822104,0.3079929506787658,1.0,0.0,2.067952668843265,3.0,0.043998992954087,0.0,0.0,0.0,off,3.0,0,1,1,1,1,0,1,1,2,tp,1,1168,1176,1168,1183,1164,13.349,0.0687049905653264,1.0,1.0,1.0,2026-10-08 00:05:00+00:00,351
CHFJPY|W|bull|2023-10-30T00:00:00+00:00,CHFJPY,W,bull,2023-10-30T00:00:00+00:00,2023-11-13T00:00:00+00:00,2023-11-20T00:00:00+00:00,reaction,164.98399353027344,167.2050018310547,165.90899658203125,164.8481315749876,168.03072659611854,2.717239105716545,4,bull,False,,,3.513,0.0,,,,,,,1.0,,1,1,1,1,0,FOREX,0,,0,prod,1,1,1,1,1,0.8173768352253868,0.0400670532303718,0.5835211190194839,0.3764118277501442,0.8173768352253868,0,0.3904201896740669,0.5181803900028704,0.7630857084909407,0.6790592252443188,1,0.5181803900028704,3,1.2196186027045322,0.1313813819899774,2,0.1454146386831281,0.4379229651695331,4,0,0.0,0,2.036995437929919,0,8,10,5.518079814616916,0,3.0,1.0,1.2196186027045322,1.0,1.2196186027045322,1.1311568609329423,0.0021058308363071,0.0,0.0,-1.0108381102696984,0.0,0.5833376038526613,0.0,0.0,0.0,off,0.0,0,0,1,1,1,0,0,1,4,sl,0,646,648,646,649,644,168.3949432373047,0.6394258472409701,0.0,1.0,,2023-11-20 00:00:00+00:00,10
AUDUSD|H1|bear|2026-09-24T07:00:00+00:00,AUDUSD,H1,bear,2026-09-24T07:00:00+00:00,2026-09-24T15:00:00+00:00,2026-09-25T11:00:00+00:00,reaction,0.7035812139511108,0.7045230269432068,0.7040521204471588,0.704567896499049,0.7030205683433783,0.0008973911168459,4,bear,False,London,,2.447,0.0,closed,1.6803,time,m15,2026-09-25T16:00:00+00:00,-1.0,-1.0,True,1,1,1,0,1,FOREX,0,,0,prod,1,1,1,1,1,1.0495011310186613,0.5261692297955826,0.1051199291184102,0.3687108410860072,1.0495011310186613,1,0.5747505655092922,0.9933762999503258,1.6565127654961973,0.5996792301523657,1,0.9933762999503258,1,0.8815915772426234,0.1102570645839489,8,0.6036906385563326,1.7611905569325248,13,1,0.16598337614174,2,4.0734671770295225,0,10,18,6.645777777756736,0,28.0,20.0,3.241092759339131,11.0,0.2946447963035574,0.7168037596325165,0.2755098216230243,1.0,0.0,0.5506211237355042,1.0,0.4960903707093463,0.0,0.0,0.0,off,4.0,0,0,1,1,0,0,1,1,4,tp,1,622,630,623,650,617,0.7020007371902466,0.073258220082152,1.0,1.0,1.0,2026-09-25 11:00:00+00:00,163
XRP|M5|bull|2026-10-08T00:05:00+00:00,XRP,M5,bull,2026-10-08T00:05:00+00:00,2026-10-08T00:15:00+00:00,2026-10-08T00:35:00+00:00,reaction,1.4196,1.421,1.4206,1.4195048704250808,1.4227902591498387,0.0019025914983837,4,bull,False,,,3.561,0.731,closed,2.0,tp,m15,2026-10-08T00:45:00+00:00,-1.0,1.0,False,1,1,1,1,0,CRYPTO,1,"contact,reaction",2,prod,1,1,1,1,1,0.7358384609567435,0.6428571428571995,0.2857142857142404,0.0714285714285601,0.7358384609567435,0,0.575598900683426,0.8409582410934044,1.2614373616400485,0.6666666666666975,1,1.681916482186809,2,1.8395961523918003,0.1051197801366609,2,0.7358384609567435,1.0511978013667265,9,1,0.2102395602733219,0,2.785674173621866,0,4,5,3.679192304783601,0,6.0,4.0,1.8395961523918003,4.0,0.4598990380979501,0.683278570888413,0.578158790751752,1.0,0.0,1.576796702050148,0.0,0.2102395602733219,0.0,0.0,0.0,off,3.0,1,0,1,1,0,1,1,1,2,tp,2,1183,1185,1184,1189,1176,1.423,0.0770892281373579,1.0,1.0,1.0,2026-10-08 00:35:00+00:00,352
BCH|D|bull|2026-01-01T00:00:00+00:00,BCH,D,bull,2026-01-01T00:00:00+00:00,2026-01-03T00:00:00+00:00,2026-01-13T00:00:00+00:00,echec,585.9,606.5,599.6,584.3018926652386,630.1962146695229,31.96214669522793,4,bull,False,,,2.026,1.641,,,,,,,1.0,,1,1,1,1,0,CRYPTO,0,,0,prod,1,1,1,1,1,0.6445124038891819,0.3106796116504839,0.3349514563106781,0.3543689320388378,0.6445124038891819,0,0.4786320355962039,0.5162356633092956,1.041857429587853,0.4954954954954945,1,1.3954006414299756,2,1.8021317700979052,0.0625740197950661,2,0.5162356633092956,0.9855408117722916,6,1,0.0156435049487665,0,2.4622876789358537,0,8,14,3.738797682755201,0,12.0,10.0,1.9742103245343368,8.0,0.2467762905667921,0.6726707127969609,0.1439202455286528,1.0,0.0,0.4067311286679299,1.0,0.475562550442504,0.0,0.0,0.0,off,1.0,1,0,1,1,1,0,1,1,2,sl,1,521,523,522,533,517,638.0,2.551385479446535,0.0,0.0,,2026-01-13 00:00:00+00:00,38
BNB|M30|bull|2026-10-04T21:30:00+00:00,BNB,M30,bull,2026-10-04T21:30:00+00:00,2026-10-05T01:00:00+00:00,2026-10-04T23:00:00+00:00,reaction,792.52,794.5,793.14,792.393233553814,794.633532892372,2.535328923719875,4,bull,False,,,5.624,0.0,closed,2.0,tp,m15,2026-10-05T00:30:00+00:00,1.0,1.0,True,1,1,1,1,0,CRYPTO,0,,0,prod,1,1,1,1,1,0.7809637564087466,0.2474747474747498,0.6868686868686874,0.0656565656565627,0.7809637564087466,0,0.2945442065522456,1.2108882485731662,2.0667929715059605,0.5858778625954284,1,1.2108882485731662,1,1.3371046132452606,0.0157770455840005,7,0.6823572215086532,1.3371046132452606,6,1,0.0,3,3.640553268511454,1,1,1,4.0941433290518745,0,,,,,,,,,,,,,,,,,,1,0,1,1,1,1,0,1,2,tp,0,714,721,715,717,715,797.89,0.0941531691991362,1.0,1.0,1.0,2026-10-04 23:00:00+00:00,255
EURGBP|H4|bear|2026-09-29T00:00:00+00:00,EURGBP,H4,bear,2026-09-29T00:00:00+00:00,2026-09-30T04:00:00+00:00,2026-09-29T12:00:00+00:00,echec,0.8577799797058105,0.8580999970436096,0.8578799962997437,0.8581520984852257,0.8573357919287796,0.0010420288323203,4,bear,False,,,3.307,1.654,closed,1.5069,time,m15,2026-09-29T12:45:00+00:00,-1.0,1.0,False,1,1,1,1,0,FOREX,0,,0,prod,1,1,1,1,1,0.3071098686266251,0.5311976159433787,0.3125349227044142,0.1562674613522071,0.3071098686266251,0,0.2611273095736672,0.4414168106149499,1.1803909944084627,0.3739581314208179,1,0.5566187617071502,2,1.0076452683417076,0.0767631670137699,7,0.9597111893867604,1.3626892159232802,10,1,0.4798555946933802,2,3.512401095738111,0,5,5,4.644743610048535,0,,,,,,,,,,,,,,,,,,0,0,1,1,0,1,1,1,3,sl,0,764,771,765,767,761,0.8563600182533264,0.0317179776490489,0.0,0.0,1.0,2026-09-29 12:00:00+00:00,179
BTC|M5|bear|2026-10-07T12:35:00+00:00,BTC,M5,bear,2026-10-07T12:35:00+00:00,2026-10-07T12:50:00+00:00,2026-10-07T16:05:00+00:00,reaction,83562.87,83726.39,83644.63,83731.77077533603,83470.34844932795,107.61550672075776,4,bear,False,NY,,2.073,0.428,closed,2.0,tp,m15,2026-10-07T16:15:00+00:00,-1.0,1.0,False,1,1,1,0,1,CRYPTO,1,"contact,reaction",2,prod,1,1,1,1,1,1.5194836226001154,0.4011130136985988,0.0659858121331206,0.5329011741682806,1.5194836226001154,1,0.8097418112999227,1.1598700206270192,1.3498054734520506,0.859286796089749,1,1.1598700206270192,3,1.3090120958639055,0.3655607003001574,3,0.1393851170437938,1.1138729320025944,5,0,0.0,0,2.828495718464021,0,9,16,3.668337510358603,0,42.0,39.0,7.207325632100447,28.0,0.2574044868607302,1.0332154109399838,0.7697775397271595,1.0,0.0,1.6894405419822571,8.0,0.4743740150056034,0.0,0.0,0.0,off,2.0,1,1,1,1,1,0,1,1,1,tp,3,1045,1048,1045,1087,1043,83443.0,0.1041797606565124,1.0,1.0,1.0,2026-10-07 16:05:00+00:00,346
COPPER|W|bear|2022-05-30T04:00:00+00:00,COPPER,W,bear,2022-05-30T04:00:00+00:00,2022-06-13T04:00:00+00:00,2023-01-16T05:00:00+00:00,reaction,4.28000020980835,4.567500114440918,4.423750162124634,4.577937496617452,4.115375493138998,0.2087476435306699,4,bear,True,,,2.398,0.0,,,,,,,,,1,1,1,1,0,METAUX,0,,0,prod,1,1,1,1,1,1.3772605993050546,0.4747823548631601,0.2121735322947402,0.3130441128420996,1.3772605993050546,1,0.7386302996525277,0.5580896571929663,0.7928218225395606,0.7039282236269657,1,1.063485643792168,6,2.778475255168177,0.086229121347495,2,0.1844346999051125,1.073065895850008,5,0,0.0,0,2.644341447118015,0,4,14,4.570111451558196,0,33.0,31.0,5.413235308090529,27.0,0.2004901965959455,0.8311473993222109,0.5149762386570416,1.0,0.0,1.937746461650304,2.0,0.3473104062666171,0.0,0.0,0.0,off,0.0,1,0,1,1,1,1,1,1,1,sl,1,572,574,572,605,569,4.056000232696533,3.4854439975598623,0.0,1.0,,2023-01-16 05:00:00+00:00,5
EURNZD|H4|bull|2026-08-31T08:00:00+00:00,EURNZD,H4,bull,2026-08-31T08:00:00+00:00,2026-09-01T08:00:00+00:00,2026-08-31T20:00:00+00:00,reaction,1.959349989891052,1.9617999792099,1.960379958152771,1.9591560599442237,1.962827754569866,0.0038785989365733,4,bull,False,,,3.44,0.0,closed,1.5851,time,h1,2026-09-01T00:00:00+00:00,1.0,-1.0,False,1,1,1,1,0,FOREX,0,,0,prod,1,1,1,1,1,0.6316686408964385,0.0408232775398987,0.5796029583495523,0.3795737641105488,0.6316686408964385,0,0.3155516279362465,0.7966548838086651,1.5340524136056362,0.5193139926270236,1,0.7966548838086651,1,0.8456774354936505,0.0696150969068914,6,0.3841585413859762,0.8456774354936505,5,1,0.0567063372155473,3,2.2430506720816505,1,5,13,2.962406673452862,0,,,,,,,,,,,,,,,,,,0,0,1,1,1,1,0,1,3,tp,0,636,642,637,639,637,1.9650800228118896,0.0624316833814588,1.0,1.0,1.0,2026-08-31 20:00:00+00:00,96
GBPNZD|W|bull|2023-05-14T23:00:00+00:00,GBPNZD,W,bull,2023-05-14T23:00:00+00:00,2023-07-16T23:00:00+00:00,2023-12-18T00:00:00+00:00,reaction,1.9766000509262085,2.0146501064300537,1.995625078678131,1.974830941218602,2.037213353597189,0.0353821941521274,4,bull,False,,,2.165,0.0,,,,,,,-1.0,False,1,1,1,1,0,FOREX,0,,0,prod,1,1,1,1,1,1.0754012410945235,0.7432320238606209,0.1314088606365547,0.1253591155028243,1.0754012410945235,1,0.5877006205472645,1.6519603997845158,1.9419363656518047,0.8506768960114924,1,1.6519603997845158,2,1.6632606587632055,0.5830583237376643,9,0.1695780068322631,1.6632606587632055,7,2,0.0,3,1.51517133760956,1,7,7,4.38723963416383,0,31.0,22.0,4.061927616964252,17.0,0.238936918644956,0.8603223405511082,0.6726517902735369,1.0,0.0,0.819056517065422,1.0,0.8015299973256654,0.0,0.0,0.0,off,0.0,1,1,1,1,1,0,1,1,1,open,0,622,631,624,653,624,2.073499917984009,1.041986176747326,,1.0,,2023-12-18 00:00:00+00:00,13
XPDUSD|M15|bear|2026-10-01T12:30:00+00:00,XPDUSD,M15,bear,2026-10-01T12:30:00+00:00,2026-10-01T13:30:00+00:00,2026-10-02T12:30:00+00:00,echec,1203.0,1209.0,1206.0,1209.2853253955625,1199.429349208875,5.706507911247795,4,bull,False,NY,NY,5.935,1.218,closed,-1.0,sl,m15,2026-10-02T12:30:00+00:00,-1.0,-1.0,True,1,0,1,1,1,METAUX,0,,0,prod,1,1,1,1,1,1.0514311192268249,0.0833333333333333,0.25,0.6666666666666666,1.0514311192268249,1,0.5757155596134309,1.2266696390979626,1.4019081589691,0.875,1,1.2266696390979626,4,1.9276237185825125,0.70095407948455,4,0.8761925993556875,2.540958538131494,9,0,0.0,0,4.731440036520713,0,2,2,4.643820776585144,0,92.0,88.0,6.746683015038793,44.0,0.1533337048872453,4.118105216971731,1.4019081589691,1.0,1.0,-1.3142888990335313,0.0,2.891435577873769,0.0,0.0,0.0,NY,4.0,1,1,1,1,1,1,0,1,1,sl,0,513,517,513,605,508,1188.5,0.2724150410914175,0.0,0.0,0.0,2026-10-02 12:30:00+00:00,232
DOGE|M5|bear|2026-10-08T02:45:00+00:00,DOGE,M5,bear,2026-10-08T02:45:00+00:00,2026-10-08T03:10:00+00:00,2026-10-08T03:00:00+00:00,reaction,0.08919,0.08933,0.08921,0.0893390927923509,0.0889518144152981,0.0001818558470179,4,bear,False,,,3.873,0.155,closed,2.0,tp,m15,2026-10-08T03:00:00+00:00,-1.0,1.0,False,1,1,1,1,0,CRYPTO,0,,0,prod,1,1,1,1,1,0.7698405209164815,0.5714285714285431,0.1428571428570862,0.2857142857143707,0.7698405209164815,0,0.7098633036427326,0.9897949554640368,1.0997721727377765,0.9000000000000347,1,0.9897949554640368,6,1.264737998648538,0.329931651821371,5,0.604874695005796,1.814624085017464,12,0,0.0,0,3.189339300939742,0,3,10,4.674031734135759,0,,,,,,,,,,,,,,,,,,0,1,1,1,1,1,1,1,1,tp,1,1215,1220,1215,1218,1208,0.08886,0.1447066386625988,1.0,1.0,1.0,2026-10-08 03:00:00+00:00,362
DOGE|D|bear|2025-09-20T00:00:00+00:00,DOGE,D,bear,2025-09-20T00:00:00+00:00,2025-09-25T00:00:00+00:00,2025-10-02T00:00:00+00:00,reaction,0.263,0.26947,0.26526,0.2703204904814112,0.2551390190371775,0.0170098096282244,4,bear,False,,,3.668,0.0,,,,,,,1.0,False,1,1,1,1,0,CRYPTO,0,,0,prod,1,1,1,1,1,0.3803687484699584,0.3601236476043288,0.3493044822256557,0.2905718701700154,0.3803687484699584,0,0.2975042397308391,0.4021209025555655,0.5490949166475163,0.7323340471092019,1,1.1475731020299271,3,1.9006679502370647,0.0358616594384351,5,0.4556194436850357,1.9006679502370647,3,2,0.0,1,2.465048164350143,1,5,5,6.001242943402396,0,12.0,7.0,2.5009098237885783,7.0,0.3572728319697969,1.025290722305424,0.7607374969399201,1.0,0.0,0.6884262820066814,1.0,0.8195271025766991,0.0,0.0,0.0,off,3.0,1,0,1,1,1,1,1,1,1,tp,1,418,423,420,430,420,0.23067,1.907747297523644,1.0,1.0,,2025-10-02 00:00:00+00:00,30
AUDCHF|H4|bull|2026-07-13T04:00:00+00:00,AUDCHF,H4,bull,2026-07-13T04:00:00+00:00,2026-07-13T12:00:00+00:00,2026-07-15T20:00:00+00:00,reaction,0.5599899888038635,0.5613999962806702,0.5611400008201599,0.5599014503013959,0.5636171018576879,0.0017707700493523,4,bull,False,,,2.632,0.0,,,,,,1.0,1.0,True,1,1,1,1,0,FOREX,0,,0,prod,1,1,1,1,1,0.796267972412538,0.1631298613459587,0.1843929658437605,0.6524771728102807,0.796267972412538,0,0.6994417593729795,0.7171999360920673,1.1746097043163648,0.6105857404860155,1,0.7171999360920673,6,1.2649876002382308,0.0056549298006977,2,0.5082704761341446,0.5138917456384096,5,0,0.0,0,2.03866951374441,0,9,17,2.6880776128209702,0,16.0,14.0,2.9591776402901355,2.0,1.4795888201450678,1.6941900400519048,0.1524811428402433,1.0,1.0,0.8753360087330085,2.0,1.5134679085046052,0.0,0.0,0.0,off,2.0,0,0,1,1,1,0,0,1,4,nofill,0,418,420,418,434,415,0.562309980392456,0.2207204114755178,,1.0,,2026-07-15 20:00:00+00:00,73
XPTUSD|M30|bear|2026-09-24T07:30:00+00:00,XPTUSD,M30,bear,2026-09-24T07:30:00+00:00,2026-09-24T10:00:00+00:00,2026-09-24T19:30:00+00:00,echec,1760.5,1769.0,1761.0,1769.4519047245965,1744.096190550807,9.038094491928517,4,range,True,London,,2.0,1.183,closed,0.3786,time,m15,2026-09-25T01:00:00+00:00,-1.0,-1.0,True,1,0,1,1,1,METAUX,0,,0,prod,1,1,1,1,1,0.9404637235858664,0.1176470588235294,0.0588235294117647,0.8235294117647058,0.9404637235858664,0,0.9351423280808224,1.7260248385175752,2.699673295686428,0.639345820575934,1,1.7260248385175752,1,1.9030506028937235,0.5421523771895144,5,0.6638567460606115,1.9030506028937235,4,1,0.0,1,3.6512121033333633,1,4,5,2.821391170757599,0,24.0,19.0,3.3082221524420623,9.0,0.3675802391602291,0.5089541374064539,0.3983248525964265,1.0,0.0,0.7413012972876531,0.0,0.4868309816844633,0.0,0.0,0.0,off,3.0,1,1,1,1,1,1,0,1,1,sl,13,414,419,415,438,415,1743.300048828125,0.4799491609651611,0.0,0.0,1.0,2026-09-24 19:30:00+00:00,156
XPTUSD|M30|bear|2026-10-02T08:00:00+00:00,XPTUSD,M30,bear,2026-10-02T08:00:00+00:00,2026-10-02T10:00:00+00:00,2026-10-02T12:30:00+00:00,echec,1746.800048828125,1755.4000244140625,1751.1000366210938,1755.7819100841575,1741.7362896949658,7.637713401904656,4,bull,True,London,NY,2.606,1.645,closed,-1.0,sl,m15,2026-10-02T12:30:00+00:00,-1.0,-1.0,True,1,0,1,1,1,METAUX,0,,0,prod,1,1,1,1,1,1.125988255044092,0.255809002001391,0.0581396999332869,0.686051298065322,1.125988255044092,1,0.6129941275220475,0.7724857039793063,1.034344181085982,0.7468362254121792,1,0.7724857039793063,1,0.8248605959152545,0.0523748919359482,4,1.4009364594914884,0.6677519026804754,6,0,0.0,1,3.9933417758768033,0,7,7,4.752737752515389,1,9.0,5.0,2.8673535208327112,5.0,0.5734707041665422,2.605495043726036,1.5580611352993332,1.0,1.0,-0.2487687497659549,1.0,1.08671907302193,0.0,0.0,0.0,NY,4.0,0,0,1,1,1,0,1,1,3,sl,0,691,695,691,700,689,1741.699951171875,0.2673675612558431,0.0,0.0,0.0,2026-10-02 12:30:00+00:00,233
BNB|M5|bull|2026-10-08T00:40:00+00:00,BNB,M5,bull,2026-10-08T00:40:00+00:00,2026-10-08T00:50:00+00:00,2026-10-08T01:20:00+00:00,reaction,772.87,773.38,773.18,772.838151785844,773.8636964283118,0.6369642831186147,4,bull,False,,,2.691,0.965,closed,-1.0,sl,m15,2026-10-08T01:45:00+00:00,-1.0,1.0,False,1,1,1,1,0,CRYPTO,1,reaction,1,prod,1,1,1,1,1,0.8006728375773298,0.1764705882351367,0.3921568627451942,0.431372549019669,0.8006728375773298,0,0.536683489507753,1.4286515337163874,1.8839360884173515,0.758333333333278,1,1.4286515337163874,2,1.475749935926955,0.4709840221042486,2,0.0627978696138522,1.28735632708522,6,1,0.1098962718244198,0,2.3863190453287046,0,8,13,3.469582296168548,0,8.0,6.0,4.474348209991076,3.0,1.4914494033303587,1.9624334254346667,1.318755261892146,1.0,1.0,2.5747126541702614,2.0,1.1303616530504108,0.0,0.0,0.0,off,3.0,1,1,1,0,0,0,0,1,4,tp,1,1190,1192,1191,1198,1186,774.2,0.0442132768767819,1.0,1.0,0.0,2026-10-08 01:20:00+00:00,358
XRP|M30|bull|2026-10-02T07:00:00+00:00,XRP,M30,bull,2026-10-02T07:00:00+00:00,2026-10-02T10:00:00+00:00,2026-10-02T14:00:00+00:00,reaction,1.5211,1.5264,1.5231,1.5206152289313524,1.528069542137295,0.0096954213729509,4,range,False,London,NY,5.916,0.0,closed,-1.0,sl,m15,2026-10-02T14:30:00+00:00,1.0,1.0,True,1,0,1,1,1,CRYPTO,0,,0,prod,1,1,1,1,1,0.5466497840709053,0.1698113207546956,0.6226415094339678,0.2075471698113365,0.5466497840709053,0,0.256282937385242,1.000472246318438,1.5368078835200591,0.6510067114094026,1,1.000472246318438,3,1.6296352053434318,0.4847649028553159,6,0.1547122030389389,1.6296352053434318,4,2,0.0,1,1.5677503241278654,1,6,6,4.930162203507339,0,14.0,8.0,2.9498460046089856,3.0,0.9832820015363284,1.299582505527055,0.6188488121557327,1.0,0.0,0.7323044277176044,2.0,0.5569639309401663,0.0,0.0,0.0,NY,4.0,1,1,1,1,1,0,0,1,2,sl,0,589,595,591,603,591,1.5422,0.1631390630062063,0.0,1.0,0.0,2026-10-02 14:00:00+00:00,241
CADJPY|M5|bull|2026-10-06T23:50:00+00:00,CADJPY,M5,bull,2026-10-06T23:50:00+00:00,2026-10-06T23:55:00+00:00,2026-10-07T02:00:00+00:00,reaction,111.31300354003906,111.35199737548828,111.33250045776369,111.31111489021154,111.37527159286792,0.0377729965503969,4,bull,False,,,3.624,0.304,closed,2.0,tp,m15,2026-10-07T02:00:00+00:00,1.0,-1.0,False,1,1,1,1,0,FOREX,0,,0,prod,1,1,1,1,1,1.0323204143254288,0.1794169438466053,0.0768929759342594,0.7436900802191352,1.0323204143254288,1,0.5661602071627394,0.767726451741529,1.2441975645166583,0.6170454545454546,1,1.6414924686407275,4,3.044648390831836,0.6089700741911891,1,0.3441741314831795,0.2647959427080096,6,0,0.0,0,1.9854646199997972,0,9,17,2.4621377128990365,0,26.0,25.0,4.235927162831714,9.0,0.4706585736479682,2.224003146573527,1.667749884775008,1.0,1.0,-0.5825106779327991,2.0,1.350237129674328,0.0,0.0,0.0,off,2.0,1,1,1,1,1,0,0,1,2,tp,3,892,893,892,918,887,111.36199951171876,0.019208737308692,1.0,1.0,1.0,2026-10-07 02:00:00+00:00,322
CHFJPY|W|bull|2023-05-07T23:00:00+00:00,CHFJPY,W,bull,2023-05-07T23:00:00+00:00,2023-05-21T23:00:00+00:00,2023-11-27T00:00:00+00:00,echec,149.80215454101562,152.33724975585938,151.6909942626953,149.6268837520686,155.81921528394872,3.5054157789402067,4,bull,False,,,8.929,5.058,,,,,,,1.0,,1,1,1,1,0,FOREX,0,,0,prod,1,1,1,1,1,0.7231938733413775,0.1818466353677621,0.2549235584446852,0.5632298061875527,0.7231938733413775,0,0.5888347177038006,0.5821070801384117,0.7546524150690658,0.77135787087508,1,0.5883317535396286,2,0.9066955040418656,0.2319974952899686,2,0.3980569817116625,0.4569345568339417,3,0,0.0,0,1.5781854118869818,0,4,4,4.7070544968155685,0,29.0,27.0,5.18675917012627,2.0,2.593379585063135,8.235699966248463,0.1716355749720146,1.0,1.0,-0.975267028579886,0.0,4.821531899457948,0.0,0.0,0.0,off,0.0,0,0,1,1,1,1,0,1,3,sl,0,621,623,621,650,620,153.93899536132812,1.3607337209828825,0.0,0.0,,2023-11-27 00:00:00+00:00,12
ETH|M30|bull|2026-10-01T21:30:00+00:00,ETH,M30,bull,2026-10-01T21:30:00+00:00,2026-10-02T01:30:00+00:00,2026-10-02T15:00:00+00:00,reaction,2689.47,2695.39,2693.49,2688.9170562318936,2702.635887536212,11.058875362121212,4,bull,True,,NY,4.142,0.0,closed,2.0,tp,m15,2026-10-02T15:30:00+00:00,1.0,1.0,True,1,1,1,1,0,CRYPTO,0,,0,prod,1,1,1,1,1,0.5353166399069129,0.0067567567567505,0.3209459459459574,0.6722972972972922,0.5353166399069129,0,0.4135089345313864,0.5968057134097184,0.8328152455308491,0.7166123778501502,1,0.5968057134097184,4,0.8011664576985233,0.2441477918494583,8,0.1148398872773245,1.7515343437494866,14,0,0.0,2,2.6783917016964107,0,6,14,3.7381739685391193,1,35.0,27.0,7.409433357089854,14.0,0.5292452397921324,1.5516948548652765,0.6564862847506779,1.0,1.0,3.6378020985565622,4.0,1.3003130543684749,0.0,0.0,0.0,NY,4.0,0,0,1,1,1,0,0,1,4,tp,1,570,578,570,605,564,2714.76,0.1697776404629734,1.0,1.0,1.0,2026-10-02 15:00:00+00:00,244
SOL|M15|bear|2026-10-05T14:00:00+00:00,SOL,M15,bear,2026-10-05T14:00:00+00:00,2026-10-05T14:30:00+00:00,2026-10-05T20:45:00+00:00,echec,120.58,121.22,120.9,121.24360679676712,120.21278640646575,0.4721359353424665,4,range,False,NY,,1.281,2.008,closed,-1.0,sl,m15,2026-10-05T22:00:00+00:00,1.0,1.0,False,1,0,1,1,1,CRYPTO,0,,0,prod,1,1,1,1,1,1.3555418092371487,0.4062500000000076,0.3125000000000041,0.2812499999999882,1.3555418092371487,1,0.7277709046185651,1.673246920777087,2.223935780779689,0.7523809523809468,1,1.673246920777087,3,2.816985322320944,0.6777709046185593,2,1.0378366976971802,0.7624922676958943,4,1,0.1694427261546398,0,4.151346790788751,0,10,20,2.118034076933043,0,27.0,25.0,3.494756226939503,18.0,0.1941531237188613,0.4024264746173034,0.3600657930786209,1.0,0.0,0.3812461338479321,2.0,0.2541640892319747,0.0,0.0,0.0,off,0.0,1,1,1,1,0,0,1,1,2,sl,0,695,697,696,722,693,120.22,0.2842074414947222,0.0,0.0,0.0,2026-10-05 20:45:00+00:00,284
GBPUSD|M15|bear|2026-10-01T03:45:00+00:00,GBPUSD,M15,bear,2026-10-01T03:45:00+00:00,2026-10-01T05:00:00+00:00,2026-10-01T06:00:00+00:00,reaction,1.325451374053955,1.3258906602859497,1.3256710171699524,1.3259097422162094,1.3251935670774384,0.000381638605195,4,bear,False,,London,2.538,0.552,closed,2.0,tp,m15,2026-10-01T06:00:00+00:00,-1.0,-1.0,True,1,1,1,1,0,FOREX,0,,0,prod,1,1,1,1,1,1.1510529228825457,0.8,0.1199457259158751,0.0800542740841248,1.1510529228825457,1,0.6255264614410745,0.9208423383060363,1.4278054031197056,0.6449354626996281,1,0.9208423383060363,2,1.05859385499293,0.0921467061737723,5,0.9199052531585064,1.1045110272218943,6,1,0.4607335308688615,1,3.636202734131808,0,7,7,5.944555814213764,0,9.0,4.0,2.346461209414839,1.0,2.346461209414839,1.9332066593541584,1.7951427809514215,1.0,1.0,-0.3220449290344381,0.0,2.346461209414839,0.0,0.0,0.0,London,3.0,0,0,1,1,0,0,1,1,4,tp,1,468,473,469,477,467,1.3250298500061035,0.0180078649351952,1.0,1.0,1.0,2026-10-01 06:00:00+00:00,205
XRP|H1|bull|2026-10-04T20:00:00+00:00,XRP,H1,bull,2026-10-04T20:00:00+00:00,2026-10-04T22:00:00+00:00,2026-10-05T04:00:00+00:00,reaction,1.4959,1.5072,1.50155,1.4955419613511725,1.513566077297655,0.00716077297655,4,bull,True,,,3.071,0.391,closed,-0.0583,time,m15,2026-10-05T04:30:00+00:00,1.0,1.0,True,1,1,1,1,0,CRYPTO,0,,0,prod,1,1,1,1,1,1.5780419288539234,0.0619469026548599,0.0530973451327567,0.8849557522123833,1.5780419288539234,1,0.8390209644269532,0.3351593477211788,1.1171978257372832,0.2999999999999944,1,1.424427227815033,4,2.7371346730563197,0.1675796738605738,2,1.2009876626675702,0.3910192390080367,7,0,0.0,0,3.9101923900804914,0,10,14,3.407453368498708,0,8.0,6.0,3.3236635315683896,3.0,1.10788784385613,1.8852713309316425,1.0054780431635673,1.0,1.0,1.6478667929624649,3.0,0.5585989128686416,0.0,0.0,0.0,off,0.0,1,0,1,1,1,0,0,1,3,tp,2,777,779,777,785,772,1.51,0.4001224500567736,1.0,1.0,0.0,2026-10-05 04:00:00+00:00,264
GBPCAD|M30|bull|2026-09-24T10:00:00+00:00,GBPCAD,M30,bull,2026-09-24T10:00:00+00:00,2026-09-24T15:00:00+00:00,2026-09-24T12:00:00+00:00,reaction,1.8645600080490112,1.865769982337952,1.865599989891052,1.864482866040471,1.8678342375922143,0.0015428401708033,4,bull,False,,,2.596,0.197,closed,2.0,tp,m15,2026-09-24T12:00:00+00:00,-1.0,-1.0,False,1,1,1,1,0,FOREX,0,,0,prod,1,1,1,1,1,0.7842512217648696,0.2892610837438423,0.1404926108374384,0.5702463054187192,0.7842512217648696,0,0.7240697200666572,1.1926027199941638,1.3027842216923613,0.9154261313089378,1,1.1926027199941638,1,1.0500467097324708,0.3046603514698405,10,0.3111507064085842,2.2231783649104035,15,0,0.0,5,3.409290729965824,0,2,4,3.007429586675273,0,,,,,,,,,,,,,,,,,,1,1,1,1,1,1,1,1,0,tp,1,408,418,408,412,403,1.8691999912261963,0.0598801381129079,1.0,1.0,1.0,2026-09-24 12:00:00+00:00,150
BCH|W|bear|2023-04-10T00:00:00+00:00,BCH,W,bear,2023-04-10T00:00:00+00:00,2023-06-05T00:00:00+00:00,2023-05-08T00:00:00+00:00,reaction,124.0,136.1,125.5,136.89068047193558,102.71863905612884,15.813609438711929,4,bear,False,,,3.09,0.0,,,,,,,,,1,1,1,1,0,CRYPTO,0,,0,prod,1,1,1,1,1,0.7651637057874361,0.7355371900826454,0.1239669421487603,0.1404958677685941,0.7651637057874361,0,0.7203087009377532,0.9169317135469288,1.049728720336483,0.8734939759036157,1,0.9169317135469288,5,0.7904583737473516,0.0379420019398725,8,0.2655940135791103,1.0750233882963982,4,4,0.0,1,2.175341444552712,1,10,13,3.7499345250574367,0,,,,,,,,,,,,,,,,,,0,0,1,1,1,0,1,1,3,sl,0,176,184,180,180,180,107.0,9.076239419868989,0.0,1.0,,2023-05-08 00:00:00+00:00,7
EURAUD|H4|bear|2026-07-06T00:00:00+00:00,EURAUD,H4,bear,2026-07-06T00:00:00+00:00,2026-07-06T12:00:00+00:00,2026-07-06T12:00:00+00:00,reaction,1.6480300426483154,1.651270031929016,1.6496500372886658,1.6514296665409811,1.6460907787840346,0.0031926922393055,4,bear,False,,,2.899,0.0,,,,,,-1.0,1.0,False,1,1,1,1,0,FOREX,0,,0,prod,1,1,1,1,1,1.0148141561572457,0.5277971963648405,0.1975054269840686,0.2746973766510909,1.0148141561572457,1,0.5574070780786042,1.0304961880784362,1.2685270297393672,0.8123565079178195,1,1.0304961880784362,4,1.1087943331706671,0.1127612771476096,3,0.2662211609478332,0.5418888792196219,5,0,0.0,0,2.123608489327913,0,10,18,3.2919198674566226,0,,,,,,,,,,,,,,,,,,1,0,1,1,1,0,1,1,2,tp,1,386,389,386,389,384,1.646299958229065,0.1078791993507015,1.0,1.0,,2026-07-06 12:00:00+00:00,71
BCH|D|bear|2026-05-06T00:00:00+00:00,BCH,D,bear,2026-05-06T00:00:00+00:00,2026-05-13T00:00:00+00:00,2026-05-10T00:00:00+00:00,reaction,458.5,489.3,473.9,490.0032466436728,441.6935067126543,14.06493287345616,4,bear,True,,,2.354,0.0,,,,,,,-1.0,,1,1,1,1,0,CRYPTO,0,,0,prod,1,1,1,1,1,2.189843369827016,0.1363636363636359,0.0974025974025973,0.7662337662337667,2.189843369827016,1,1.144921684913509,1.1020315659843745,1.3793169277481832,0.7989690721649494,1,1.1020315659843745,1,0.8176363231496971,0.2843952428346772,7,0.2061865510551394,1.5286244302363905,9,0,0.0,2,4.216159475024091,0,1,5,3.938874113260282,1,,,,,,,,,,,,,,,,,,1,1,1,1,1,1,0,1,1,open,0,646,653,646,650,644,437.0,3.3980263016823877,,1.0,,2026-05-10 00:00:00+00:00,56
COPPER|D|bull|2025-07-07T04:00:00+00:00,COPPER,D,bull,2025-07-07T04:00:00+00:00,2025-07-08T04:00:00+00:00,2025-07-30T04:00:00+00:00,echec,4.956500053405762,5.002999782562256,5.002999782562256,4.949970339815415,5.109058668055937,0.1305942718069323,4,bull,False,,,11.786,9.627,,,,,,,1.0,,1,1,1,1,0,METAUX,0,,0,prod,1,1,1,1,1,0.3560625478676301,0.3978485802475466,0.0,0.6021514197524535,0.3560625478676301,0,0.4060625478676282,5.183994951763497,5.325653930911957,0.9734006413135066,1,5.183994951763497,1,5.19931210044839,3.0208082646070205,1,3.702306365546361,1.213684125318174,4,1,0.0536008921797923,0,5.325653930911957,0,2,2,3.2620122794160857,0,17.0,16.0,6.830316414512966,4.0,1.7075791036282415,8.694867994687629,0.4326373374312953,1.0,1.0,1.3285426583767386,4.0,4.598211686491804,0.0,0.0,0.0,off,2.0,1,1,1,1,1,1,1,1,0,sl,0,484,485,485,501,481,5.161499977111816,1.0599529292740006,0.0,0.0,,2025-07-30 04:00:00+00:00,27
AUDNZD|W|bull|2024-06-09T23:00:00+00:00,AUDNZD,W,bull,2024-06-09T23:00:00+00:00,2024-07-07T23:00:00+00:00,2024-08-25T23:00:00+00:00,echec,1.069599986076355,1.0797100067138672,1.0779809951782229,1.0689753980277128,1.0959921894792424,0.0124917609728433,4,bull,True,,,3.229,9.599,,,,,,,-1.0,False,1,1,1,1,0,FOREX,0,,0,prod,1,1,1,1,1,0.809335101711524,0.5001002252119469,0.1710195851855345,0.3288801896025186,0.809335101711524,0,0.7209229483407281,1.1261828896470736,1.2078330816107072,0.932399440612482,1,1.1261828896470736,6,1.706723770656387,0.2081335538483927,4,0.4901683567110887,1.8460138830805568,9,0,0.0,0,3.3710192157552337,0,3,11,3.920898331128835,0,11.0,7.0,2.806653776000988,4.0,0.7016634440002469,0.9966553001750776,0.6768396289178017,1.0,0.0,0.2405607806240387,1.0,0.7926825087970149,0.0,0.0,0.0,off,6.0,1,0,1,1,1,1,1,1,1,sl,0,678,682,678,689,673,1.10276997089386,0.8354133505870354,0.0,0.0,,2024-08-25 23:00:00+00:00,16
AUDUSD|M5|bear|2026-10-07T06:55:00+00:00,AUDUSD,M5,bear,2026-10-07T06:55:00+00:00,2026-10-07T07:15:00+00:00,2026-10-07T07:25:00+00:00,echec,0.6973500847816467,0.6973987221717834,0.6973500847816467,0.6974048153818077,0.6972406235813249,0.0001218642004851,4,range,False,London,London,0.889,1.777,closed,-1.0,sl,m15,2026-10-07T07:30:00+00:00,-1.0,-1.0,True,1,0,1,1,1,FOREX,0,,0,prod,1,1,1,1,1,0.3991113874551216,1.0,0.0,0.0,0.3991113874551216,0,0.4491113874547102,0.0,0.398622280362652,0.0,0,0.0,0,1.1968450552728953,0.3991113874551216,4,0.7972445607253041,1.5959564427280168,6,0,0.0,1,3.191423778363564,0,3,4,3.9896465532738072,0,6.0,2.0,2.7923123909084424,2.0,1.3961561954542212,0.3991113874551216,0.3991113874551216,0.0,0.0,-0.3991113874551216,1.0,0.7982227749102432,1.0,1.0,0.0,London,2.0,0,1,1,1,1,1,1,1,1,sl,1,977,981,977,983,975,0.6971555948257446,0.0078483678937331,0.0,0.0,0.0,2026-10-07 07:25:00+00:00,332
BTC|M30|bear|2026-10-06T05:00:00+00:00,BTC,M30,bear,2026-10-06T05:00:00+00:00,2026-10-06T06:00:00+00:00,2026-10-06T07:30:00+00:00,reaction,85584.07,85749.11,85624.0,85760.25643064413,85351.48713871173,222.9286128826036,4,bear,False,,London,2.325,0.09,closed,-1.0,sl,m15,2026-10-06T07:45:00+00:00,1.0,1.0,False,1,1,1,1,0,CRYPTO,0,,0,prod,1,1,1,1,1,0.7403266806621422,0.3392510906447371,0.2419413475520756,0.4188075618031872,0.7403266806621422,0,0.6112110459140053,0.7250751615501266,0.8433641494867359,0.8597415031115575,1,1.1474076687261996,2,2.009432500420691,0.2947580355448134,2,0.272329330968216,1.169836373302797,5,0,0.0,0,2.7497591810828337,0,6,12,3.620755494607872,0,5.0,3.0,2.009432500420691,3.0,0.6698108334735636,1.4761676204090437,1.1113871691762942,1.0,0.0,-0.9469847646303402,0.0,1.2417876575842832,0.0,0.0,0.0,London,1.0,1,1,1,1,1,0,1,1,1,sl,1,777,779,777,782,774,85323.28,0.1591334563254864,0.0,1.0,0.0,2026-10-06 07:30:00+00:00,293
LINK|M30|bull|2026-10-04T07:00:00+00:00,LINK,M30,bull,2026-10-04T07:00:00+00:00,2026-10-04T07:30:00+00:00,2026-10-04T09:00:00+00:00,reaction,13.98,14.034,14.034,13.97681340090687,14.14837319818626,0.0637319818625975,4,range,False,London,London,2.151,0.017,closed,1.3989,time,m15,2026-10-04T09:00:00+00:00,1.0,1.0,True,1,0,1,1,1,CRYPTO,0,,0,prod,1,1,1,1,1,0.8472983017603494,0.6851851851851968,0.0,0.3148148148148032,0.8472983017603494,0,0.8972983017603533,1.584761638477696,1.8515036964392777,0.8559322033898354,1,1.584761638477696,1,1.0669682318463545,0.3765770230045842,1,0.2196699300860051,0.8002261738847728,4,0,0.0,0,1.8985758243148545,0,10,12,4.001130869423836,0,4.0,3.0,1.0669682318463545,2.0,0.5334841159231772,1.2238753247649614,0.7845354645928954,0.0,0.0,-0.8943704296359258,2.0,0.3138141858371581,0.0,0.0,0.0,London,6.0,1,1,1,1,1,0,1,1,1,tp,2,685,686,685,689,682,14.085,0.4074860987112041,1.0,1.0,1.0,2026-10-04 09:00:00+00:00,251
EURUSD|M5|bull|2026-10-06T14:35:00+00:00,EURUSD,M5,bull,2026-10-06T14:35:00+00:00,2026-10-06T14:55:00+00:00,2026-10-07T00:30:00+00:00,echec,1.125112533569336,1.1252391338348389,1.1252391338348389,1.1250953811289566,1.1255266392466037,0.0003430488075877,4,range,False,NY,,1.762,1.761,closed,-1.0,sl,m15,2026-10-07T00:30:00+00:00,-1.0,-1.0,False,1,0,1,1,1,FOREX,0,,0,prod,1,1,1,1,1,0.3690444703572744,1.0,0.0,0.0,0.3690444703572744,0,0.4190444703572015,0.3690444703572744,0.7377414412132709,0.5002355157795573,1,0.738436440215827,4,2.216004319650037,0.3690444703572744,4,0.3697394693598305,2.216004319650037,9,1,0.7377414412132709,0,3.6925297005804127,0,7,9,5.174267574029959,0,119.0,115.0,5.916179009258567,107.0,0.0552913926098931,0.3690444703572744,0.3690444703572744,1.0,0.0,0.3693919698585525,0.0,0.3690444703572744,0.0,0.0,0.0,off,2.0,0,1,1,1,0,0,1,1,3,sl,6,781,785,782,900,776,1.1259993314743042,0.0127753027387504,0.0,0.0,0.0,2026-10-07 00:30:00+00:00,320
XPDUSD|M5|bear|2026-10-07T02:30:00+00:00,XPDUSD,M5,bear,2026-10-07T02:30:00+00:00,2026-10-07T03:10:00+00:00,2026-10-07T04:15:00+00:00,reaction,1166.0,1167.0,1166.0,1167.0726768327388,1163.8546463345224,1.4535366547783015,4,bear,False,,,3.729,0.0,closed,2.0,tp,m15,2026-10-07T04:15:00+00:00,-1.0,-1.0,True,1,1,1,1,0,METAUX,1,"contact,reaction",2,prod,1,1,1,1,1,0.6879771464397804,1.0,0.0,0.0,0.6879771464397804,0,0.7379771464397061,0.0,0.0,,0,0.0,0,1.719942866099451,0.3439885732198902,4,0.6879771464397804,1.3759542928795607,6,1,0.3439885732198902,0,3.095897158979012,0,3,3,7.911737184057474,0,16.0,12.0,2.4079200125392317,10.0,0.2407920012539231,0.0,0.0,0.0,0.0,-0.0,0.0,0.3439885732198902,1.0,1.0,0.0,off,2.0,0,1,1,1,0,1,1,1,2,tp,1,887,891,888,903,885,1164.0,0.0919962978335169,1.0,1.0,1.0,2026-10-07 04:15:00+00:00,325
DOGE|M5|bull|2026-10-08T00:40:00+00:00,DOGE,M5,bull,2026-10-08T00:40:00+00:00,2026-10-08T00:50:00+00:00,2026-10-08T01:20:00+00:00,echec,0.08913,0.08923,0.08922,0.089123418470778,0.0894131630584438,0.0001316305844382,4,bull,False,,,1.967,1.346,closed,-1.0,sl,m15,2026-10-08T01:30:00+00:00,-1.0,1.0,False,1,1,1,1,0,CRYPTO,1,sl,1,prod,1,1,1,1,1,0.7597018612868052,0.6999999999999861,0.1000000000000971,0.1999999999999167,0.7597018612868052,0,0.7337316751580188,1.6713440948310136,1.8992546532169603,0.8800000000000466,1,1.6713440948310136,2,1.5953739087022594,0.607761489029402,2,0.303880744514701,1.1395527919301551,6,0,0.0,0,2.3550757699890648,0,4,4,5.925674518036933,0,8.0,6.0,3.646568934176517,3.0,1.215522978058839,2.4310459561177136,1.6713440948309082,1.0,1.0,1.5953739087022594,3.0,1.291493164187453,0.0,0.0,0.0,off,3.0,1,1,1,1,1,1,1,1,0,sl,0,1190,1192,1190,1198,1186,0.08938,0.1082509854538228,0.0,0.0,0.0,2026-10-08 01:20:00+00:00,357
BNB|W|bull|2023-03-06T00:00:00+00:00,BNB,W,bull,2023-03-06T00:00:00+00:00,2023-04-10T00:00:00+00:00,2023-06-05T00:00:00+00:00,echec,265.0,294.3,288.8,263.23079271479907,339.9384145704019,35.3841457040189,4,bull,True,,,0.637,2.362,,,,,,,,,1,1,1,1,0,CRYPTO,0,,0,prod,1,1,1,1,1,0.8280544695098332,0.0238907849829347,0.1877133105802047,0.7883959044368606,0.8280544695098332,0,0.7226176236974069,1.373496492087981,1.7013269305287348,0.8073089700996674,1,1.373496492087981,1,1.4695847240447546,0.613269009841753,5,0.039565742570435,1.4695847240447546,4,1,0.0,3,1.8058935358934571,1,6,14,5.038979928791918,0,13.0,8.0,1.574151329409477,8.0,0.1967689161761846,2.167637467966013,1.969808755113835,1.0,1.0,0.2006548373214959,1.0,0.3023953182169011,0.0,0.0,1.0,off,0.0,1,1,1,0,1,0,0,1,3,sl,0,278,283,279,291,279,346.3,8.853603630609745,0.0,0.0,,2023-06-05 00:00:00+00:00,8
USDCHF|H4|bull|2026-08-31T20:00:00+00:00,USDCHF,H4,bull,2026-08-31T20:00:00+00:00,2026-09-01T00:00:00+00:00,2026-09-03T04:00:00+00:00,reaction,0.8065999746322632,0.8087199926376343,0.8076599836349487,0.8065149159762616,0.809950118952323,0.001701173120032,4,bull,True,,,3.843,0.0,closed,-0.6026,time,h1,2026-09-03T12:00:00+00:00,1.0,1.0,True,1,1,1,1,0,FOREX,0,,0,prod,1,1,1,1,1,1.2462094424176775,0.0141700404858299,0.1980994152046783,0.7877305443094916,1.2462094424176775,1,0.6731047212088447,0.9052607221026072,1.2168130827070265,0.7439603789340321,1,0.9052607221026072,4,1.2814570441684698,0.1998532011794431,1,0.0058512420401414,0.658387360337117,8,0,0.0,0,1.939844404505587,0,7,7,4.367584290502013,0,14.0,13.0,4.085428289608244,5.0,0.8170856579216489,2.2043766045239592,1.669460962447073,1.0,1.0,0.6289910006264661,1.0,1.9045617653773088,0.0,0.0,0.0,off,3.0,0,0,1,0,1,0,0,1,5,sl,0,639,640,639,653,632,0.8098400235176086,0.1417759554625545,0.0,1.0,0.0,2026-09-03 04:00:00+00:00,102
XPTUSD|W|bear|2022-08-08T04:00:00+00:00,XPTUSD,W,bear,2022-08-08T04:00:00+00:00,2022-08-29T04:00:00+00:00,2022-10-03T04:00:00+00:00,reaction,931.9000244140624,958.2999877929688,937.2999877929688,960.7585772265048,890.3828089258964,49.17178867072343,4,bear,False,,,2.016,0.541,,,,,,,,,1,1,1,1,0,METAUX,0,,0,prod,1,1,1,1,1,0.5368924762060694,0.795455648880905,0.204544351119095,0.0,0.5368924762060694,0,0.4770741530397751,0.927360521523746,0.927360521523746,1.0,1,0.927360521523746,3,2.601085457162012,1.151067271522564,3,0.2745476698112837,2.06012535981711,7,0,0.0,0,3.1379779333680813,0,3,10,4.348022608244475,0,8.0,5.0,2.601085457162012,5.0,0.5202170914324025,1.1185275436756006,0.6955210117746585,1.0,0.0,-0.1220211865827927,1.0,1.2588524047512917,0.0,0.0,0.0,off,0.0,0,1,1,1,1,1,1,1,1,tp,1,582,585,582,590,578,830.5999755859375,2.5027834993120406,1.0,1.0,,2022-10-03 04:00:00+00:00,1
XRP|M5|bear|2026-10-07T11:10:00+00:00,XRP,M5,bear,2026-10-07T11:10:00+00:00,2026-10-07T11:35:00+00:00,2026-10-07T12:10:00+00:00,reaction,1.4514,1.4526,1.4517,1.4527630923979211,1.4495738152041573,0.0032618479584271,4,bear,False,,,4.233,0.094,closed,2.0,tp,m15,2026-10-07T12:15:00+00:00,-1.0,1.0,False,1,1,1,1,0,CRYPTO,0,,0,prod,1,1,1,1,1,0.3678896181839468,0.6666666666666666,0.25,0.0833333333333333,0.3678896181839468,0,0.3259172136379875,1.3182711318259457,1.348928600007941,0.9772727272727296,1,1.3182711318259457,2,2.2686526454679443,1.0116964500059895,5,0.27591721363796,2.146022772739962,11,0,0.0,1,3.280349095473866,0,7,14,4.721250100027862,0,12.0,7.0,3.065746818199897,5.0,0.6131493636399794,1.410243536371932,1.1036688545519766,1.0,0.0,0.8890665772779395,1.0,1.1036688545519766,0.0,0.0,0.0,off,2.0,1,1,1,1,1,0,1,1,1,tp,1,1028,1033,1028,1040,1022,1.4444,0.0732308602274127,1.0,1.0,1.0,2026-10-07 12:10:00+00:00,340
GBPUSD|H4|bull|2026-08-19T08:00:00+00:00,GBPUSD,H4,bull,2026-08-19T08:00:00+00:00,2026-08-20T08:00:00+00:00,2026-08-28T12:00:00+00:00,echec,1.354866623878479,1.3565576076507568,1.3555645942687988,1.354752453907031,1.3571888749923344,0.0022833994289604,4,bull,False,,,3.696,2.959,closed,-1.0,sl,h1,2026-08-28T14:00:00+00:00,-1.0,1.0,False,1,1,1,1,0,FOREX,0,,0,prod,1,1,1,1,1,0.7405553977245531,0.1195629185759605,0.5872400422982024,0.2931970391258371,0.7405553977245531,0,0.3556716146406034,2.2858807253697258,3.3250075943376145,0.6874813547080344,1,2.2858807253697258,2,2.7935409782758627,1.1061605757481727,6,0.1301518933047099,2.7935409782758627,5,1,0.0,1,4.629450115842421,1,5,11,3.3446896094903926,0,44.0,38.0,4.80972066842211,32.0,0.1503037708881909,2.3670103050710973,1.4272854436652491,1.0,1.0,0.5177361916978775,3.0,0.8474229972410959,0.0,0.0,0.0,off,4.0,1,1,1,1,1,1,0,1,1,sl,0,586,592,587,630,587,1.3629363775253296,0.0599115944161903,0.0,0.0,0.0,2026-08-28 12:00:00+00:00,93
AUDNZD|H4|bull|2026-08-11T16:00:00+00:00,AUDNZD,H4,bull,2026-08-11T16:00:00+00:00,2026-08-13T00:00:00+00:00,2026-08-17T00:00:00+00:00,reaction,1.1997300386428833,1.200850009918213,1.200659990310669,1.199594768412304,1.2027904341073987,0.002705404611586,4,bull,False,,,2.028,0.723,,,,,,1.0,1.0,True,1,1,1,1,0,FOREX,0,,0,prod,1,1,1,1,1,0.4139755179440635,0.0178818520489622,0.1696647152740819,0.8124534326769558,0.4139755179440635,0,0.3937384795616215,0.2735455045659123,1.448936344497567,0.1887905604719764,1,0.4731085828808313,6,1.2382692927369956,0.0628343894186519,8,0.720788879460244,2.1142934835029275,4,5,0.0,1,2.6502364558024105,1,9,11,2.827679713999403,0,21.0,13.0,3.444963698126959,12.0,0.2870803081772465,1.0829899180446187,0.2698441800840282,1.0,0.0,-0.0813410118280725,0.0,0.724490203942128,0.0,0.0,0.0,off,0.0,0,0,1,1,1,0,0,1,4,tp,1,551,559,556,572,555,1.206570029258728,0.0887196964137418,1.0,1.0,,2026-08-17 00:00:00+00:00,85
EURUSD|H4|bear|2026-07-20T04:00:00+00:00,EURUSD,H4,bear,2026-07-20T04:00:00+00:00,2026-07-21T16:00:00+00:00,2026-07-23T04:00:00+00:00,reaction,1.1437721252441406,1.145213007926941,1.1445575952529907,1.1452906060396495,1.1430915736796727,0.0015519622541781,4,bear,False,,,2.854,0.0,,,,,,1.0,-1.0,False,1,1,1,1,0,FOREX,0,,0,prod,1,1,1,1,1,0.9284263705004072,0.0909241333664267,0.5451311326218251,0.3639447340117481,0.9284263705004072,0,0.4723122515934784,1.0119978018815972,1.0962605410591388,0.923136210762332,1,1.0119978018815972,2,2.0174665856865386,0.3369741447327944,9,0.1676805466039868,2.0174665856865386,7,2,0.0,2,1.9318980428936656,1,9,14,4.7280844551817705,0,18.0,9.0,2.5202009775890097,8.0,0.3150251221986262,0.9262756351339796,0.2524809696231355,0.0,0.0,1.00923257069619,1.0,0.3369741447327944,0.0,0.0,0.0,off,3.0,1,1,1,1,1,0,0,1,2,sl,0,449,458,451,467,451,1.1406410932540894,0.0640431542894065,0.0,1.0,,2026-07-23 04:00:00+00:00,77
LTC|M15|bear|2026-10-05T14:15:00+00:00,LTC,M15,bear,2026-10-05T14:15:00+00:00,2026-10-05T15:30:00+00:00,2026-10-05T15:15:00+00:00,reaction,71.47,71.76,71.57,71.78011738156741,71.14976523686516,0.402347631348183,4,bull,False,NY,NY,2.046,0.0,unfilled,,,m15,,1.0,1.0,False,1,0,1,1,1,CRYPTO,0,,0,prod,1,1,1,1,1,0.7207697458744239,0.0344827586207065,0.3448275862068695,0.6206896551724239,0.7207697458744239,0,0.522228454193591,1.0935816833956484,1.814351429270072,0.6027397260273909,1,1.0935816833956484,2,1.5409560084211602,0.347957808353164,5,1.5906642667573163,1.5409560084211602,4,1,0.0,2,3.6038487293720487,1,1,1,4.225201958574125,0,,,,,,,,,,,,,,,,,,1,1,1,1,1,1,0,1,1,open,0,696,701,697,700,697,70.85,0.2935830397756245,,1.0,,2026-10-05 15:15:00+00:00,280
XRP|M15|bear|2026-10-05T14:00:00+00:00,XRP,M15,bear,2026-10-05T14:00:00+00:00,2026-10-05T14:30:00+00:00,2026-10-05T22:00:00+00:00,reaction,1.5117,1.5207,1.5162,1.5210304372066754,1.5065391255866492,0.0066087441335084,4,bear,False,NY,,2.153,0.0,closed,-1.0,sl,m15,2026-10-06T13:30:00+00:00,1.0,1.0,False,1,1,1,0,1,CRYPTO,0,,0,prod,1,1,1,1,1,1.3618321148744406,0.5,0.4222222222222299,0.0777777777777701,1.3618321148744406,1,0.7309160574372274,1.376963582817522,1.6493300057924167,0.8348623853211007,1,1.376963582817522,3,2.526955146489259,0.090788807658287,2,0.4539440382914689,0.756573397152493,8,1,0.151314679430512,0,3.4348432230722308,0,9,19,2.315114595286589,0,32.0,30.0,3.888787261363733,22.0,0.1767630573347151,1.05920275601345,0.953282480412115,1.0,0.0,0.5447328459497897,3.0,0.5447328459497897,0.0,0.0,0.0,off,0.0,1,0,1,1,0,0,1,1,3,sl,3,695,697,696,727,689,1.5067,0.3185883924729863,0.0,1.0,0.0,2026-10-05 22:00:00+00:00,287
XAGUSD|M30|bear|2026-09-23T13:00:00+00:00,XAGUSD,M30,bear,2026-09-23T13:00:00+00:00,2026-09-23T13:30:00+00:00,2026-09-25T10:30:00+00:00,reaction,65.44499969482422,65.86000061035156,65.65250015258789,65.87730418613978,65.20289208548411,0.3460715157645089,4,range,False,NY,,2.391,0.0,unfilled,,,m15,,-1.0,-1.0,True,1,0,1,1,1,METAUX,0,,0,prod,1,1,1,1,1,1.1991767499574832,0.2650611269418145,0.6144498575236694,0.120489015534516,1.1991767499574832,1,0.6495883749787228,2.196084050868916,2.86067422099886,0.7676805819930488,1,2.196084050868916,1,1.6903994053955316,0.4189788424109195,1,0.7223940388382537,0.4334408324462556,4,0,0.0,0,2.889576155353015,0,10,10,5.591344851695316,0,87.0,86.0,5.605773773155875,37.0,0.1515073992744831,0.693514150200616,0.1444655803377403,1.0,0.0,1.1558348712845092,2.0,0.2311713834002053,0.0,0.0,0.0,off,4.0,1,1,1,1,1,0,1,1,1,nofill,0,380,381,380,467,377,65.29499816894531,0.3424150383144692,,1.0,,2026-09-25 10:30:00+00:00,162
BTC|M15|bull|2026-10-05T00:15:00+00:00,BTC,M15,bull,2026-10-05T00:15:00+00:00,2026-10-05T01:15:00+00:00,2026-10-05T01:00:00+00:00,reaction,86266.0,86489.54,86359.99,86254.67865474784,86570.61269050433,226.4269050431106,4,bull,False,,,3.741,0.0,closed,-1.0,sl,m15,2026-10-05T03:15:00+00:00,1.0,1.0,True,1,1,1,1,0,CRYPTO,0,,0,prod,1,1,1,1,1,0.98725016780772,0.3846738838686933,0.5795383376576544,0.0357877784736522,0.98725016780772,0,0.4651008467042111,1.536919828205674,1.881446023028423,0.8168822328114465,1,1.536919828205674,4,1.168014905073438,0.1345246493309042,4,0.6389258377773338,1.371126809956159,8,1,0.2914847950045244,0,3.5292184020616006,0,8,8,6.23609636730742,0,,,,,,,,,,,,,,,,,,1,0,1,1,0,0,1,1,3,sl,2,640,644,641,643,636,86800.0,0.1219446010266614,0.0,1.0,0.0,2026-10-05 01:00:00+00:00,256
EURJPY|H1|bear|2026-09-22T06:00:00+00:00,EURJPY,H1,bear,2026-09-22T06:00:00+00:00,2026-09-22T08:00:00+00:00,2026-09-24T09:00:00+00:00,reaction,180.59800720214844,180.72999572753903,180.63299560546875,180.7408177611057,180.41735129419493,0.2164406713322186,4,bull,False,London,London,2.421,0.0,closed,0.677,time,m15,2026-09-24T11:15:00+00:00,1.0,-1.0,False,1,0,1,1,1,FOREX,0,,0,prod,1,1,1,1,1,0.6098138791485889,0.5227745664739885,0.2650867052023121,0.2121387283236994,0.6098138791485889,0,0.4981603271383869,0.6514786193308797,1.261362997193821,0.5164878157835904,1,2.222330972531904,3,3.927201381716912,0.1524887191443234,2,0.2772009448337862,2.125324741582949,11,1,0.4251072475452012,0,4.962122508410702,0,5,13,3.067822053760693,1,51.0,49.0,5.0822523176672565,7.0,0.7260360453810366,1.118109609629667,0.8825029062638191,1.0,0.0,1.7510470670858556,1.0,1.0442269569883118,0.0,0.0,0.0,London,3.0,1,0,1,1,0,1,1,1,2,sl,3,573,575,574,624,564,180.13800048828125,0.0596912846822354,0.0,1.0,1.0,2026-09-24 09:00:00+00:00,149
GBPUSD|M5|bull|2026-10-07T06:20:00+00:00,GBPUSD,M5,bull,2026-10-07T06:20:00+00:00,2026-10-07T06:30:00+00:00,2026-10-07T07:15:00+00:00,echec,1.3243980407714844,1.3246612548828125,1.3245296478271484,1.3243866419755022,1.324815659530441,0.0002279759196422,4,bear,False,London,London,0.0,1.656,closed,-1.0,sl,m15,2026-10-07T07:15:00+00:00,-1.0,-1.0,False,1,0,1,1,1,FOREX,0,,0,prod,1,1,1,1,1,1.154569797289178,1.0,0.0,0.0,1.154569797289178,1,0.6272848986450701,1.7705495170385672,1.7705495170385672,1.0,1,1.7705495170385672,2,3.465801003819145,0.6154568167614867,2,1.1556156032649834,1.8474162562602647,16,1,0.3079898598746947,0,4.465591516689122,0,5,5,3.4642322948554365,0,11.0,9.0,3.619534482262541,1.0,3.619534482262541,0.8460570344265805,0.7697131981927853,0.0,0.0,1.4630825601517754,1.0,1.3856929179421746,1.0,0.0,0.0,London,2.0,1,1,1,1,0,1,1,1,1,sl,0,970,972,971,981,956,1.3250824213027954,0.0107967271159901,0.0,0.0,0.0,2026-10-07 07:15:00+00:00,330
DOT|M15|bear|2026-10-05T07:45:00+00:00,DOT,M15,bear,2026-10-05T07:45:00+00:00,2026-10-05T12:30:00+00:00,2026-10-05T20:15:00+00:00,echec,1.233,1.24,1.234,1.2403927029018924,1.2212145941962151,0.007854058037847,4,bull,True,London,,1.721,1.877,closed,-1.0,sl,m15,2026-10-05T20:15:00+00:00,1.0,1.0,False,1,0,1,1,1,CRYPTO,0,,0,prod,1,1,1,1,1,0.8912590111084433,0.1428571428571609,0.1428571428571292,0.7142857142857097,0.8912590111084433,0,0.8139362952358287,0.2546454317452735,0.5092908634905471,0.5,1,0.7639362952358206,7,1.2732271587263675,0.2546454317452735,19,0.5092908634905471,3.5650360444338296,28,0,0.0,5,5.092908634905471,0,5,5,4.583617771414924,1,50.0,31.0,6.238813077759216,23.0,0.2712527425112703,2.1644861698348112,1.1459044428537168,1.0,1.0,-0.0,2.0,1.4005498745990186,0.0,0.0,0.0,off,0.0,0,1,0,1,1,1,0,1,3,sl,1,670,689,670,720,661,1.205,0.518047236782206,0.0,0.0,0.0,2026-10-05 20:15:00+00:00,283
NZDUSD|M5|bear|2026-10-07T00:45:00+00:00,NZDUSD,M5,bear,2026-10-07T00:45:00+00:00,2026-10-07T01:00:00+00:00,2026-10-07T01:05:00+00:00,echec,0.5619556307792664,0.5620504021644592,0.5619556307792664,0.562055610689983,0.5617556709578331,0.0001041705104757,4,bear,False,,,0.632,1.895,closed,-1.0,sl,m15,2026-10-07T01:15:00+00:00,-1.0,-1.0,True,1,1,1,1,0,FOREX,0,,0,prod,1,1,1,1,1,0.9097717267588524,1.0,0.0,0.0,0.9097717267588524,0,0.9597717267586854,0.9097717267588524,1.5157140277888048,0.6002265005662514,1,0.9097717267588524,1,1.5157140277888048,0.3032572422529507,3,0.3026850587770018,0.9097717267588524,4,1,0.6059423010299526,2,3.0314280555776096,0,2,2,7.890982316812159,0,4.0,1.0,1.5157140277888048,1.0,1.5157140277888048,0.6065144845059015,0.6065144845059015,1.0,0.0,-2.1222285122947064,0.0,1.212456785535854,0.0,0.0,0.0,off,2.0,0,1,1,1,0,1,1,1,2,sl,5,903,906,904,907,902,0.5618608593940735,0.0177914243119155,0.0,0.0,0.0,2026-10-07 01:05:00+00:00,321
BCH|M15|bear|2026-10-05T06:00:00+00:00,BCH,M15,bear,2026-10-05T06:00:00+00:00,2026-10-05T09:00:00+00:00,2026-10-05T06:45:00+00:00,echec,319.3,320.0,319.4,320.065850249897,318.068299500206,1.3170049979391427,4,bear,False,London,London,1.802,1.201,closed,-1.0,sl,m15,2026-10-05T06:45:00+00:00,1.0,1.0,False,1,1,1,0,1,CRYPTO,0,,0,prod,1,1,1,1,1,0.5315089928248965,0.2857142857143553,0.1428571428570964,0.5714285714285482,0.5315089928248965,0,0.505579136707098,0.8352284172962967,1.442667266239011,0.5789473684210715,1,0.8352284172962967,2,0.8352284172962967,0.0759298561178608,12,0.0759298561178608,2.5056852518888477,18,1,0.3037194244713571,3,3.56870323753864,0,5,13,4.479861510952754,0,,,,,,,,,,,,,,,,,,0,0,0,0,0,1,1,1,5,sl,1,663,675,664,666,657,316.0,0.2084690826227317,0.0,0.0,0.0,2026-10-05 06:45:00+00:00,269
CADJPY|H4|bull|2026-08-17T04:00:00+00:00,CADJPY,H4,bull,2026-08-17T04:00:00+00:00,2026-08-17T12:00:00+00:00,2026-08-18T16:00:00+00:00,echec,114.61799621582033,114.7750015258789,114.73899841308594,114.6073122426237,115.0023707540104,0.2136794639321395,4,bull,False,,,1.23,1.306,,,,,,1.0,1.0,True,1,1,1,1,0,FOREX,0,,0,prod,1,1,1,1,1,0.7347702356107353,0.2037999902813548,0.2293114339861023,0.5668885757325429,0.7347702356107353,0,0.6162790192325276,0.7908982695472763,0.9499991087465296,0.8325252753034915,1,0.7908982695472763,3,1.221463130387446,0.285460325268858,2,0.0561637387927346,0.514792616601175,6,0,0.0,0,1.9187789718509605,0,7,7,4.937303219324948,0,9.0,7.0,1.9889390142716368,2.0,0.9944695071358184,0.776866261063141,0.1731328476833886,1.0,0.0,0.5428923384256392,2.0,0.5568886420535808,0.0,0.0,0.0,off,1.0,0,1,1,0,1,0,0,1,4,sl,4,573,575,573,582,569,114.88500213623048,0.1147701934682501,0.0,0.0,,2026-08-18 16:00:00+00:00,87
LTC|M15|bull|2026-10-05T12:30:00+00:00,LTC,M15,bull,2026-10-05T12:30:00+00:00,2026-10-05T14:00:00+00:00,2026-10-05T15:30:00+00:00,echec,70.47,70.73,70.71,70.45592487599208,71.21815024801582,0.2815024801583966,4,bull,False,NY,,3.188,2.283,closed,-1.0,sl,m15,2026-10-05T15:30:00+00:00,1.0,1.0,True,1,1,1,0,1,CRYPTO,0,,0,prod,1,1,1,1,1,0.9236153083045934,0.1538461538461202,0.0769230769231147,0.769230769230765,0.9236153083045934,0,0.9025679768965024,0.4618076541522714,0.9591389740085832,0.4814814814814717,1,0.4618076541522714,3,1.3854229624568648,0.2131419942241408,6,1.5985649566810056,1.3498992967528245,9,0,0.0,1,4.014174224554483,0,8,9,4.2628398844826645,0,12.0,6.0,3.6589375675142826,5.0,0.7317875135028565,4.937789532859077,4.511505544410846,1.0,1.0,-1.243328299640754,0.0,2.699798593505649,0.0,0.0,1.0,off,0.0,0,0,1,1,1,0,0,1,4,sl,0,689,695,689,701,686,71.11,0.359319932128287,0.0,0.0,0.0,2026-10-05 15:30:00+00:00,273
GBPJPY|H4|bull|2026-08-17T04:00:00+00:00,GBPJPY,H4,bull,2026-08-17T04:00:00+00:00,2026-08-17T12:00:00+00:00,2026-08-19T04:00:00+00:00,echec,215.4019927978516,215.66400146484372,215.5959930419922,215.38413540980025,216.0197083063761,0.3571477610264884,4,bull,False,,,1.35,3.668,closed,-1.0,sl,h1,2026-08-19T12:00:00+00:00,1.0,1.0,True,1,1,1,1,0,FOREX,0,,0,prod,1,1,1,1,1,0.7336141944139339,0.0496185428920854,0.2595655465610622,0.6908159105468522,0.7336141944139339,0,0.5931932250758911,0.7783889702421212,0.991197327494221,0.7853017241379311,1,0.7783889702421212,2,1.3747736036253897,0.2184052042306231,2,0.5543869190329745,0.6439791947120859,6,0,0.0,0,1.9908112874675956,0,6,6,3.894721912688499,0,12.0,10.0,1.5455842465271954,6.0,0.2575973744211992,0.6271886537765157,0.1400066225085587,1.0,0.0,0.9015623277923728,3.0,0.4116032350465226,0.0,0.0,0.0,off,2.0,0,0,1,1,1,0,0,1,4,sl,0,573,575,573,585,569,215.8939971923828,0.0982660341700656,0.0,0.0,0.0,2026-08-19 04:00:00+00:00,88
XPDUSD|H1|bull|2026-09-09T12:00:00+00:00,XPDUSD,H1,bull,2026-09-09T12:00:00+00:00,2026-09-09T14:00:00+00:00,2026-09-09T23:00:00+00:00,echec,1344.0,1364.5,1354.25,1343.457662208947,1375.834675582105,10.84675582105286,4,range,True,NY,,1.969,2.525,closed,-0.8571,time,h1,2026-09-10T10:00:00+00:00,-1.0,1.0,False,1,0,1,1,1,METAUX,0,,0,prod,1,1,1,1,1,1.8899660265432368,0.1463414634146341,0.073170731707317,0.7804878048780488,1.8899660265432368,1,0.99498301327162,1.4289987029961058,2.350933350090368,0.6078431372549019,1,1.4289987029961058,2,2.350933350090368,1.0602248441584012,2,0.6914509853206964,1.1524183088678273,7,0,0.0,0,4.240899376633605,0,7,15,3.042384335411064,1,10.0,8.0,2.350933350090368,8.0,0.2938666687612959,0.7375477176754095,0.3687738588377047,1.0,0.0,0.1843869294188523,0.0,0.6453542529659833,0.0,0.0,0.0,off,2.0,1,1,1,1,1,0,0,1,2,sl,1,379,381,379,389,374,1377.0,0.7969235954257087,0.0,0.0,0.0,2026-09-09 23:00:00+00:00,108
BNB|M5|bear|2026-10-06T13:50:00+00:00,BNB,M5,bear,2026-10-06T13:50:00+00:00,2026-10-06T14:15:00+00:00,2026-10-06T14:55:00+00:00,echec,785.51,786.24,785.65,786.2903127264823,784.3693745470354,1.0062545296450345,4,bear,False,NY,NY,0.875,1.905,closed,-1.0,sl,m15,2026-10-06T15:00:00+00:00,1.0,1.0,False,1,1,1,0,1,CRYPTO,0,,0,prod,1,1,1,1,1,0.7254625728318784,0.4520547945205928,0.1917808219177847,0.3561643835616225,0.7254625728318784,0,0.6363327643436132,1.1031006244429793,1.381360241419669,0.798561151079089,1,1.1031006244429793,3,2.1366363446417576,0.298135303903459,5,0.3577623646841056,1.6993712322500103,12,0,0.0,1,3.617375020695838,0,5,10,2.5043365527895305,0,13.0,8.0,2.8919124478639597,8.0,0.3614890559829949,1.0136600332718964,0.9341572855643676,1.0,0.0,0.6260841381973544,1.0,0.3776380516111008,0.0,0.0,0.0,NY,1.0,1,1,1,1,1,1,1,1,0,sl,1,772,777,772,785,765,783.8,0.0815010152717249,0.0,0.0,0.0,2026-10-06 14:55:00+00:00,306
XPDUSD|H1|bear|2026-09-11T13:00:00+00:00,XPDUSD,H1,bear,2026-09-11T13:00:00+00:00,2026-09-13T23:00:00+00:00,2026-09-16T04:00:00+00:00,reaction,1328.0,1339.5,1333.75,1339.975103007018,1321.2997939859642,9.502060140359337,4,range,False,NY,,2.048,0.0,closed,1.5662,time,h1,2026-09-16T07:00:00+00:00,-1.0,-1.0,True,1,0,1,1,1,METAUX,0,,0,prod,1,1,1,1,1,1.2102638617445238,0.4347826086956521,0.4347826086956521,0.1304347826086956,1.2102638617445238,1,0.6551319308722526,1.0524033580387162,1.3155041975483954,0.8,1,1.0524033580387162,2,1.157643693842588,0.0526201679019358,9,0.1578605037058074,2.6836285629987264,10,0,0.0,2,4.209613432154865,0,2,2,5.682978133409068,0,60.0,51.0,4.841055446978095,41.0,0.1180745230970267,0.4209613432154865,0.1052403358038716,0.0,0.0,1.2102638617445238,2.0,0.263100839509679,0.0,0.0,0.0,off,2.0,1,0,1,1,1,1,1,1,1,tp,1,426,435,426,486,425,1302.5,0.4667368702543864,1.0,1.0,1.0,2026-09-16 04:00:00+00:00,118
XRP|M15|bull|2026-10-05T00:15:00+00:00,XRP,M15,bull,2026-10-05T00:15:00+00:00,2026-10-05T01:15:00+00:00,2026-10-05T01:45:00+00:00,reaction,1.5137,1.52,1.51685,1.513438000635668,1.523673998728664,0.0052399872866421,4,bull,False,,,2.125,0.0,closed,-1.0,sl,m15,2026-10-05T03:00:00+00:00,1.0,1.0,True,1,1,1,1,0,CRYPTO,0,,0,prod,1,1,1,1,1,1.2022929933551596,0.698412698412695,0.2380952380952481,0.0634920634920567,1.2022929933551596,1,0.6511464966775634,1.2022929933551596,1.583973308706006,0.7590361445783123,1,1.2022929933551596,4,1.0877888987499185,0.0381680315350803,4,0.3435122838157659,1.2977130721928607,7,1,0.2099241734429845,0,3.511458901227778,0,9,9,5.896960872170557,0,6.0,2.0,2.0992417344296337,2.0,1.0496208672148168,0.8396966937718535,0.3244282680482258,1.0,0.0,0.1526721261403215,1.0,0.4198483468859267,0.0,0.0,0.0,off,0.0,1,0,1,1,0,0,1,1,3,sl,1,640,644,641,646,637,1.5268,0.2249398005295189,0.0,1.0,0.0,2026-10-05 01:45:00+00:00,258
XPDUSD|H1|bull|2026-09-16T01:00:00+00:00,XPDUSD,H1,bull,2026-09-16T01:00:00+00:00,2026-09-16T02:00:00+00:00,2026-09-16T08:00:00+00:00,reaction,1308.5,1317.5,1313.0,1308.0866298510057,1322.826740297989,8.267402979890019,4,bull,False,,London,2.442,0.0,closed,0.3053,time,h1,2026-09-16T12:00:00+00:00,-1.0,-1.0,False,1,1,1,1,0,METAUX,0,,0,prod,1,1,1,1,1,1.0886127145237727,0.7222222222222222,0.2777777777777778,0.0,1.0886127145237727,1,0.5943063572618916,1.330526651084611,1.5119621035052395,0.88,1,1.330526651084611,2,1.3910051352248205,0.4838278731216767,1,0.3628709048412575,0.1814354524206287,4,0,0.0,0,1.814354524206288,0,7,10,4.4149293422353,0,7.0,6.0,1.9957899766269165,1.0,1.9957899766269165,1.028134230383563,0.3628709048412575,1.0,0.0,0.1209569682804191,1.0,0.7862202938227246,0.0,0.0,0.0,London,2.0,1,1,1,1,1,0,1,1,1,tp,2,483,484,483,490,480,1319.0,0.3742094553689676,1.0,1.0,1.0,2026-09-16 08:00:00+00:00,119
LTC|M15|bull|2026-10-05T11:00:00+00:00,LTC,M15,bull,2026-10-05T11:00:00+00:00,2026-10-05T11:30:00+00:00,2026-10-05T12:15:00+00:00,reaction,70.33,70.65,70.49000000000001,70.31769456225818,70.83461087548366,0.2461087548363579,4,bull,True,,,2.67,0.0,closed,2.0,tp,m15,2026-10-05T12:30:00+00:00,1.0,1.0,True,1,1,1,1,0,CRYPTO,0,,0,prod,1,1,1,1,1,1.3002381821515496,0.1562499999999875,0.0312500000000152,0.8124999999999972,1.3002381821515496,1,0.7001190910757947,0.6907515342680016,0.853281307036967,0.809523809523787,1,1.259605738959236,2,1.869092386842784,0.325059545537873,2,1.0970759661903284,0.6094866478834902,4,0,0.0,0,3.006800796225368,0,5,8,4.185141648800208,0,5.0,3.0,1.869092386842784,2.0,0.934546193421392,1.7878275004583302,0.8939137502292228,1.0,1.0,-0.7313839774601997,0.0,1.1783408525747825,0.0,0.0,0.0,off,0.0,1,1,1,1,1,1,0,1,1,tp,2,683,685,683,688,681,70.8,0.2444395485059249,1.0,1.0,1.0,2026-10-05 12:15:00+00:00,273
COPPER|M5|bear|2026-10-07T06:10:00+00:00,COPPER,M5,bear,2026-10-07T06:10:00+00:00,2026-10-07T06:25:00+00:00,2026-10-07T07:25:00+00:00,echec,6.629499912261963,6.631999969482422,6.629499912261963,6.632228709902717,6.624042316980455,0.0045748084058897,4,bear,False,London,London,1.466,1.466,closed,-1.0,sl,m15,2026-10-07T07:30:00+00:00,-1.0,1.0,False,1,1,1,0,1,METAUX,1,"contact,sl",2,prod,1,1,1,1,1,0.5464834805410289,0.2000762921991226,0.0,0.7999237078008774,0.5464834805410289,0,0.596483480541086,0.3278067034715879,1.0928627300157712,0.2999523128278493,0,1.4207736645536455,0,3.060224106176733,0.5464834805410289,3,1.0929669610820578,1.9672571450946748,5,0,0.0,1,3.606707586717761,0,7,12,3.606707586717761,0,15.0,12.0,6.666931692894494,5.0,1.3333863385788989,1.7486845990915203,0.5463792494747423,1.0,1.0,0.4371450920063084,1.0,1.0929669610820578,0.0,0.0,0.0,London,2.0,1,1,1,1,1,0,0,1,2,sl,0,955,958,955,970,953,6.620500087738037,0.0411614401820344,0.0,0.0,0.0,2026-10-07 07:25:00+00:00,331
ETH|M15|bear|2026-10-06T18:00:00+00:00,ETH,M15,bear,2026-10-06T18:00:00+00:00,2026-10-06T19:00:00+00:00,2026-10-06T22:00:00+00:00,reaction,2699.28,2702.63,2699.29,2702.9537885852687,2691.9624228294624,6.475771705373688,4,bear,False,,,4.1,0.341,closed,0.7288,time,m15,2026-10-06T22:00:00+00:00,-1.0,1.0,False,1,1,1,1,0,CRYPTO,1,"contact,reaction",2,prod,1,1,1,1,1,0.5173128628391935,0.4029850746268494,0.0029850746267951,0.5940298507463554,0.5173128628391935,0,0.5657686453382091,0.4725305553098349,0.6918094404536296,0.6830357142856993,1,0.4725305553098349,5,1.5473059360145822,0.2362652776549525,4,0.3968638977602531,1.5473059360145822,6,0,0.0,0,2.521707179153499,0,6,6,5.539108176132036,0,16.0,12.0,2.401258214074559,11.0,0.2182962012795053,0.4694421203078125,0.1497890975982576,0.0,0.0,0.1266258350830552,2.0,0.1883945351235716,0.0,0.0,0.0,off,1.0,0,0,1,1,1,0,1,1,3,tp,13,807,811,807,823,805,2689.26,0.1357315659032107,1.0,1.0,1.0,2026-10-06 22:00:00+00:00,317
XRP|H4|bear|2026-07-24T04:00:00+00:00,XRP,H4,bear,2026-07-24T04:00:00+00:00,2026-07-24T12:00:00+00:00,2026-07-25T16:00:00+00:00,reaction,1.1061,1.1215,1.1138,1.1221874714881377,1.0970250570237243,0.0137494297627554,4,bear,False,,,2.182,0.0,,,,,,-1.0,-1.0,True,1,1,1,1,0,CRYPTO,0,,0,prod,1,1,1,1,1,1.1200464503419278,0.1688311688311662,0.3376623376623324,0.4935064935065014,1.1200464503419278,1,0.6100232251709703,0.7273028898324281,0.952766785680488,0.7633587786259484,1,0.9309476989855175,3,1.5346090975464304,0.0581842311866039,2,0.6909377453408106,0.4000165894078394,5,0,0.0,0,2.52374102771852,0,4,6,4.65473849492754,0,9.0,7.0,1.5346090975464304,6.0,0.255768182924405,0.7782140921207085,0.152733606864809,1.0,0.0,0.5018389939843843,2.0,0.5527501962726485,0.0,0.0,0.0,off,5.0,0,0,1,1,1,1,0,1,3,tp,4,352,354,352,361,349,1.1006,0.7530500528046138,1.0,1.0,,2026-07-25 16:00:00+00:00,79
SUI|M5|bear|2026-10-06T21:30:00+00:00,SUI,M5,bear,2026-10-06T21:30:00+00:00,2026-10-06T21:50:00+00:00,2026-10-06T22:00:00+00:00,reaction,1.1841,1.186,1.1841,1.186129510078319,1.180040979843362,0.0025902015663783,4,bear,False,,,2.562,0.345,closed,2.0,tp,m15,2026-10-06T22:00:00+00:00,1.0,1.0,False,1,1,1,1,0,CRYPTO,0,,0,prod,1,1,1,1,1,0.7335336464399705,1.0,0.0,0.0,0.7335336464399705,0,0.7835336464399882,0.7335336464399705,1.1196039866714889,0.6551724137931298,1,0.7335336464399705,4,0.849354748509426,0.0386070340231518,4,0.8107477144862743,0.9265688165557298,6,1,0.0772140680463036,0,2.818313483690341,0,10,16,3.976524504385067,0,6.0,2.0,2.0075657692040667,2.0,1.0037828846020334,1.6214954289725485,0.5791055103473632,1.0,1.0,-0.4246773742547559,1.0,0.9265688165557298,0.0,0.0,0.0,off,1.0,0,0,1,1,1,0,1,1,3,tp,3,864,868,865,870,862,1.1817,0.1713968480972025,1.0,1.0,1.0,2026-10-06 22:00:00+00:00,315
USDCHF|H1|bear|2026-09-09T09:00:00+00:00,USDCHF,H1,bear,2026-09-09T09:00:00+00:00,2026-09-09T11:00:00+00:00,2026-09-09T15:00:00+00:00,echec,0.8094000220298767,0.8104000091552734,0.8096100091934204,0.810451509484223,0.8079270086118153,0.0010300065789903,4,range,False,London,NY,2.84,1.652,closed,-1.0,sl,h1,2026-09-09T15:00:00+00:00,-1.0,1.0,False,1,0,1,1,1,FOREX,0,,0,prod,1,1,1,1,1,0.9708550855829602,0.6799785420516183,0.2099898670799308,0.1100315908684508,0.9708550855829602,0,0.8169853552075164,0.9320255116170446,1.5825221449268172,0.5889494277251618,1,1.5242488498691764,2,2.592264672693228,0.0485514345117782,2,0.0291077134200529,1.59224400547268,5,1,0.2621430254330816,0,2.932008977840606,0,3,11,2.56309909105564,0,6.0,4.0,2.6116505255674185,2.0,1.3058252627837093,3.669886619628072,2.669865952407524,1.0,1.0,-0.1262105824436094,1.0,1.7475623013363424,0.0,0.0,0.0,NY,2.0,1,0,1,0,0,1,1,1,3,sl,0,365,367,366,371,362,0.8077600002288818,0.1039389682991807,0.0,0.0,0.0,2026-09-09 15:00:00+00:00,107
XAGUSD|W|bull|2024-04-29T04:00:00+00:00,XAGUSD,W,bull,2024-04-29T04:00:00+00:00,2024-05-13T04:00:00+00:00,2024-08-05T04:00:00+00:00,reaction,26.03499984741211,27.440000534057617,27.200000762939453,25.959901907680017,29.68019847345833,1.5019587946418815,4,bull,False,,,2.222,0.407,,,,,,,-1.0,False,1,1,1,1,0,METAUX,0,,0,prod,1,1,1,1,1,0.9354455605957608,0.5373670456473782,0.1708182589512981,0.2918146954013236,0.9354455605957608,0,0.8256543785910707,0.8821805633534344,1.0952354726930196,0.8054711387171243,1,1.9887372607845653,2,3.368933611223909,0.3961488926840769,2,0.8269205415386378,1.5746102886145164,5,0,0.0,0,3.708490349199159,0,2,2,5.2464828570707205,0,14.0,12.0,3.368933611223909,11.0,0.3062666919294462,1.241711675294557,0.4514114543137333,1.0,0.0,1.757704271959008,0.0,0.5366324021236235,0.0,0.0,0.0,off,0.0,1,1,1,1,1,1,1,1,0,tp,2,672,674,672,686,669,29.80500030517578,4.559186839983828,1.0,1.0,,2024-08-05 04:00:00+00:00,15
LINK|M5|bull|2026-10-06T14:25:00+00:00,LINK,M5,bull,2026-10-06T14:25:00+00:00,2026-10-06T14:40:00+00:00,2026-10-06T15:55:00+00:00,echec,13.937,13.975,13.956,13.935186545189827,13.997626909620344,0.0362690962034316,4,bear,False,NY,,1.634,1.009,closed,-1.0,sl,m15,2026-10-06T16:00:00+00:00,1.0,1.0,True,1,0,1,1,1,CRYPTO,0,,0,prod,1,1,1,1,1,1.047723929674456,0.3157894736841736,0.3157894736842204,0.368421052631606,1.047723929674456,1,0.5738619648372405,1.351012435632828,1.902446082829944,0.7101449275362158,1,1.351012435632828,3,2.2884496358678805,0.4687186001175507,3,0.4411469177576631,1.571585894511684,5,0,0.0,0,3.336173565542337,0,4,8,3.3913169302620627,0,18.0,15.0,4.10818067161826,9.0,0.4564645190686955,1.3785841179927156,1.1580106591138597,1.0,0.0,1.571585894511684,4.0,0.3308601883182596,0.0,0.0,0.0,off,1.0,1,1,1,1,1,1,1,1,0,sl,1,779,782,779,797,777,14.032,0.1491362482815431,0.0,0.0,0.0,2026-10-06 15:55:00+00:00,310
XRP|M15|bull|2026-10-06T07:15:00+00:00,XRP,M15,bull,2026-10-06T07:15:00+00:00,2026-10-06T09:00:00+00:00,2026-10-06T09:15:00+00:00,reaction,1.4954,1.4981,1.4973,1.495224230338235,1.50145153932353,0.0035153932353004,4,range,False,London,London,6.504,0.53,closed,2.0,tp,m15,2026-10-06T09:15:00+00:00,-1.0,1.0,False,1,0,1,1,1,CRYPTO,0,,0,prod,1,1,1,1,1,0.7680506331090805,0.666666666666694,0.2962962962962719,0.0370370370370339,0.7680506331090805,0,0.5904800751508529,1.19474542928082,1.3654233477494904,0.8750000000000115,1,1.19474542928082,5,2.361044538816861,0.4835874356612963,7,0.1137852789791136,2.361044538816861,4,3,0.0,1,1.9627960623899003,1,5,13,5.347908112018975,0,8.0,1.0,2.503276137540753,1.0,2.503276137540753,4.153162682738091,1.9912423821346787,1.0,1.0,-0.8533895923434157,0.0,2.474829817795975,0.0,0.0,0.0,London,1.0,1,1,1,1,1,1,1,1,0,tp,1,764,771,767,772,767,1.5064,0.1386341856518424,1.0,1.0,1.0,2026-10-06 09:15:00+00:00,296
COPPER|M5|bull|2026-10-07T23:55:00+00:00,COPPER,M5,bull,2026-10-07T23:55:00+00:00,2026-10-08T00:00:00+00:00,2026-10-08T00:35:00+00:00,reaction,6.640500068664551,6.644999980926514,6.642750024795532,6.640333536141871,6.647583002102856,0.0033306504536111,4,bull,False,,,3.621,0.0,pending,,,h1,,1.0,1.0,True,1,1,1,1,0,METAUX,0,,0,prod,1,1,1,1,1,1.3510610989165934,0.1111582070573275,0.4444208964713362,0.4444208964713362,1.3510610989165934,1,0.7255305494582154,4.353546355510723,4.503584718514282,0.9666846806752074,1,4.353546355510723,1,6.004827346811347,1.8014625206810952,1,2.552083834829628,1.050841206532563,5,0,0.0,0,4.953986140278784,0,8,14,3.0023420902172178,0,8.0,7.0,6.004827346811347,6.0,1.0008045578018911,2.1018255794420377,1.9516440500615664,1.0,1.0,1.9515008836846544,0.0,1.8014625206810952,0.0,0.0,0.0,off,3.0,1,1,1,1,1,0,0,1,2,open,0,1154,1155,1154,1162,1150,6.648499965667725,0.036377835153237,,1.0,,2026-10-08 00:35:00+00:00,353
EURUSD|H1|bull|2026-09-17T05:00:00+00:00,EURUSD,H1,bull,2026-09-17T05:00:00+00:00,2026-09-17T12:00:00+00:00,2026-09-17T08:00:00+00:00,reaction,1.1466574668884275,1.1470520496368408,1.1470520496368408,1.14660535400202,1.1479454409064824,0.0010422577281543,4,range,False,London,London,2.359,0.0,closed,1.4737,time,h1,2026-09-17T08:00:00+00:00,-1.0,-1.0,False,1,0,1,1,1,FOREX,0,,0,prod,1,1,1,1,1,0.3785846223580587,0.3335347432024169,0.0,0.6664652567975831,0.3785846223580587,0,0.4285846223580588,1.3901261329727628,1.6432402626641174,0.8459664508944108,1,1.3901261329727628,1,1.5169691378655383,0.2525422495971581,7,0.7600286451870997,1.5169691378655383,6,1,0.0,3,2.91052655140348,1,8,8,8.379873396279615,0,,,,,,,,,,,,,,,,,,1,1,1,1,1,0,1,1,1,tp,1,501,508,502,504,502,1.1486331224441528,0.0389429263442952,1.0,1.0,1.0,2026-09-17 08:00:00+00:00,123
BTC|M15|bull|2026-10-04T14:30:00+00:00,BTC,M15,bull,2026-10-04T14:30:00+00:00,2026-10-04T15:00:00+00:00,2026-10-04T16:00:00+00:00,reaction,85126.85,85198.83,85187.78,85122.15822580115,85319.0235483977,93.83548397726928,4,bear,False,NY,,2.401,0.142,closed,2.0,tp,m15,2026-10-04T16:00:00+00:00,1.0,1.0,True,1,0,1,1,1,CRYPTO,0,,0,prod,1,1,1,1,1,0.7670872142294526,0.8464851347596063,0.1535148652403936,0.0,0.7670872142294526,0,0.699327923909333,1.6154869520012034,1.9821925791426265,0.8149999999999812,1,1.6154869520012034,2,2.8898449553016268,0.4669875205269618,2,0.2791055034825269,1.3063288513511109,6,1,0.3500807861550904,0,2.9057238098335243,0,7,8,3.5255319840427357,1,6.0,4.0,2.8898449553016268,3.0,0.9632816517672088,1.2448382536002451,0.3739523526996596,0.0,0.0,0.976069990987608,1.0,0.6093643638460298,0.0,0.0,0.0,off,6.0,1,1,1,1,0,0,1,1,2,tp,2,601,603,602,607,597,85321.41,0.0770319102092473,1.0,1.0,1.0,2026-10-04 16:00:00+00:00,252
SUI|H1|bull|2026-09-19T07:00:00+00:00,SUI,H1,bull,2026-09-19T07:00:00+00:00,2026-09-19T09:00:00+00:00,2026-09-20T02:00:00+00:00,reaction,0.807,0.8192,0.8163,0.8063834022519093,0.8361331954961815,0.0123319549618149,4,range,True,London,,5.264,0.0,closed,1.0185,time,h1,2026-09-20T03:00:00+00:00,1.0,1.0,True,1,0,1,1,1,CRYPTO,0,,0,prod,1,1,1,1,1,0.9892997531840172,0.622950819672136,0.2377049180327882,0.1393442622950758,0.9892997531840172,0,0.8041383364435531,1.2731152561466503,1.5488217447389143,0.8219895287958138,1,1.2731152561466503,4,3.0976434894778286,0.4297777616291203,2,0.2270524023701045,1.200134126813393,5,0,0.0,0,2.4245952967378748,0,9,14,4.281559587550502,1,19.0,17.0,5.514129771845344,7.0,0.7877328245493348,4.216687472587623,3.267932791255405,1.0,1.0,0.2919245173329928,1.0,3.3084778631072043,0.0,0.0,0.0,off,6.0,1,1,1,1,1,0,1,1,1,tp,12,404,406,404,423,401,0.834,1.214822705879055,1.0,1.0,1.0,2026-09-20 02:00:00+00:00,133
BTC|H4|bear|2026-07-24T04:00:00+00:00,BTC,H4,bear,2026-07-24T04:00:00+00:00,2026-07-24T12:00:00+00:00,2026-07-26T20:00:00+00:00,reaction,65248.0,65808.59,65456.7,65840.74907186141,64688.60185627717,643.1814372282163,4,bear,False,,,2.149,0.313,,,,,,-1.0,-1.0,True,1,1,1,1,0,CRYPTO,0,,0,prod,1,1,1,1,1,0.8715892088177378,0.0771508589164991,0.3722863411762578,0.550562799907243,0.8715892088177378,0,0.5971084512582825,0.6475777687163168,1.012202719664308,0.6397708246931828,1,1.5385549748832017,2,2.344983721078437,0.17725946894756,2,0.8646860245170074,0.9297532008651784,5,0,0.0,0,3.216572929896175,0,8,12,3.5855356926007125,0,16.0,14.0,2.344983721078437,14.0,0.1674988372198884,1.4699273723979365,1.0952896946713937,1.0,0.0,0.5061091336883444,0.0,0.8589800140702288,0.0,0.0,0.0,off,6.0,1,0,1,1,1,0,0,1,3,tp,4,352,354,352,368,349,64650.0,0.5867223246228674,1.0,1.0,,2026-07-26 20:00:00+00:00,80
XRP|M15|bear|2026-10-03T06:45:00+00:00,XRP,M15,bear,2026-10-03T06:45:00+00:00,2026-10-03T07:15:00+00:00,2026-10-03T08:15:00+00:00,reaction,1.485,1.4871,1.4859,1.4872350276481008,1.4832299447037984,0.002700552962013,4,range,False,London,London,3.446,0.0,closed,2.0,tp,m15,2026-10-03T09:00:00+00:00,-1.0,1.0,False,1,0,1,1,1,CRYPTO,0,,0,prod,1,1,1,1,1,0.777618520924921,0.0476190476190425,0.4285714285713832,0.5238095238095741,0.777618520924921,0,0.4943534405285772,0.8146479743022943,0.8146479743022943,1.0,1,0.8146479743022943,3,1.9625610290010305,0.1481178135095753,2,0.1110883601321198,0.4813828939059348,4,0,0.0,0,1.4811781350950957,0,8,14,3.591856977605619,0,6.0,4.0,2.036619935755777,2.0,1.0183099678778884,1.407119228340349,0.629500707415428,0.0,0.0,0.2962356270189862,2.0,0.2962356270190684,0.0,0.0,0.0,London,5.0,0,0,1,1,1,0,0,1,4,tp,1,474,476,474,480,472,1.4837,0.0898463993607096,1.0,1.0,1.0,2026-10-03 08:15:00+00:00,247
BTC|M15|bear|2026-10-03T20:15:00+00:00,BTC,M15,bear,2026-10-03T20:15:00+00:00,2026-10-03T21:00:00+00:00,2026-10-04T03:30:00+00:00,reaction,84881.79,84915.65,84887.68,84919.66935217832,84823.70129564335,80.38704356635682,4,bear,False,,,2.853,0.073,closed,2.0,tp,m15,2026-10-04T03:30:00+00:00,1.0,1.0,False,1,1,1,1,0,CRYPTO,0,,0,prod,1,1,1,1,1,0.4212121568079597,0.0434140578854441,0.1739515652687335,0.7826343768458224,0.4212121568079597,0,0.3979416428210495,0.381902339456672,0.381902339456672,1.0,1,1.3523323557765865,3,4.027887898784532,0.2900965001995944,3,0.1860996416376156,2.261434081102037,5,0,0.0,0,4.449100055592491,0,3,6,4.200054946930625,0,29.0,26.0,4.027887898784532,26.0,0.1549187653378666,1.16424234364013,1.1015456729280986,1.0,0.0,-0.0447833362228278,0.0,1.0621114574205204,0.0,0.0,0.0,off,6.0,1,1,1,1,1,1,0,1,1,tp,2,528,531,528,557,526,84700.0,0.0376843284895091,1.0,1.0,1.0,2026-10-04 03:30:00+00:00,249
NZDJPY|H4|bull|2026-07-17T08:00:00+00:00,NZDJPY,H4,bull,2026-07-17T08:00:00+00:00,2026-07-20T00:00:00+00:00,2026-07-17T20:00:00+00:00,reaction,94.60199737548828,94.84400177001952,94.7229995727539,94.59110125230072,94.98679621366026,0.217922463750967,4,bull,False,,,3.086,0.0,,,,,,1.0,1.0,True,1,1,1,1,0,FOREX,0,,0,prod,1,1,1,1,1,1.110506876463194,0.4793190416141236,0.2066204287515763,0.3140605296343001,1.110506876463194,1,0.6052534382316034,1.35827034319491,1.6748978397501788,0.8109571288225581,1,1.35827034319491,1,0.8122244493677838,0.1697619118527751,5,0.142279317337529,1.0645741834644642,10,0,0.0,2,2.422879536333916,0,9,10,7.140153103433654,0,,,,,,,,,,,,,,,,,,1,0,1,1,1,0,1,1,2,tp,0,443,448,443,446,438,95.07599639892578,0.1392463509898328,1.0,1.0,,2026-07-17 20:00:00+00:00,75
ETH|M15|bull|2026-10-04T21:45:00+00:00,ETH,M15,bull,2026-10-04T21:45:00+00:00,2026-10-04T22:00:00+00:00,2026-10-05T04:15:00+00:00,reaction,2701.32,2708.19,2704.755,2701.0790232583317,2712.1069534833377,4.819534833378861,4,bull,False,,,3.048,0.0,closed,-1.0,sl,m15,2026-10-05T04:30:00+00:00,1.0,1.0,True,1,1,1,1,0,CRYPTO,0,,0,prod,1,1,1,1,1,1.4254487699559788,0.5181950509462091,0.3144104803493288,0.1673944687044621,1.4254487699559788,1,0.762724384977975,3.4795889188008906,3.572958925566624,0.9738675958188,1,3.4795889188008906,5,5.946631986453973,1.8694750243527272,1,1.8694750243527272,0.4232773640043946,4,0,0.0,0,3.8115711650788335,0,10,20,2.195232603513012,0,26.0,25.0,6.496477581851868,20.0,0.3248238790925933,2.2720034979647683,0.8839027307151205,1.0,1.0,3.099884224620486,6.0,1.016695629226279,0.0,0.0,0.0,off,0.0,1,1,1,1,1,0,1,1,1,sl,0,630,631,630,656,627,2710.23,0.1359079377492164,0.0,1.0,0.0,2026-10-05 04:15:00+00:00,265
LTC|M5|bear|2026-10-06T17:05:00+00:00,LTC,M5,bear,2026-10-06T17:05:00+00:00,2026-10-06T17:45:00+00:00,2026-10-06T17:20:00+00:00,reaction,69.51,69.59,69.53,69.5980859663198,69.3938280673604,0.1617193263958251,4,bear,False,,,2.203,0.0,closed,2.0,tp,m15,2026-10-06T17:30:00+00:00,1.0,1.0,False,1,1,1,1,0,CRYPTO,0,,0,prod,1,1,1,1,1,0.4946842271911883,0.2499999999999556,0.2499999999999556,0.5000000000000888,0.4946842271911883,0,0.4210131703934485,1.1748750395790832,1.2367105679780148,0.9499999999999752,1,1.1748750395790832,1,0.9893684543824646,0.3091776419945696,8,1.1748750395790832,0.9893684543824646,7,1,0.0,2,2.6589277211526485,1,7,7,4.266651459524164,0,,,,,,,,,,,,,,,,,,1,1,1,1,1,0,0,1,2,tp,2,811,819,812,814,812,69.35,0.0979231501794897,1.0,1.0,1.0,2026-10-06 17:20:00+00:00,312
BTC|H4|bull|2026-08-05T08:00:00+00:00,BTC,H4,bull,2026-08-05T08:00:00+00:00,2026-08-05T16:00:00+00:00,2026-08-06T12:00:00+00:00,reaction,64020.0,64280.0,64164.0,63991.07013827053,64509.85972345894,578.597234589444,4,bull,False,,,4.761,0.0,,,,,,1.0,1.0,True,1,1,1,1,0,CRYPTO,0,,0,prod,1,1,1,1,1,0.449362673128724,0.3412307692307737,0.4461538461538462,0.2126153846153801,0.449362673128724,0,0.2988777881943661,0.5404968798751819,1.4932667291662214,0.3619560185185222,1,0.7816663699074099,2,1.2879771202653394,0.1866583411457776,2,0.5031479284662771,0.4651940657666497,5,1,0.2419645163000821,0,1.825414877327292,0,8,8,3.88726365343924,0,7.0,5.0,1.2879771202653394,4.0,0.3219942800663348,1.4090285111343248,0.0169202329612715,0.0,0.0,0.0745596373799083,1.0,0.5912402955792447,0.0,0.0,0.0,off,3.0,0,0,1,1,0,0,1,1,4,sl,0,425,427,426,432,422,64549.16,0.2695122837252506,0.0,1.0,,2026-08-06 12:00:00+00:00,84
XAGUSD|W|bear|2022-08-08T04:00:00+00:00,XAGUSD,W,bear,2022-08-08T04:00:00+00:00,2022-08-29T04:00:00+00:00,2022-10-03T04:00:00+00:00,echec,20.326000213623047,20.71999931335449,20.59199905395508,20.778643555789014,20.218710050287207,1.1728848486904435,4,bear,False,,,2.475,2.802,,,,,,,,,1,1,1,1,0,METAUX,0,,0,prod,1,1,1,1,1,0.3359230875659751,0.215739050874042,0.675125502858609,0.1091354462673489,0.3359230875659751,0,0.159132844151179,1.0171492004866571,1.0171492004866571,1.0,1,1.0171492004866571,3,2.562911885301533,0.8705031099917768,3,0.1909828838152659,1.9831445654874704,7,0,0.0,0,2.898834972867508,0,2,3,6.940152222732657,0,8.0,5.0,2.562911885301533,5.0,0.5125823770603066,0.8398101582191477,0.0187566231718503,1.0,0.0,0.2574831951874246,1.0,1.164650673657833,0.0,0.0,0.0,off,0.0,1,1,1,1,1,1,0,1,1,sl,0,582,585,582,590,578,18.0,0.9063933100661588,0.0,0.0,,2022-10-03 04:00:00+00:00,2
EURUSD|H1|bear|2026-09-14T11:00:00+00:00,EURUSD,H1,bear,2026-09-14T11:00:00+00:00,2026-09-14T12:00:00+00:00,2026-09-14T14:00:00+00:00,echec,1.154334545135498,1.1552680730819702,1.154334545135498,1.1553170489327786,1.1523695375409369,0.0009795170161671,4,bear,False,,NY,1.625,2.446,closed,0.2712,time,h1,2026-09-14T14:00:00+00:00,-1.0,1.0,False,1,1,1,1,0,FOREX,0,,0,prod,1,1,1,1,1,0.9530492386187496,0.8569786744987868,0.0,0.1430213255012131,0.9530492386187496,0,1.003049238618826,1.6323904274796688,2.1770073784206603,0.74983228980322,1,1.6323904274796688,2,1.630199789464711,0.2720042201906404,1,0.2717608159667561,0.5438867382693388,4,1,0.2724910286384089,0,2.1770073784206603,0,4,4,8.211363194846845,0,3.0,2.0,1.630199789464711,1.0,1.630199789464711,1.9023257117672927,1.2224977144586051,1.0,1.0,-1.494501934649246,0.0,1.494501934649246,0.0,0.0,0.0,NY,0.0,1,1,1,1,0,1,1,1,1,sl,2,435,436,436,438,432,1.1538017988204956,0.0851143025582129,0.0,0.0,1.0,2026-09-14 14:00:00+00:00,115
XPTUSD|M5|bull|2026-10-06T23:40:00+00:00,XPTUSD,M5,bull,2026-10-06T23:40:00+00:00,2026-10-07T00:15:00+00:00,2026-10-07T00:00:00+00:00,echec,1717.800048828125,1717.9000244140625,1717.9000244140625,1717.7330413439058,1718.233990554376,1.3401496843840413,4,bull,False,,,10.18,4.192,closed,-1.0,sl,m15,2026-10-07T00:00:00+00:00,-1.0,-1.0,False,1,1,1,1,0,METAUX,0,,0,prod,1,1,1,1,1,0.0746003130116399,1.0,0.0,0.0,0.0746003130116399,0,0.1246003130116199,0.1492917130965542,0.5969846782396684,0.2500762892889838,1,0.1492917130965542,1,0.5968935911663941,0.5968935911663941,6,0.8207856172745883,1.0446776433827825,8,4,0.4477840522163884,0,3.880218234411296,0,3,6,3.581725895291462,0,,,,,,,,,,,,,,,,,,0,1,1,1,0,1,1,0,3,sl,0,877,883,881,881,875,1719.300048828125,0.009720185562814,0.0,0.0,0.0,2026-10-07 00:00:00+00:00,319
BTC|M15|bull|2026-10-04T03:15:00+00:00,BTC,M15,bull,2026-10-04T03:15:00+00:00,2026-10-04T05:30:00+00:00,2026-10-04T04:00:00+00:00,reaction,84796.41,84825.48,84812.35,84794.23175606132,84848.58648787739,43.56487877381059,4,bull,False,,,3.325,0.234,closed,-0.0226,time,m15,2026-10-04T04:00:00+00:00,1.0,1.0,True,1,1,1,1,0,CRYPTO,0,,0,prod,1,1,1,1,1,0.6672806356451546,0.5483316133473161,0.4516683866526839,0.0,0.6672806356451546,0,0.4158910674986711,2.0326006290469816,2.1482901510163037,0.9461480927450178,1,2.0326006290469816,1,1.4810095153711489,0.3532662188710427,9,0.7728702787126603,1.4810095153711489,8,1,0.0,3,2.921389972431164,1,9,17,3.877664870297924,0,,,,,,,,,,,,,,,,,,1,1,1,1,1,0,1,1,1,tp,5,556,565,557,559,557,84890.0,0.02136274249999,1.0,1.0,0.0,2026-10-04 04:00:00+00:00,250
ETH|M5|bull|2026-10-06T12:30:00+00:00,ETH,M5,bull,2026-10-06T12:30:00+00:00,2026-10-06T12:50:00+00:00,2026-10-06T13:15:00+00:00,reaction,2707.17,2709.85,2709.3,2707.0254219859985,2713.849156028004,2.8915602800336693,4,bear,False,NY,NY,2.053,0.0,closed,2.0,tp,m15,2026-10-06T13:30:00+00:00,1.0,1.0,True,1,0,1,1,1,CRYPTO,0,,0,prod,1,1,1,1,1,0.9268352517169832,0.1604477611941482,0.2052238805969256,0.6343283582089261,0.9268352517169832,0,0.7866265246855602,1.6427117334537087,1.829462119993697,0.89792060491494,1,1.6427117334537087,2,2.009295825550728,1.286502662831203,4,0.1487086411338048,2.196046212090716,8,0,0.0,1,3.914841436356948,0,1,2,3.7038826663766895,0,9.0,5.0,2.988006184639965,5.0,0.597601236927993,1.3003360247971163,0.186750386539988,1.0,0.0,1.1896691290696522,0.0,0.8438350799215029,0.0,0.0,0.0,NY,1.0,1,1,1,1,1,1,0,1,1,tp,0,756,760,756,765,752,2716.2,0.0839544536965891,1.0,1.0,1.0,2026-10-06 13:15:00+00:00,301
SOL|H4|bear|2026-08-13T20:00:00+00:00,SOL,H4,bear,2026-08-13T20:00:00+00:00,2026-08-14T16:00:00+00:00,2026-08-17T12:00:00+00:00,reaction,76.12,76.45,76.2,76.48964621364993,75.62070757270014,0.7929242729986179,4,bear,False,,,3.176,0.069,,,,,,1.0,-1.0,False,1,1,1,1,0,CRYPTO,0,,0,prod,1,1,1,1,1,0.4161809787358767,0.2424242424242385,0.2424242424242385,0.515151515151523,0.4161809787358767,0,0.3652886202544537,0.6558003301292586,0.7314695989903304,0.8965517241379268,1,0.6558003301292586,3,0.9584774055735455,0.100892358481423,5,0.100892358481423,1.286377570638184,6,0,0.0,1,2.2196318865913605,0,8,17,3.405117098748103,0,22.0,17.0,2.5475320516559985,4.0,0.6368830129139996,1.185485212156743,0.5170733372172998,1.0,0.0,1.3872699291195891,0.0,0.5170733372173176,0.0,0.0,0.0,off,0.0,0,0,1,1,1,0,0,1,4,tp,3,476,481,476,498,475,75.1,0.3801131412728752,1.0,1.0,,2026-08-17 12:00:00+00:00,86
BTC|M5|bear|2026-10-06T22:45:00+00:00,BTC,M5,bear,2026-10-06T22:45:00+00:00,2026-10-06T23:30:00+00:00,2026-10-06T23:40:00+00:00,echec,85552.0,85585.07,85552.01,85587.69832966571,85480.63334066856,52.56659331405969,4,bear,False,,,1.37,1.569,closed,-1.0,sl,m15,2026-10-06T23:45:00+00:00,1.0,1.0,False,1,1,1,1,0,CRYPTO,0,,0,prod,1,1,1,1,1,0.6291067751419596,0.999697611128069,0.000302388871931,0.0,0.6291067751419596,0,0.6789165402539515,0.6294872449183552,0.6294872449183552,1.0,1,0.6294872449183552,6,0.4516176244895755,0.0001902348880593,9,1.5603065526799529,1.56658430398951,12,0,0.0,1,4.533297384829124,0,6,16,3.564240864547113,0,11.0,2.0,3.9041906096871646,2.0,1.9520953048435823,1.374447066948805,1.374447066948805,1.0,0.0,-0.5396963777070062,1.0,0.9300583682093602,0.0,0.0,0.0,off,1.0,0,0,1,1,1,0,1,1,3,sl,1,879,888,879,890,876,85469.65,0.0417153608263767,0.0,0.0,0.0,2026-10-06 23:40:00+00:00,318
